customer_id,nickname,gender,age_group,is_minor,home_branch_id,home_branch,joined_date,joined_month,phone,phone_shared,is_active,first_purchase_date,n_orders,total_spend
C00001,กมล,หญิง,18-24,False,B02,สีลม,2026-03-03,2026-03,082-xxx-6693,False,True,2026-03-19,3,344
C00002,กิตติ,ชาย,25-34,False,B04,บางนา,2026-01-18,2026-01,084-xxx-3734,False,True,2026-02-17,5,504
C00003,ปิยะ,หญิง,18-24,False,B04,บางนา,2025-05-04,2025-05,089-xxx-9286,False,True,2025-05-04,11,1178
C00004,ปิยะ,หญิง,18-24,False,B05,มหาวิทยาลัย,2026-05-05,2026-05,083-xxx-7314,False,False,,0,0
C00005,รัตนา,หญิง,25-34,False,B04,บางนา,2026-07-10,2026-07,083-xxx-5701,False,True,2026-07-31,3,800
C00006,กมล,ชาย,18-24,False,B04,บางนา,2026-08-16,2026-08,086-xxx-1895,False,False,,0,0
C00007,วรรณ,ชาย,45-54,False,B03,อารีย์,2026-07-17,2026-07,087-xxx-3147,False,True,2026-07-20,5,560
C00008,ภัทร,หญิง,25-34,False,B01,สยาม,2026-04-07,2026-04,087-xxx-9877,False,True,2026-04-29,2,255
C00009,ภัทร,ชาย,18-24,False,B04,บางนา,2026-01-10,2026-01,089-xxx-7309,False,False,,0,0
C00010,อัญชลี,หญิง,18-24,False,B04,บางนา,2026-06-15,2026-06,089-xxx-9676,False,True,2026-07-15,4,245
C00011,ธีร,ไม่ระบุ,25-34,False,B05,มหาวิทยาลัย,2025-07-27,2025-07,088-xxx-7647,True,True,2025-08-05,3,255
C00012,วีระ,ชาย,25-34,False,B04,บางนา,2025-06-28,2025-06,083-xxx-2997,False,True,2025-06-29,13,2155
C00013,อัญชลี,ชาย,ต่ำกว่า 18,True,B03,อารีย์,2025-12-02,2025-12,088-xxx-1723,False,True,2025-12-10,12,1420
C00014,เกศ,ชาย,18-24,False,B03,อารีย์,2026-04-16,2026-04,081-xxx-5807,False,True,2026-05-11,2,170
C00015,มานพ,หญิง,25-34,False,B03,อารีย์,2026-06-26,2026-06,087-xxx-7840,False,True,2026-07-08,2,120
C00016,วีระ,ชาย,18-24,False,B05,มหาวิทยาลัย,2026-08-11,2026-08,083-xxx-4615,False,False,,0,0
C00017,จิรา,หญิง,25-34,False,B04,บางนา,2026-04-05,2026-04,086-xxx-9108,False,True,2026-05-16,4,1040
C00018,วรรณ,หญิง,35-44,False,B03,อารีย์,2026-02-11,2026-02,086-xxx-8878,False,True,2026-03-05,4,389
C00019,ธนา,หญิง,35-44,False,B02,สีลม,2025-06-05,2025-06,082-xxx-6406,False,True,2025-07-27,2,273
C00020,ภัทร,หญิง,25-34,False,B04,บางนา,2025-07-03,2025-07,086-xxx-6190,False,True,2025-07-03,7,750
C00021,พิม,หญิง,25-34,False,B03,อารีย์,2026-07-18,2026-07,085-xxx-9958,False,True,2026-07-19,2,407
C00022,กมล,หญิง,25-34,False,B01,สยาม,2026-02-14,2026-02,086-xxx-5211,False,True,2026-08-08,1,105
C00023,ภูมิ,ชาย,18-24,False,B02,สีลม,2026-01-11,2026-01,085-xxx-2922,False,True,2026-02-01,4,315
C00024,กมล,หญิง,55+,False,B01,สยาม,2026-08-07,2026-08,089-xxx-6850,False,True,2026-08-09,3,325
C00025,จิรา,หญิง,18-24,False,B01,สยาม,2025-05-29,2025-05,085-xxx-7180,False,True,2025-06-28,7,885
C00026,ธนา,หญิง,35-44,False,B05,มหาวิทยาลัย,2025-05-05,2025-05,089-xxx-5253,False,True,2025-05-05,9,1424
C00027,สมชาย,หญิง,18-24,False,B05,มหาวิทยาลัย,2025-10-08,2025-10,087-xxx-1735,False,True,2026-04-02,6,624
C00028,มานพ,ชาย,45-54,False,B01,สยาม,2026-04-29,2026-04,085-xxx-7097,False,True,2026-05-01,8,1069
C00029,สมชาย,หญิง,45-54,False,B01,สยาม,2026-05-01,2026-05,081-xxx-9016,False,False,,0,0
C00030,กิตติ,หญิง,25-34,False,B01,สยาม,2026-07-12,2026-07,085-xxx-9731,False,True,2026-07-12,2,194
C00031,อรุณ,หญิง,45-54,False,B01,สยาม,2026-08-08,2026-08,088-xxx-5939,False,False,,0,0
C00032,นภัส,ชาย,45-54,False,B05,มหาวิทยาลัย,2026-06-19,2026-06,082-xxx-1167,False,True,2026-07-28,1,179
C00033,ชนา,ชาย,25-34,False,B01,สยาม,2025-05-20,2025-05,085-xxx-5390,False,True,2025-05-24,9,978
C00034,สุดา,ชาย,18-24,False,B01,สยาม,2025-11-09,2025-11,083-xxx-7772,False,True,2026-02-03,10,1027
C00035,สุดา,หญิง,55+,False,B04,บางนา,2026-05-27,2026-05,081-xxx-8582,False,True,2026-08-01,1,65
C00036,นภัส,ชาย,35-44,False,B05,มหาวิทยาลัย,2026-09-04,2026-09,087-xxx-6083,False,False,,0,0
C00037,เกศ,ชาย,45-54,False,B05,มหาวิทยาลัย,2026-01-09,2026-01,085-xxx-8732,False,True,2026-01-30,3,654
C00038,ปิยะ,หญิง,ต่ำกว่า 18,True,B05,มหาวิทยาลัย,2026-08-07,2026-08,088-xxx-9435,False,True,2026-09-11,1,290
C00039,รัตนา,ชาย,35-44,False,B04,บางนา,2026-01-07,2026-01,085-xxx-8885,False,True,2026-01-28,4,415
C00040,พิม,หญิง,35-44,False,B04,บางนา,2025-06-20,2025-06,086-xxx-5032,False,True,2025-09-04,3,569
C00041,เกศ,ชาย,35-44,False,B05,มหาวิทยาลัย,2026-08-29,2026-08,088-xxx-9000,False,False,,0,0
C00042,กิตติ,หญิง,55+,False,B05,มหาวิทยาลัย,2026-03-10,2026-03,086-xxx-9818,False,True,2026-04-04,9,1318
C00043,พิม,หญิง,45-54,False,B01,สยาม,2026-04-15,2026-04,086-xxx-2416,False,False,,0,0
C00044,อัญชลี,ชาย,45-54,False,B04,บางนา,2025-09-21,2025-09,084-xxx-3462,False,True,2025-10-18,18,1963
C00045,อัญชลี,หญิง,25-34,False,B04,บางนา,2025-11-21,2025-11,083-xxx-8419,False,True,2025-11-28,7,1087
C00046,ภูมิ,หญิง,18-24,False,B05,มหาวิทยาลัย,2025-09-12,2025-09,082-xxx-8032,False,True,2025-10-21,1,350
C00047,ภูมิ,ชาย,25-34,False,B01,สยาม,2026-03-07,2026-03,083-xxx-6495,False,True,2026-03-15,4,315
C00048,จิรา,หญิง,ต่ำกว่า 18,True,B04,บางนา,2025-09-06,2025-09,081-xxx-3859,False,True,2025-09-13,25,3001
C00049,ศิริ,ชาย,25-34,False,B05,มหาวิทยาลัย,2026-05-30,2026-05,088-xxx-6959,False,True,2026-06-19,4,420
C00050,รัตนา,หญิง,25-34,False,B01,สยาม,2025-08-02,2025-08,089-xxx-3571,False,True,2025-08-04,9,1455
C00051,ทิพย์,ชาย,ต่ำกว่า 18,True,B01,สยาม,2025-06-23,2025-06,083-xxx-3815,False,True,2025-07-11,5,684
C00052,ทิพย์,หญิง,55+,False,B03,อารีย์,2026-06-17,2026-06,085-xxx-5917,False,True,2026-07-06,3,529
C00053,วีระ,หญิง,25-34,False,B05,มหาวิทยาลัย,2025-09-16,2025-09,085-xxx-7070,False,True,2025-11-13,8,1299
C00054,ภูมิ,หญิง,45-54,False,B05,มหาวิทยาลัย,2025-10-13,2025-10,085-xxx-5948,False,True,2026-02-20,3,834
C00055,ธนา,หญิง,25-34,False,B02,สีลม,2026-05-20,2026-05,088-xxx-4229,True,True,2026-06-07,3,353
C00056,ทิพย์,ชาย,25-34,False,B05,มหาวิทยาลัย,2025-12-22,2025-12,082-xxx-6000,False,True,2026-03-12,3,480
C00057,สุดา,ชาย,18-24,False,B05,มหาวิทยาลัย,2026-08-20,2026-08,089-xxx-5789,False,False,,0,0
C00058,สุดา,หญิง,35-44,False,B02,สีลม,2026-03-29,2026-03,083-xxx-5342,False,True,2026-06-13,2,155
C00059,จิรา,หญิง,18-24,False,B05,มหาวิทยาลัย,2025-12-30,2025-12,081-xxx-7432,False,True,2026-02-06,4,515
C00060,ธีร,ชาย,45-54,False,B01,สยาม,2025-08-20,2025-08,087-xxx-2039,False,True,2025-10-07,9,1195
C00061,พิม,หญิง,45-54,False,B02,สีลม,2025-12-23,2025-12,088-xxx-7564,False,True,2026-09-11,1,65
C00062,นภัส,หญิง,25-34,False,B04,บางนา,2025-04-17,2025-04,081-xxx-8719,False,True,2025-04-20,12,1293
C00063,วีระ,หญิง,35-44,False,B01,สยาม,2026-09-10,2026-09,086-xxx-4579,False,True,2026-09-20,1,120
C00064,อัญชลี,หญิง,18-24,False,B02,สีลม,2026-03-25,2026-03,083-xxx-8853,False,False,,0,0
C00065,มานพ,ชาย,25-34,False,B05,มหาวิทยาลัย,2025-05-04,2025-05,086-xxx-6165,False,True,2025-06-10,21,2570
C00066,กมล,ไม่ระบุ,35-44,False,B01,สยาม,2025-10-20,2025-10,086-xxx-6400,False,True,2025-10-29,7,1190
C00067,ธีร,หญิง,18-24,False,B04,บางนา,2025-07-19,2025-07,081-xxx-7615,False,True,2025-07-20,9,769
C00068,ปิยะ,หญิง,25-34,False,B05,มหาวิทยาลัย,2025-04-12,2025-04,088-xxx-5690,True,True,2025-05-04,6,529
C00069,ภัทร,ชาย,55+,False,B05,มหาวิทยาลัย,2026-07-12,2026-07,086-xxx-2816,False,True,2026-07-26,4,430
C00070,มานพ,หญิง,25-34,False,B05,มหาวิทยาลัย,2025-08-05,2025-08,083-xxx-6314,False,True,2025-08-06,5,280
C00071,นภัส,ชาย,18-24,False,B04,บางนา,2026-08-20,2026-08,081-xxx-3207,False,True,2026-08-24,2,324
C00072,ปิยะ,หญิง,25-34,False,B05,มหาวิทยาลัย,2025-07-31,2025-07,085-xxx-4658,False,True,2025-10-16,5,640
C00073,ชนา,ชาย,18-24,False,B01,สยาม,2025-11-14,2025-11,082-xxx-5547,False,True,2025-11-26,1,95
C00074,ธีร,ชาย,ต่ำกว่า 18,True,B03,อารีย์,2026-07-18,2026-07,086-xxx-9947,False,True,2026-07-31,2,149
C00075,วีระ,ชาย,55+,False,B05,มหาวิทยาลัย,2026-01-20,2026-01,086-xxx-4902,False,True,2026-03-05,8,725
C00076,มานพ,ชาย,25-34,False,B05,มหาวิทยาลัย,2025-05-24,2025-05,083-xxx-7583,True,False,,0,0
C00077,ปิยะ,หญิง,25-34,False,B03,อารีย์,2026-03-10,2026-03,085-xxx-6242,False,True,2026-05-08,1,85
C00078,ปิยะ,ชาย,ต่ำกว่า 18,True,B04,บางนา,2026-01-02,2026-01,087-xxx-7882,False,True,2026-02-21,8,1150
C00079,ธนา,หญิง,25-34,False,B03,อารีย์,2025-11-26,2025-11,087-xxx-4552,False,True,2025-11-28,9,1098
C00080,วีระ,หญิง,18-24,False,B02,สีลม,2026-06-16,2026-06,081-xxx-3674,False,True,2026-07-01,3,670
C00081,วรรณ,หญิง,18-24,False,B02,สีลม,2025-05-19,2025-05,087-xxx-8426,False,True,2025-07-11,9,985
C00082,ศิริ,ชาย,25-34,False,B01,สยาม,2026-05-16,2026-05,088-xxx-5789,False,True,2026-06-02,2,313
C00083,ณัฐ,หญิง,45-54,False,B02,สีลม,2025-11-09,2025-11,081-xxx-2032,False,False,,0,0
C00084,ทิพย์,หญิง,18-24,False,B01,สยาม,2025-10-20,2025-10,082-xxx-3704,False,True,2025-11-02,6,945
C00085,ปิยะ,หญิง,25-34,False,B01,สยาม,2025-07-13,2025-07,086-xxx-1237,False,False,,0,0
C00086,สมชาย,ชาย,25-34,False,B01,สยาม,2026-08-07,2026-08,089-xxx-8145,False,False,,0,0
C00087,กมล,หญิง,25-34,False,B02,สีลม,2026-07-01,2026-07,085-xxx-9483,False,True,2026-08-19,1,150
C00088,ทิพย์,ชาย,45-54,False,B03,อารีย์,2026-07-08,2026-07,085-xxx-2974,False,True,2026-07-16,2,279
C00089,ภัทร,ชาย,18-24,False,B03,อารีย์,2026-05-23,2026-05,081-xxx-3858,False,True,2026-06-02,2,160
C00090,ธีร,ชาย,25-34,False,B01,สยาม,2025-05-15,2025-05,084-xxx-1308,False,True,2025-05-17,18,2088
C00091,มานพ,ชาย,45-54,False,B05,มหาวิทยาลัย,2026-06-17,2026-06,081-xxx-4431,False,True,2026-06-18,8,963
C00092,ศิริ,หญิง,25-34,False,B04,บางนา,2026-08-02,2026-08,085-xxx-9616,False,False,,0,0
C00093,มานพ,ชาย,25-34,False,B04,บางนา,2025-09-14,2025-09,087-xxx-3713,False,True,2025-10-01,9,1154
C00094,วรรณ,ชาย,18-24,False,B01,สยาม,2026-07-25,2026-07,084-xxx-6598,False,True,2026-07-31,3,380
C00095,กมล,ชาย,25-34,False,B04,บางนา,2026-07-25,2026-07,087-xxx-3532,False,True,2026-08-24,1,144
C00096,รัตนา,ชาย,25-34,False,B04,บางนา,2026-06-10,2026-06,088-xxx-7401,False,True,2026-06-28,5,629
C00097,ทิพย์,หญิง,25-34,False,B02,สีลม,2025-04-08,2025-04,082-xxx-8465,False,True,2025-04-20,14,1861
C00098,จิรา,ชาย,25-34,False,B04,บางนา,2026-04-29,2026-04,085-xxx-7518,False,True,2026-05-21,2,310
C00099,สมชาย,หญิง,18-24,False,B01,สยาม,2026-07-08,2026-07,085-xxx-4491,False,True,2026-09-09,1,160
C00100,มานพ,ชาย,25-34,False,B03,อารีย์,2025-12-17,2025-12,082-xxx-7695,False,True,2025-12-20,14,1948
C00101,ทิพย์,ชาย,25-34,False,B02,สีลม,2025-08-01,2025-08,086-xxx-5318,False,True,2025-10-17,7,719
C00102,อัญชลี,หญิง,55+,False,B03,อารีย์,2026-04-09,2026-04,088-xxx-8678,False,True,2026-04-14,1,75
C00103,ชนา,ชาย,45-54,False,B03,อารีย์,2026-08-11,2026-08,087-xxx-4136,False,True,2026-08-31,4,275
C00104,อัญชลี,หญิง,25-34,False,B02,สีลม,2025-06-15,2025-06,086-xxx-8428,False,True,2025-06-15,17,2009
C00105,นภัส,ชาย,45-54,False,B01,สยาม,2025-11-13,2025-11,089-xxx-6997,False,True,2025-11-15,13,1918
C00106,สมชาย,หญิง,25-34,False,B02,สีลม,2025-08-12,2025-08,087-xxx-1821,False,True,2025-08-21,11,1838
C00107,ภูมิ,ชาย,18-24,False,B04,บางนา,2026-08-22,2026-08,082-xxx-3026,False,False,,0,0
C00108,อัญชลี,ชาย,25-34,False,B04,บางนา,2026-03-03,2026-03,081-xxx-6724,False,False,,0,0
C00109,รัตนา,ชาย,25-34,False,B03,อารีย์,2026-02-15,2026-02,081-xxx-4590,False,True,2026-02-26,5,608
C00110,ปิยะ,หญิง,18-24,False,B02,สีลม,2026-05-18,2026-05,085-xxx-7958,False,True,2026-05-20,2,275
C00111,ทิพย์,ชาย,35-44,False,B05,มหาวิทยาลัย,2026-03-18,2026-03,083-xxx-2962,False,False,,0,0
C00112,มานพ,หญิง,25-34,False,B01,สยาม,2025-09-24,2025-09,088-xxx-7917,False,True,2025-10-13,14,2143
C00113,นภัส,ชาย,55+,False,B04,บางนา,2026-06-16,2026-06,084-xxx-3165,False,True,2026-06-16,2,235
C00114,ธีร,หญิง,35-44,False,B02,สีลม,2025-06-21,2025-06,085-xxx-4509,False,True,2025-07-11,24,3314
C00115,อรุณ,หญิง,55+,False,B01,สยาม,2025-10-20,2025-10,083-xxx-6525,False,True,2025-10-31,11,1415
C00116,ภูมิ,หญิง,25-34,False,B02,สีลม,2026-09-02,2026-09,082-xxx-7093,False,False,,0,0
C00117,ชนา,หญิง,25-34,False,B04,บางนา,2026-07-11,2026-07,084-xxx-9527,False,False,,0,0
C00118,ธนา,หญิง,55+,False,B05,มหาวิทยาลัย,2025-07-17,2025-07,082-xxx-8152,False,True,2025-07-20,8,1010
C00119,ณัฐ,หญิง,45-54,False,B05,มหาวิทยาลัย,2026-03-04,2026-03,085-xxx-4184,False,False,,0,0
C00120,ศิริ,หญิง,18-24,False,B05,มหาวิทยาลัย,2025-04-28,2025-04,082-xxx-8300,False,True,2025-05-14,6,1005
C00121,รัตนา,ชาย,25-34,False,B05,มหาวิทยาลัย,2025-11-16,2025-11,082-xxx-2366,False,True,2025-12-31,4,425
C00122,ภัทร,ชาย,35-44,False,B03,อารีย์,2026-01-08,2026-01,086-xxx-9202,False,True,2026-01-12,11,1464
C00123,จิรา,หญิง,25-34,False,B01,สยาม,2025-11-22,2025-11,081-xxx-4098,False,True,2025-12-06,25,3470
C00124,ปิยะ,หญิง,ต่ำกว่า 18,True,B01,สยาม,2025-07-02,2025-07,087-xxx-5575,False,True,2025-08-09,1,194
C00125,มานพ,หญิง,55+,False,B05,มหาวิทยาลัย,2025-09-23,2025-09,081-xxx-9387,True,True,2025-09-24,9,1222
C00126,สุดา,หญิง,25-34,False,B02,สีลม,2026-03-09,2026-03,086-xxx-6608,False,True,2026-04-08,5,520
C00127,อรุณ,ชาย,18-24,False,B05,มหาวิทยาลัย,2025-07-28,2025-07,082-xxx-8028,False,True,2025-07-29,11,987
C00128,ชนา,ชาย,35-44,False,B02,สีลม,2026-06-30,2026-06,088-xxx-6915,False,False,,0,0
C00129,ทิพย์,หญิง,35-44,False,B01,สยาม,2025-07-10,2025-07,085-xxx-2463,False,True,2025-07-11,10,1502
C00130,มานพ,หญิง,25-34,False,B02,สีลม,2026-01-31,2026-01,084-xxx-4504,False,True,2026-03-30,2,235
C00131,จิรา,ชาย,35-44,False,B01,สยาม,2025-09-15,2025-09,085-xxx-4322,False,True,2025-10-12,11,1284
C00132,ปิยะ,ชาย,18-24,False,B01,สยาม,2026-07-03,2026-07,082-xxx-1658,False,True,2026-08-15,1,85
C00133,มานพ,ชาย,35-44,False,B02,สีลม,2025-06-08,2025-06,081-xxx-8023,True,True,2025-06-13,6,475
C00134,ธีร,ชาย,25-34,False,B05,มหาวิทยาลัย,2026-02-21,2026-02,084-xxx-4620,False,True,2026-05-19,5,955
C00135,อัญชลี,หญิง,18-24,False,B05,มหาวิทยาลัย,2025-04-28,2025-04,088-xxx-9263,False,True,2025-04-29,7,994
C00136,สมชาย,ชาย,ต่ำกว่า 18,True,B04,บางนา,2025-05-28,2025-05,084-xxx-7699,False,True,2025-06-14,19,2190
C00137,ณัฐ,ชาย,25-34,False,B04,บางนา,2026-01-24,2026-01,081-xxx-4504,False,True,2026-01-26,5,780
C00138,ภูมิ,ชาย,18-24,False,B04,บางนา,2025-10-15,2025-10,086-xxx-1270,False,True,2025-10-25,13,2179
C00139,กิตติ,หญิง,25-34,False,B04,บางนา,2025-04-06,2025-04,087-xxx-9310,False,True,2025-04-07,16,2288
C00140,จิรา,ชาย,25-34,False,B02,สีลม,2026-09-01,2026-09,089-xxx-1549,False,False,,0,0
C00141,กมล,ชาย,35-44,False,B05,มหาวิทยาลัย,2025-09-10,2025-09,089-xxx-4649,False,True,2025-10-17,4,414
C00142,จิรา,หญิง,25-34,False,B05,มหาวิทยาลัย,2025-12-14,2025-12,081-xxx-3003,False,True,2026-01-15,13,1480
C00143,ทิพย์,หญิง,25-34,False,B05,มหาวิทยาลัย,2025-08-29,2025-08,082-xxx-9854,False,True,2025-09-21,13,1494
C00144,ทิพย์,หญิง,25-34,False,B02,สีลม,2025-06-13,2025-06,088-xxx-8918,False,True,2025-06-14,1,85
C00145,ปิยะ,ไม่ระบุ,35-44,False,B02,สีลม,2026-02-20,2026-02,082-xxx-3424,False,True,2026-02-23,3,230
C00146,ชนา,หญิง,25-34,False,B05,มหาวิทยาลัย,2025-05-16,2025-05,089-xxx-2717,False,True,2025-06-02,8,1107
C00147,จิรา,หญิง,25-34,False,B05,มหาวิทยาลัย,2026-03-05,2026-03,085-xxx-1543,False,True,2026-03-09,7,1143
C00148,ปวีณ,หญิง,25-34,False,B05,มหาวิทยาลัย,2026-02-26,2026-02,089-xxx-1172,False,True,2026-02-28,3,340
C00149,ธีร,หญิง,18-24,False,B03,อารีย์,2026-07-23,2026-07,085-xxx-2218,False,True,2026-08-08,1,65
C00150,เกศ,หญิง,45-54,False,B01,สยาม,2026-07-05,2026-07,084-xxx-5022,False,True,2026-08-09,2,310
C00151,มานพ,ชาย,45-54,False,B03,อารีย์,2026-08-30,2026-08,081-xxx-4866,False,False,,0,0
C00152,พิม,หญิง,18-24,False,B01,สยาม,2026-03-25,2026-03,081-xxx-7137,False,True,2026-04-08,8,955
C00153,รัตนา,ชาย,35-44,False,B05,มหาวิทยาลัย,2025-08-10,2025-08,088-xxx-1767,False,True,2025-09-17,2,125
C00154,ชนา,หญิง,18-24,False,B05,มหาวิทยาลัย,2026-07-26,2026-07,088-xxx-2094,False,True,2026-08-19,1,60
C00155,มานพ,ชาย,25-34,False,B03,อารีย์,2026-05-03,2026-05,086-xxx-5998,False,True,2026-05-13,2,400
C00156,สุดา,หญิง,55+,False,B04,บางนา,2025-11-02,2025-11,088-xxx-1700,False,True,2025-11-04,6,653
C00157,กมล,ชาย,35-44,False,B01,สยาม,2026-04-27,2026-04,087-xxx-3901,False,True,2026-05-14,3,255
C00158,อรุณ,หญิง,25-34,False,B01,สยาม,2025-07-08,2025-07,086-xxx-9378,False,True,2025-07-24,9,1413
C00159,เกศ,หญิง,25-34,False,B05,มหาวิทยาลัย,2025-04-21,2025-04,089-xxx-2766,False,True,2025-07-17,9,1049
C00160,ธีร,ชาย,55+,False,B05,มหาวิทยาลัย,2025-11-13,2025-11,085-xxx-4632,False,True,2026-02-28,3,435
C00161,ศิริ,หญิง,25-34,False,B05,มหาวิทยาลัย,2026-02-11,2026-02,081-xxx-5467,False,True,2026-03-02,3,550
C00162,จิรา,หญิง,25-34,False,B01,สยาม,2026-02-06,2026-02,085-xxx-6632,False,True,2026-02-08,3,517
C00163,ธนา,หญิง,25-34,False,B01,สยาม,2026-02-05,2026-02,086-xxx-8106,False,True,2026-03-20,5,800
C00164,พิม,ชาย,35-44,False,B04,บางนา,2025-11-09,2025-11,086-xxx-3887,False,True,2026-01-08,7,916
C00165,ธนา,หญิง,18-24,False,B04,บางนา,2025-07-27,2025-07,084-xxx-6009,False,True,2025-10-29,11,1095
C00166,จิรา,หญิง,18-24,False,B02,สีลม,2026-08-13,2026-08,085-xxx-1842,False,True,2026-08-14,1,65
C00167,วีระ,ไม่ระบุ,25-34,False,B02,สีลม,2026-06-30,2026-06,086-xxx-3868,False,True,2026-09-04,1,105
C00168,อัญชลี,หญิง,18-24,False,B03,อารีย์,2026-03-07,2026-03,089-xxx-4311,False,True,2026-04-08,2,190
C00169,พิม,หญิง,25-34,False,B01,สยาม,2026-07-29,2026-07,089-xxx-4262,False,True,2026-08-21,1,75
C00170,ภัทร,หญิง,35-44,False,B02,สีลม,2025-08-15,2025-08,082-xxx-6807,False,True,2025-09-11,11,1730
C00171,อรุณ,หญิง,18-24,False,B03,อารีย์,2026-07-07,2026-07,082-xxx-8136,False,True,2026-08-30,1,75
C00172,วรรณ,หญิง,18-24,False,B01,สยาม,2025-07-26,2025-07,085-xxx-6691,False,True,2025-09-18,3,265
C00173,กมล,ชาย,35-44,False,B01,สยาม,2026-08-04,2026-08,084-xxx-7338,False,False,,0,0
C00174,ภัทร,ชาย,25-34,False,B03,อารีย์,2026-07-26,2026-07,088-xxx-1475,False,True,2026-08-07,2,160
C00175,ณัฐ,ชาย,25-34,False,B01,สยาม,2025-10-18,2025-10,085-xxx-6708,False,True,2025-10-23,21,2861
C00176,อัญชลี,หญิง,45-54,False,B02,สีลม,2026-02-02,2026-02,089-xxx-2020,False,True,2026-04-21,2,195
C00177,ชนา,ชาย,25-34,False,B01,สยาม,2026-02-28,2026-02,086-xxx-8065,False,False,,0,0
C00178,สมชาย,หญิง,18-24,False,B04,บางนา,2026-02-09,2026-02,084-xxx-3042,True,True,2026-04-03,6,635
C00179,รัตนา,ชาย,18-24,False,B02,สีลม,2025-12-06,2025-12,086-xxx-2646,False,True,2026-01-05,5,645
C00180,สุดา,หญิง,25-34,False,B01,สยาม,2025-09-30,2025-09,089-xxx-6071,False,True,2025-10-12,10,1201
C00181,ศิริ,ชาย,25-34,False,B05,มหาวิทยาลัย,2026-02-06,2026-02,084-xxx-5034,False,True,2026-02-21,7,1210
C00182,ธนา,ชาย,18-24,False,B01,สยาม,2026-02-04,2026-02,084-xxx-2976,False,True,2026-03-04,3,316
C00183,กิตติ,ชาย,18-24,False,B05,มหาวิทยาลัย,2025-04-27,2025-04,087-xxx-1279,False,True,2025-05-22,3,1004
C00184,สมชาย,ไม่ระบุ,18-24,False,B02,สีลม,2025-08-31,2025-08,083-xxx-1286,False,True,2025-09-06,3,385
C00185,วีระ,หญิง,45-54,False,B04,บางนา,2026-02-12,2026-02,085-xxx-5007,False,True,2026-02-15,5,724
C00186,วีระ,ชาย,35-44,False,B05,มหาวิทยาลัย,2025-04-06,2025-04,085-xxx-3919,False,True,2025-04-09,13,2422
C00187,มานพ,ชาย,45-54,False,B02,สีลม,2025-10-12,2025-10,089-xxx-1413,False,True,2025-11-01,11,1749
C00188,ทิพย์,หญิง,35-44,False,B03,อารีย์,2026-07-16,2026-07,088-xxx-8998,False,True,2026-08-24,2,425
C00189,เกศ,ชาย,35-44,False,B01,สยาม,2026-05-13,2026-05,082-xxx-1968,False,False,,0,0
C00190,ศิริ,หญิง,55+,False,B05,มหาวิทยาลัย,2026-03-19,2026-03,085-xxx-3522,False,False,,0,0
C00191,อัญชลี,หญิง,35-44,False,B01,สยาม,2026-03-29,2026-03,082-xxx-8333,False,True,2026-07-15,1,95
C00192,วรรณ,หญิง,18-24,False,B05,มหาวิทยาลัย,2025-11-18,2025-11,081-xxx-7248,False,True,2025-12-02,9,1219
C00193,มานพ,หญิง,18-24,False,B03,อารีย์,2026-02-14,2026-02,082-xxx-6597,False,True,2026-02-22,4,518
C00194,วีระ,ชาย,35-44,False,B05,มหาวิทยาลัย,2025-10-01,2025-10,089-xxx-7803,False,True,2025-11-06,4,500
C00195,ศิริ,ชาย,55+,False,B04,บางนา,2026-03-07,2026-03,085-xxx-6131,False,True,2026-03-22,3,353
C00196,ภัทร,หญิง,25-34,False,B04,บางนา,2025-12-07,2025-12,087-xxx-4750,False,True,2025-12-12,5,680
C00197,ทิพย์,ชาย,25-34,False,B04,บางนา,2026-05-05,2026-05,088-xxx-9840,True,True,2026-06-16,3,335
C00198,ปิยะ,หญิง,18-24,False,B01,สยาม,2026-08-16,2026-08,085-xxx-1695,False,False,,0,0
C00199,ภูมิ,หญิง,25-34,False,B03,อารีย์,2026-07-08,2026-07,083-xxx-2200,False,True,2026-07-24,1,75
C00200,พิม,หญิง,18-24,False,B01,สยาม,2025-07-15,2025-07,086-xxx-9373,False,True,2025-08-01,12,1973
C00201,ธีร,ชาย,18-24,False,B01,สยาม,2026-04-09,2026-04,082-xxx-4504,False,True,2026-07-18,2,185
C00202,สมชาย,ชาย,35-44,False,B02,สีลม,2026-04-29,2026-04,088-xxx-6687,False,True,2026-07-07,2,300
C00203,ปวีณ,หญิง,25-34,False,B02,สีลม,2026-01-26,2026-01,088-xxx-3646,False,True,2026-02-03,5,815
C00204,ศิริ,ชาย,35-44,False,B05,มหาวิทยาลัย,2026-04-07,2026-04,083-xxx-4750,False,True,2026-04-25,5,624
C00205,วีระ,ชาย,25-34,False,B01,สยาม,2026-01-06,2026-01,089-xxx-5548,True,True,2026-01-12,12,1763
C00206,ภูมิ,ชาย,45-54,False,B01,สยาม,2026-04-24,2026-04,085-xxx-9673,False,True,2026-05-01,2,215
C00207,ปิยะ,หญิง,18-24,False,B05,มหาวิทยาลัย,2026-08-27,2026-08,081-xxx-7384,False,False,,0,0
C00208,ธีร,หญิง,18-24,False,B03,อารีย์,2026-03-01,2026-03,081-xxx-7810,False,True,2026-03-11,10,1153
C00209,นภัส,ชาย,18-24,False,B01,สยาม,2025-07-23,2025-07,085-xxx-9196,False,True,2025-08-06,9,1594
C00210,ศิริ,ชาย,18-24,False,B01,สยาม,2025-05-16,2025-05,085-xxx-2389,False,True,2025-05-17,25,3475
C00211,ปิยะ,หญิง,35-44,False,B05,มหาวิทยาลัย,2025-12-22,2025-12,088-xxx-1662,False,True,2026-01-26,17,2497
C00212,อรุณ,หญิง,55+,False,B01,สยาม,2026-04-20,2026-04,081-xxx-6511,False,True,2026-08-30,2,210
C00213,นภัส,หญิง,25-34,False,B02,สีลม,2026-01-13,2026-01,082-xxx-9839,False,True,2026-01-18,4,599
C00214,ธนา,หญิง,18-24,False,B05,มหาวิทยาลัย,2026-03-26,2026-03,087-xxx-1072,False,True,2026-05-08,1,180
C00215,กมล,หญิง,ต่ำกว่า 18,True,B05,มหาวิทยาลัย,2026-07-29,2026-07,085-xxx-9049,False,False,,0,0
C00216,นภัส,หญิง,35-44,False,B05,มหาวิทยาลัย,2026-08-14,2026-08,087-xxx-3328,False,False,,0,0
C00217,พิม,หญิง,18-24,False,B01,สยาม,2025-11-11,2025-11,085-xxx-3776,False,True,2025-11-18,9,1250
C00218,ณัฐ,ชาย,35-44,False,B01,สยาม,2026-06-26,2026-06,088-xxx-5690,True,True,2026-07-16,1,115
C00219,สุดา,ชาย,18-24,False,B05,มหาวิทยาลัย,2026-05-05,2026-05,085-xxx-4076,False,True,2026-05-25,2,205
C00220,รัตนา,หญิง,35-44,False,B05,มหาวิทยาลัย,2026-04-03,2026-04,088-xxx-4716,False,False,,0,0
C00221,สุดา,หญิง,25-34,False,B02,สีลม,2026-07-22,2026-07,088-xxx-2943,False,True,2026-09-08,1,160
C00222,ธนา,หญิง,25-34,False,B01,สยาม,2025-10-31,2025-10,088-xxx-6407,False,True,2025-12-14,9,960
C00223,ธนา,ชาย,18-24,False,B01,สยาม,2025-11-28,2025-11,088-xxx-4694,False,True,2025-11-29,13,1912
C00224,ปิยะ,หญิง,25-34,False,B04,บางนา,2026-03-17,2026-03,084-xxx-8716,False,True,2026-03-17,2,229
C00225,มานพ,หญิง,35-44,False,B02,สีลม,2026-07-14,2026-07,082-xxx-8677,False,True,2026-08-26,1,60
C00226,กิตติ,หญิง,ต่ำกว่า 18,True,B05,มหาวิทยาลัย,2025-12-11,2025-12,089-xxx-3890,False,True,2026-02-02,5,600
C00227,สมชาย,ชาย,18-24,False,B02,สีลม,2026-06-09,2026-06,087-xxx-6615,False,True,2026-08-20,1,195
C00228,ภูมิ,ไม่ระบุ,35-44,False,B03,อารีย์,2026-04-03,2026-04,082-xxx-7829,False,True,2026-04-08,5,515
C00229,จิรา,หญิง,18-24,False,B03,อารีย์,2025-12-25,2025-12,084-xxx-4524,True,True,2025-12-26,8,720
C00230,กิตติ,ชาย,35-44,False,B02,สีลม,2025-11-18,2025-11,084-xxx-8978,False,True,2026-03-13,3,269
C00231,กมล,หญิง,25-34,False,B02,สีลม,2026-07-27,2026-07,081-xxx-7193,False,True,2026-08-14,3,279
C00232,มานพ,หญิง,35-44,False,B03,อารีย์,2026-05-20,2026-05,083-xxx-8904,False,True,2026-06-21,3,604
C00233,จิรา,ชาย,45-54,False,B05,มหาวิทยาลัย,2025-06-24,2025-06,085-xxx-1038,False,True,2025-07-01,4,1130
C00234,วีระ,ชาย,18-24,False,B05,มหาวิทยาลัย,2025-10-25,2025-10,082-xxx-1456,False,True,2025-12-19,2,300
C00235,ภัทร,หญิง,45-54,False,B02,สีลม,2026-01-12,2026-01,084-xxx-6201,True,True,2026-01-14,2,130
C00236,ปวีณ,หญิง,45-54,False,B04,บางนา,2025-05-15,2025-05,083-xxx-3433,False,True,2025-05-29,17,2286
C00237,ศิริ,หญิง,25-34,False,B05,มหาวิทยาลัย,2026-06-06,2026-06,082-xxx-9488,False,True,2026-07-23,2,160
C00238,วีระ,ชาย,18-24,False,B01,สยาม,2025-12-04,2025-12,087-xxx-3708,False,True,2026-01-05,5,594
C00239,ปิยะ,หญิง,35-44,False,B03,อารีย์,2026-08-30,2026-08,089-xxx-1573,False,False,,0,0
C00240,อรุณ,หญิง,25-34,False,B05,มหาวิทยาลัย,2025-08-26,2025-08,083-xxx-1192,False,True,2025-09-19,10,1470
C00241,ธีร,ชาย,25-34,False,B04,บางนา,2025-04-05,2025-04,082-xxx-7372,False,True,2025-04-08,4,484
C00242,ภัทร,ชาย,18-24,False,B04,บางนา,2025-11-12,2025-11,082-xxx-5716,False,True,2025-12-14,5,610
C00243,กิตติ,ไม่ระบุ,25-34,False,B03,อารีย์,2026-09-12,2026-09,081-xxx-2530,False,False,,0,0
C00244,จิรา,หญิง,18-24,False,B02,สีลม,2025-10-24,2025-10,086-xxx-2013,False,True,2025-11-11,10,773
C00245,ภัทร,หญิง,25-34,False,B01,สยาม,2025-08-12,2025-08,089-xxx-4517,False,True,2025-08-17,9,1052
C00246,วรรณ,หญิง,18-24,False,B04,บางนา,2026-05-14,2026-05,086-xxx-9028,False,True,2026-05-15,3,385
C00247,สมชาย,หญิง,35-44,False,B03,อารีย์,2026-07-28,2026-07,083-xxx-6572,False,False,,0,0
C00248,ทิพย์,หญิง,25-34,False,B04,บางนา,2026-09-05,2026-09,087-xxx-5949,False,False,,0,0
C00249,พิม,หญิง,18-24,False,B01,สยาม,2025-09-21,2025-09,088-xxx-3550,False,True,2025-10-30,10,1118
C00250,อัญชลี,หญิง,25-34,False,B05,มหาวิทยาลัย,2025-07-15,2025-07,086-xxx-9117,False,True,2025-07-17,14,1611
C00251,นภัส,ไม่ระบุ,18-24,False,B01,สยาม,2025-08-16,2025-08,083-xxx-8251,False,True,2025-09-12,2,130
C00252,ณัฐ,หญิง,18-24,False,B01,สยาม,2025-08-20,2025-08,087-xxx-3110,False,True,2025-09-07,8,1039
C00253,อรุณ,หญิง,25-34,False,B03,อารีย์,2026-01-28,2026-01,085-xxx-7976,False,True,2026-03-02,7,700
C00254,รัตนา,ชาย,18-24,False,B04,บางนา,2025-05-09,2025-05,089-xxx-3224,False,True,2025-05-16,27,3399
C00255,ปวีณ,ชาย,25-34,False,B03,อารีย์,2026-01-04,2026-01,082-xxx-7102,False,True,2026-01-16,8,1344
C00256,ณัฐ,ชาย,25-34,False,B01,สยาม,2026-06-08,2026-06,084-xxx-2187,False,True,2026-09-09,1,20
C00257,รัตนา,หญิง,25-34,False,B02,สีลม,2025-07-08,2025-07,081-xxx-6095,False,True,2025-07-14,14,1872
C00258,อัญชลี,ชาย,25-34,False,B05,มหาวิทยาลัย,2025-11-04,2025-11,081-xxx-7712,False,True,2025-11-14,6,420
C00259,ณัฐ,ไม่ระบุ,45-54,False,B01,สยาม,2026-06-24,2026-06,087-xxx-1179,False,False,,0,0
C00260,จิรา,หญิง,55+,False,B01,สยาม,2025-05-07,2025-05,084-xxx-7480,False,True,2025-06-15,2,310
C00261,รัตนา,ไม่ระบุ,18-24,False,B02,สีลม,2025-12-15,2025-12,084-xxx-4808,True,True,2026-01-02,2,290
C00262,อรุณ,หญิง,25-34,False,B01,สยาม,2026-07-15,2026-07,082-xxx-8784,False,True,2026-08-22,2,320
C00263,มานพ,หญิง,ต่ำกว่า 18,True,B04,บางนา,2026-01-03,2026-01,081-xxx-7360,False,True,2026-01-13,8,1584
C00264,ทิพย์,ชาย,25-34,False,B03,อารีย์,2026-04-06,2026-04,086-xxx-4751,False,True,2026-04-21,3,475
C00265,สมชาย,ชาย,25-34,False,B03,อารีย์,2026-01-08,2026-01,088-xxx-7473,False,True,2026-01-11,13,1245
C00266,ธนา,หญิง,ต่ำกว่า 18,True,B03,อารีย์,2026-08-21,2026-08,083-xxx-9867,False,True,2026-09-08,1,315
C00267,ศิริ,หญิง,45-54,False,B03,อารีย์,2026-04-26,2026-04,085-xxx-8231,False,True,2026-04-29,10,1144
C00268,รัตนา,หญิง,25-34,False,B04,บางนา,2025-07-15,2025-07,081-xxx-6696,False,True,2025-08-10,25,4042
C00269,ปิยะ,ชาย,25-34,False,B01,สยาม,2026-04-24,2026-04,086-xxx-8413,False,True,2026-07-03,1,85
C00270,อรุณ,หญิง,35-44,False,B04,บางนา,2025-12-04,2025-12,087-xxx-5915,False,True,2025-12-05,7,765
C00271,ปิยะ,หญิง,25-34,False,B05,มหาวิทยาลัย,2025-05-29,2025-05,084-xxx-8506,False,True,2025-06-16,7,1043
C00272,ศิริ,ชาย,45-54,False,B01,สยาม,2025-07-26,2025-07,089-xxx-5213,False,True,2025-09-26,2,285
C00273,ปวีณ,ไม่ระบุ,18-24,False,B01,สยาม,2025-11-21,2025-11,087-xxx-7216,False,True,2025-12-25,6,724
C00274,สมชาย,ชาย,ต่ำกว่า 18,True,B01,สยาม,2026-02-04,2026-02,082-xxx-1130,False,True,2026-03-29,5,625
C00275,ปวีณ,หญิง,18-24,False,B01,สยาม,2026-06-19,2026-06,085-xxx-6212,False,True,2026-08-01,1,60
C00276,นภัส,ชาย,25-34,False,B01,สยาม,2026-08-14,2026-08,085-xxx-6536,False,True,2026-09-17,1,60
C00277,ชนา,หญิง,25-34,False,B02,สีลม,2026-03-03,2026-03,082-xxx-3665,False,True,2026-05-08,2,310
C00278,ธีร,หญิง,18-24,False,B02,สีลม,2026-04-26,2026-04,082-xxx-5173,False,True,2026-05-21,7,1182
C00279,อัญชลี,หญิง,18-24,False,B01,สยาม,2026-08-09,2026-08,086-xxx-3167,False,False,,0,0
C00280,ธีร,หญิง,25-34,False,B05,มหาวิทยาลัย,2025-10-07,2025-10,088-xxx-2741,False,True,2025-11-26,3,517
C00281,พิม,ชาย,45-54,False,B02,สีลม,2025-08-09,2025-08,083-xxx-6991,False,True,2025-08-18,2,245
C00282,นภัส,หญิง,18-24,False,B04,บางนา,2026-01-17,2026-01,081-xxx-9648,False,True,2026-04-11,5,669
C00283,ภูมิ,หญิง,25-34,False,B02,สีลม,2025-08-25,2025-08,082-xxx-8080,False,True,2025-09-10,3,465
C00284,ปวีณ,ชาย,45-54,False,B02,สีลม,2025-07-01,2025-07,088-xxx-5116,False,True,2025-08-06,4,495
C00285,สุดา,ชาย,35-44,False,B01,สยาม,2026-02-04,2026-02,087-xxx-9777,False,True,2026-02-14,2,164
C00286,ปวีณ,ชาย,25-34,False,B02,สีลม,2025-12-03,2025-12,087-xxx-9912,False,True,2025-12-03,1,130
C00287,ชนา,ชาย,35-44,False,B02,สีลม,2026-09-08,2026-09,086-xxx-6487,False,False,,0,0
C00288,จิรา,ไม่ระบุ,25-34,False,B02,สีลม,2026-01-26,2026-01,086-xxx-7431,False,False,,0,0
C00289,มานพ,หญิง,35-44,False,B03,อารีย์,2026-02-26,2026-02,085-xxx-2708,False,True,2026-03-20,8,852
C00290,ธีร,ชาย,18-24,False,B01,สยาม,2026-08-13,2026-08,086-xxx-6025,False,False,,0,0
C00291,ภูมิ,หญิง,18-24,False,B04,บางนา,2025-08-28,2025-08,085-xxx-2864,False,True,2025-09-06,2,220
C00292,จิรา,หญิง,25-34,False,B01,สยาม,2026-05-12,2026-05,089-xxx-6437,False,True,2026-05-16,6,924
C00293,ปวีณ,ชาย,35-44,False,B03,อารีย์,2026-02-19,2026-02,087-xxx-2770,False,True,2026-08-20,1,65
C00294,กิตติ,หญิง,45-54,False,B02,สีลม,2026-05-27,2026-05,083-xxx-5657,False,True,2026-08-21,3,624
C00295,ปิยะ,ชาย,25-34,False,B02,สีลม,2025-11-13,2025-11,085-xxx-6528,False,True,2025-12-12,13,1911
C00296,มานพ,หญิง,25-34,False,B01,สยาม,2025-12-14,2025-12,082-xxx-1497,False,True,2025-12-14,14,1903
C00297,จิรา,หญิง,55+,False,B04,บางนา,2025-06-22,2025-06,085-xxx-4245,False,True,2025-07-24,5,585
C00298,กมล,หญิง,45-54,False,B01,สยาม,2025-11-19,2025-11,085-xxx-2148,False,True,2025-11-25,9,1029
C00299,ปิยะ,หญิง,25-34,False,B04,บางนา,2026-07-02,2026-07,085-xxx-5104,False,True,2026-07-19,2,174
C00300,ปิยะ,ชาย,25-34,False,B02,สีลม,2025-09-25,2025-09,089-xxx-4756,False,True,2025-10-07,11,1949
C00301,ชนา,ชาย,18-24,False,B01,สยาม,2025-06-03,2025-06,087-xxx-3506,False,True,2025-08-20,8,1548
C00302,กมล,หญิง,25-34,False,B01,สยาม,2025-04-28,2025-04,084-xxx-6780,False,True,2025-06-13,20,2702
C00303,อรุณ,หญิง,18-24,False,B02,สีลม,2026-03-17,2026-03,089-xxx-9912,False,False,,0,0
C00304,วรรณ,หญิง,18-24,False,B04,บางนา,2025-09-02,2025-09,085-xxx-3427,False,True,2025-09-15,11,1293
C00305,ธนา,หญิง,25-34,False,B02,สีลม,2025-06-15,2025-06,082-xxx-3987,False,True,2025-06-21,14,1932
C00306,พิม,หญิง,25-34,False,B02,สีลม,2025-07-17,2025-07,085-xxx-9719,False,True,2025-07-18,15,2298
C00307,จิรา,ชาย,18-24,False,B04,บางนา,2026-04-28,2026-04,087-xxx-3020,False,True,2026-06-03,4,426
C00308,รัตนา,หญิง,25-34,False,B01,สยาม,2026-01-05,2026-01,089-xxx-5027,False,True,2026-02-10,2,205
C00309,กิตติ,หญิง,25-34,False,B05,มหาวิทยาลัย,2025-04-24,2025-04,088-xxx-5018,False,True,2025-04-25,8,868
C00310,ธีร,หญิง,55+,False,B01,สยาม,2026-03-23,2026-03,089-xxx-5179,False,True,2026-04-11,2,230
C00311,อัญชลี,หญิง,18-24,False,B04,บางนา,2025-07-29,2025-07,084-xxx-5452,False,True,2025-09-15,2,380
C00312,สมชาย,ชาย,18-24,False,B04,บางนา,2026-06-05,2026-06,083-xxx-5398,False,True,2026-07-10,1,75
C00313,ปวีณ,หญิง,45-54,False,B02,สีลม,2026-06-17,2026-06,089-xxx-2545,False,True,2026-08-04,3,220
C00314,ธนา,ชาย,25-34,False,B04,บางนา,2025-12-10,2025-12,081-xxx-8533,False,True,2026-03-03,4,405
C00315,สุดา,ชาย,18-24,False,B03,อารีย์,2026-07-28,2026-07,084-xxx-1510,False,True,2026-08-05,1,120
C00316,ปวีณ,หญิง,35-44,False,B05,มหาวิทยาลัย,2026-08-19,2026-08,085-xxx-6125,False,True,2026-09-02,1,129
C00317,สุดา,หญิง,45-54,False,B02,สีลม,2026-02-23,2026-02,083-xxx-6936,False,True,2026-02-27,1,65
C00318,อัญชลี,หญิง,18-24,False,B03,อารีย์,2026-03-23,2026-03,085-xxx-1453,False,True,2026-04-22,1,65
C00319,สมชาย,หญิง,45-54,False,B04,บางนา,2026-05-14,2026-05,085-xxx-2524,False,True,2026-05-16,1,55
C00320,วีระ,หญิง,25-34,False,B01,สยาม,2026-04-12,2026-04,085-xxx-7143,True,True,2026-04-22,8,1475
C00321,อัญชลี,ชาย,35-44,False,B01,สยาม,2025-12-22,2025-12,084-xxx-4083,False,True,2025-12-23,6,535
C00322,อรุณ,ชาย,45-54,False,B01,สยาม,2025-05-18,2025-05,088-xxx-8723,False,True,2025-05-20,13,1405
C00323,กมล,หญิง,18-24,False,B04,บางนา,2026-08-07,2026-08,081-xxx-1570,False,False,,0,0
C00324,ภัทร,ชาย,25-34,False,B05,มหาวิทยาลัย,2025-07-24,2025-07,087-xxx-5943,False,True,2025-08-05,11,1220
C00325,ทิพย์,หญิง,25-34,False,B02,สีลม,2025-06-10,2025-06,083-xxx-9820,False,True,2025-06-18,11,1520
C00326,ชนา,ชาย,25-34,False,B04,บางนา,2026-01-26,2026-01,085-xxx-4645,False,True,2026-02-11,3,300
C00327,อัญชลี,หญิง,18-24,False,B01,สยาม,2026-06-27,2026-06,081-xxx-2014,False,True,2026-07-27,1,20
C00328,วีระ,หญิง,18-24,False,B03,อารีย์,2026-01-01,2026-01,087-xxx-8172,False,True,2026-01-04,4,549
C00329,เกศ,ชาย,18-24,False,B05,มหาวิทยาลัย,2026-04-22,2026-04,089-xxx-1948,False,False,,0,0
C00330,อรุณ,ชาย,18-24,False,B04,บางนา,2026-05-21,2026-05,081-xxx-1194,False,True,2026-06-11,6,725
C00331,วีระ,หญิง,35-44,False,B05,มหาวิทยาลัย,2026-08-18,2026-08,083-xxx-3531,False,True,2026-09-09,1,85
C00332,ภูมิ,ชาย,25-34,False,B01,สยาม,2025-11-16,2025-11,084-xxx-8327,False,False,,0,0
C00333,วีระ,หญิง,18-24,False,B02,สีลม,2025-05-15,2025-05,085-xxx-9766,True,True,2025-07-20,5,720
C00334,ชนา,ชาย,18-24,False,B05,มหาวิทยาลัย,2025-06-11,2025-06,089-xxx-9015,False,True,2025-08-11,12,1547
C00335,สมชาย,ชาย,25-34,False,B02,สีลม,2026-03-08,2026-03,081-xxx-4062,False,True,2026-07-24,3,279
C00336,อัญชลี,หญิง,35-44,False,B05,มหาวิทยาลัย,2026-05-15,2026-05,089-xxx-5598,False,True,2026-06-09,4,525
C00337,ศิริ,ชาย,18-24,False,B01,สยาม,2025-12-01,2025-12,086-xxx-3485,False,True,2025-12-03,6,630
C00338,กมล,หญิง,25-34,False,B03,อารีย์,2026-07-19,2026-07,082-xxx-2116,False,True,2026-08-28,1,90
C00339,ชนา,ไม่ระบุ,25-34,False,B03,อารีย์,2025-11-06,2025-11,086-xxx-2493,False,True,2025-11-11,24,2976
C00340,กมล,ชาย,35-44,False,B02,สีลม,2025-05-10,2025-05,089-xxx-7697,False,True,2025-06-04,3,450
C00341,ธีร,ชาย,18-24,False,B04,บางนา,2026-03-31,2026-03,086-xxx-7324,False,True,2026-04-10,5,610
C00342,ปวีณ,ชาย,25-34,False,B01,สยาม,2025-08-26,2025-08,087-xxx-5937,False,True,2025-09-19,17,2223
C00343,กมล,หญิง,25-34,False,B01,สยาม,2026-02-09,2026-02,086-xxx-5837,False,False,,0,0
C00344,สมชาย,ชาย,25-34,False,B04,บางนา,2026-04-15,2026-04,084-xxx-5723,False,True,2026-06-15,2,145
C00345,ณัฐ,ชาย,35-44,False,B01,สยาม,2025-12-24,2025-12,083-xxx-7360,False,True,2025-12-31,10,1109
C00346,สุดา,หญิง,25-34,False,B02,สีลม,2026-06-01,2026-06,082-xxx-9370,False,True,2026-07-10,2,370
C00347,เกศ,หญิง,25-34,False,B04,บางนา,2026-01-23,2026-01,087-xxx-5102,False,True,2026-04-17,5,769
C00348,ปวีณ,หญิง,25-34,False,B05,มหาวิทยาลัย,2025-06-15,2025-06,087-xxx-9336,False,True,2025-06-20,5,482
C00349,รัตนา,หญิง,45-54,False,B04,บางนา,2026-04-10,2026-04,084-xxx-9169,False,True,2026-06-18,2,274
C00350,รัตนา,ชาย,18-24,False,B02,สีลม,2026-08-14,2026-08,084-xxx-4877,False,False,,0,0
C00351,กมล,หญิง,35-44,False,B05,มหาวิทยาลัย,2026-03-30,2026-03,089-xxx-4466,False,True,2026-09-04,1,323
C00352,ปิยะ,ชาย,25-34,False,B02,สีลม,2026-08-02,2026-08,081-xxx-3266,False,False,,0,0
C00353,กิตติ,หญิง,25-34,False,B05,มหาวิทยาลัย,2025-07-09,2025-07,081-xxx-1624,False,True,2025-08-01,4,360
C00354,ชนา,หญิง,35-44,False,B02,สีลม,2025-08-11,2025-08,083-xxx-9742,False,True,2025-10-07,9,975
C00355,วีระ,หญิง,45-54,False,B02,สีลม,2025-06-01,2025-06,088-xxx-4479,False,True,2025-06-23,24,2829
C00356,พิม,ชาย,25-34,False,B03,อารีย์,2026-06-09,2026-06,086-xxx-8388,False,False,,0,0
C00357,ภูมิ,หญิง,45-54,False,B05,มหาวิทยาลัย,2025-11-12,2025-11,088-xxx-7744,True,True,2026-03-27,8,1235
C00358,กิตติ,หญิง,18-24,False,B04,บางนา,2026-05-23,2026-05,086-xxx-7850,False,True,2026-05-28,1,75
C00359,ปวีณ,หญิง,18-24,False,B01,สยาม,2026-07-25,2026-07,083-xxx-4235,False,True,2026-07-28,2,180
C00360,ชนา,หญิง,25-34,False,B01,สยาม,2025-07-08,2025-07,089-xxx-4318,False,True,2025-07-17,9,1085
C00361,ชนา,ชาย,25-34,False,B04,บางนา,2026-02-24,2026-02,085-xxx-7482,False,True,2026-03-07,5,879
C00362,พิม,หญิง,18-24,False,B01,สยาม,2026-04-19,2026-04,085-xxx-8106,False,True,2026-05-27,10,1311
C00363,ธนา,ชาย,45-54,False,B01,สยาม,2026-07-20,2026-07,089-xxx-4239,False,True,2026-08-16,3,489
C00364,ธีร,ชาย,45-54,False,B02,สีลม,2026-08-10,2026-08,089-xxx-7679,False,False,,0,0
C00365,ชนา,ชาย,25-34,False,B05,มหาวิทยาลัย,2025-07-19,2025-07,081-xxx-4867,False,False,,0,0
C00366,ธีร,หญิง,25-34,False,B02,สีลม,2026-02-03,2026-02,087-xxx-9815,False,True,2026-02-17,8,1009
C00367,ธนา,ชาย,18-24,False,B02,สีลม,2025-04-11,2025-04,082-xxx-9419,False,True,2025-05-26,8,1003
C00368,ณัฐ,หญิง,45-54,False,B04,บางนา,2026-04-19,2026-04,083-xxx-4198,False,True,2026-06-21,2,160
C00369,กมล,ไม่ระบุ,55+,False,B05,มหาวิทยาลัย,2025-07-30,2025-07,087-xxx-2954,False,True,2025-09-18,6,505
C00370,วรรณ,หญิง,35-44,False,B05,มหาวิทยาลัย,2025-09-06,2025-09,085-xxx-7093,True,False,,0,0
C00371,ธนา,หญิง,25-34,False,B04,บางนา,2025-12-19,2025-12,088-xxx-6575,False,True,2026-02-22,5,773
C00372,ภูมิ,หญิง,18-24,False,B05,มหาวิทยาลัย,2026-04-28,2026-04,083-xxx-2574,False,True,2026-05-26,3,200
C00373,กมล,ชาย,25-34,False,B01,สยาม,2025-12-16,2025-12,083-xxx-1139,False,True,2026-04-30,3,755
C00374,กมล,หญิง,18-24,False,B02,สีลม,2025-04-09,2025-04,082-xxx-4357,True,True,2025-04-09,12,1487
C00375,สมชาย,ไม่ระบุ,45-54,False,B03,อารีย์,2025-12-08,2025-12,089-xxx-6275,False,True,2025-12-12,17,2288
C00376,อัญชลี,หญิง,18-24,False,B01,สยาม,2025-06-10,2025-06,089-xxx-8585,False,True,2025-08-06,17,2089
C00377,วีระ,ชาย,ต่ำกว่า 18,True,B03,อารีย์,2026-08-31,2026-08,086-xxx-4689,False,True,2026-09-14,1,55
C00378,สุดา,หญิง,ต่ำกว่า 18,True,B05,มหาวิทยาลัย,2025-07-22,2025-07,088-xxx-3667,False,True,2025-08-11,2,200
C00379,กิตติ,หญิง,25-34,False,B03,อารีย์,2026-08-03,2026-08,083-xxx-1871,False,False,,0,0
C00380,จิรา,ชาย,25-34,False,B01,สยาม,2025-11-28,2025-11,085-xxx-4407,False,True,2025-11-28,9,1404
C00381,ภัทร,หญิง,25-34,False,B04,บางนา,2025-10-16,2025-10,087-xxx-8602,False,True,2025-12-14,10,1513
C00382,รัตนา,หญิง,25-34,False,B03,อารีย์,2026-05-31,2026-05,089-xxx-8935,False,False,,0,0
C00383,รัตนา,หญิง,18-24,False,B03,อารีย์,2026-03-16,2026-03,083-xxx-5744,False,True,2026-03-27,9,1528
C00384,ทิพย์,หญิง,25-34,False,B04,บางนา,2025-05-26,2025-05,081-xxx-4275,False,True,2025-06-17,15,1828
C00385,ภัทร,หญิง,18-24,False,B01,สยาม,2026-03-25,2026-03,089-xxx-9399,False,True,2026-03-27,11,1365
C00386,ณัฐ,หญิง,45-54,False,B01,สยาม,2025-12-10,2025-12,083-xxx-1543,False,True,2025-12-30,5,600
C00387,นภัส,หญิง,45-54,False,B04,บางนา,2026-08-26,2026-08,087-xxx-6392,False,True,2026-09-20,1,105
C00388,กิตติ,ชาย,25-34,False,B02,สีลม,2026-03-06,2026-03,087-xxx-2438,False,False,,0,0
C00389,ภัทร,ชาย,35-44,False,B03,อารีย์,2026-05-25,2026-05,083-xxx-5681,False,True,2026-06-05,4,430
C00390,อรุณ,หญิง,18-24,False,B05,มหาวิทยาลัย,2025-12-04,2025-12,083-xxx-8365,False,True,2026-01-15,1,55
C00391,ภัทร,ชาย,18-24,False,B01,สยาม,2025-09-20,2025-09,087-xxx-7331,False,True,2025-09-21,26,3302
C00392,จิรา,หญิง,18-24,False,B05,มหาวิทยาลัย,2026-03-01,2026-03,087-xxx-6327,False,False,,0,0
C00393,ธีร,ชาย,25-34,False,B04,บางนา,2025-11-07,2025-11,083-xxx-7210,False,True,2026-01-05,11,1299
C00394,สมชาย,หญิง,18-24,False,B05,มหาวิทยาลัย,2026-05-31,2026-05,089-xxx-6300,False,False,,0,0
C00395,กมล,ชาย,45-54,False,B01,สยาม,2025-10-21,2025-10,087-xxx-6345,False,True,2025-11-23,9,1064
C00396,สมชาย,ชาย,35-44,False,B01,สยาม,2025-06-12,2025-06,087-xxx-9103,False,True,2025-06-12,12,1884
C00397,สุดา,หญิง,55+,False,B02,สีลม,2025-09-20,2025-09,089-xxx-7239,False,True,2025-10-22,3,230
C00398,ปิยะ,ชาย,55+,False,B05,มหาวิทยาลัย,2026-07-11,2026-07,087-xxx-1169,False,True,2026-08-18,2,220
C00399,สมชาย,ชาย,25-34,False,B01,สยาม,2026-08-08,2026-08,085-xxx-3385,False,True,2026-09-07,3,335
C00400,ชนา,ชาย,35-44,False,B01,สยาม,2026-06-15,2026-06,082-xxx-8324,False,True,2026-06-16,1,50
C00401,นภัส,หญิง,35-44,False,B01,สยาม,2025-11-29,2025-11,084-xxx-9238,False,True,2026-02-11,6,1154
C00402,ภูมิ,หญิง,18-24,False,B02,สีลม,2025-07-20,2025-07,086-xxx-5716,False,True,2026-06-19,1,65
C00403,สุดา,หญิง,25-34,False,B01,สยาม,2026-04-28,2026-04,086-xxx-4277,False,True,2026-05-07,6,1173
C00404,ณัฐ,หญิง,18-24,False,B04,บางนา,2025-12-15,2025-12,089-xxx-7046,False,True,2025-12-24,10,1235
C00405,เกศ,หญิง,18-24,False,B03,อารีย์,2026-03-17,2026-03,089-xxx-1341,False,True,2026-08-11,1,75
C00406,ทิพย์,ชาย,35-44,False,B02,สีลม,2026-02-01,2026-02,086-xxx-1175,False,True,2026-02-03,2,140
C00407,ธีร,หญิง,25-34,False,B01,สยาม,2025-12-25,2025-12,084-xxx-1008,False,True,2026-02-04,5,408
C00408,ธนา,ชาย,25-34,False,B01,สยาม,2026-03-09,2026-03,084-xxx-9777,False,False,,0,0
C00409,ภูมิ,หญิง,25-34,False,B02,สีลม,2025-09-04,2025-09,083-xxx-6951,False,True,2025-11-28,5,644
C00410,ทิพย์,ชาย,18-24,False,B01,สยาม,2025-11-22,2025-11,088-xxx-1198,True,False,,0,0
C00411,กิตติ,หญิง,25-34,False,B02,สีลม,2025-06-12,2025-06,087-xxx-5549,False,True,2025-06-18,11,1429
C00412,ภูมิ,ชาย,25-34,False,B03,อารีย์,2026-01-26,2026-01,082-xxx-9619,False,True,2026-02-15,5,494
C00413,เกศ,ชาย,18-24,False,B03,อารีย์,2026-02-06,2026-02,083-xxx-1220,False,True,2026-02-07,8,670
C00414,กมล,ชาย,45-54,False,B04,บางนา,2026-08-23,2026-08,083-xxx-8755,False,True,2026-09-20,1,150
C00415,ภูมิ,หญิง,45-54,False,B03,อารีย์,2026-02-12,2026-02,089-xxx-5134,False,True,2026-02-12,9,974
C00416,ธีร,หญิง,25-34,False,B04,บางนา,2025-09-07,2025-09,082-xxx-7778,False,True,2025-09-27,15,2033
C00417,กิตติ,ชาย,18-24,False,B04,บางนา,2026-08-07,2026-08,085-xxx-6767,False,False,,0,0
C00418,วีระ,ชาย,18-24,False,B01,สยาม,2025-08-21,2025-08,086-xxx-4077,False,True,2025-09-23,1,160
C00419,ธนา,หญิง,25-34,False,B01,สยาม,2026-05-13,2026-05,088-xxx-3936,False,True,2026-05-30,5,529
C00420,อัญชลี,ชาย,35-44,False,B03,อารีย์,2026-04-11,2026-04,085-xxx-2818,False,True,2026-04-18,3,504
C00421,กิตติ,หญิง,18-24,False,B01,สยาม,2025-12-10,2025-12,089-xxx-1597,False,True,2026-01-05,8,1150
C00422,อรุณ,หญิง,55+,False,B01,สยาม,2026-03-04,2026-03,086-xxx-5957,False,True,2026-03-11,1,120
C00423,อัญชลี,ชาย,25-34,False,B01,สยาม,2026-01-25,2026-01,083-xxx-1340,False,False,,0,0
C00424,ณัฐ,ชาย,45-54,False,B04,บางนา,2026-05-14,2026-05,084-xxx-4093,False,True,2026-07-22,2,380
C00425,เกศ,หญิง,45-54,False,B02,สีลม,2026-09-09,2026-09,086-xxx-2382,False,False,,0,0
C00426,กมล,หญิง,35-44,False,B01,สยาม,2026-04-20,2026-04,089-xxx-9811,False,False,,0,0
C00427,ปวีณ,หญิง,18-24,False,B03,อารีย์,2025-12-20,2025-12,085-xxx-6451,False,True,2025-12-20,11,1304
C00428,ภัทร,หญิง,35-44,False,B02,สีลม,2025-10-23,2025-10,082-xxx-2832,False,True,2026-03-01,1,164
C00429,กมล,ชาย,25-34,False,B02,สีลม,2025-12-20,2025-12,088-xxx-1071,False,True,2026-03-13,3,685
C00430,กมล,ชาย,25-34,False,B04,บางนา,2025-07-22,2025-07,089-xxx-4082,False,True,2025-07-28,6,649
C00431,ณัฐ,ชาย,25-34,False,B03,อารีย์,2026-05-09,2026-05,084-xxx-5191,False,True,2026-05-14,14,1728
C00432,ศิริ,หญิง,ต่ำกว่า 18,True,B01,สยาม,2025-06-16,2025-06,084-xxx-5671,False,False,,0,0
C00433,ปิยะ,หญิง,25-34,False,B02,สีลม,2025-06-12,2025-06,089-xxx-4784,False,True,2025-07-16,12,1834
C00434,สุดา,ชาย,18-24,False,B02,สีลม,2026-01-20,2026-01,086-xxx-6363,False,True,2026-01-27,5,434
C00435,ภัทร,หญิง,45-54,False,B05,มหาวิทยาลัย,2025-08-08,2025-08,082-xxx-7622,False,True,2025-10-07,8,812
C00436,รัตนา,หญิง,18-24,False,B01,สยาม,2025-05-04,2025-05,087-xxx-4523,False,True,2025-05-05,10,1314
C00437,รัตนา,ชาย,ต่ำกว่า 18,True,B03,อารีย์,2026-02-13,2026-02,089-xxx-2820,False,True,2026-02-21,5,565
C00438,ภูมิ,หญิง,25-34,False,B01,สยาม,2026-06-30,2026-06,084-xxx-6767,False,True,2026-07-16,2,230
C00439,ธนา,หญิง,35-44,False,B05,มหาวิทยาลัย,2025-08-08,2025-08,088-xxx-6502,False,True,2025-09-11,10,1314
C00440,ธีร,หญิง,55+,False,B01,สยาม,2026-06-25,2026-06,084-xxx-4794,False,False,,0,0
C00441,วีระ,ชาย,25-34,False,B05,มหาวิทยาลัย,2025-12-18,2025-12,082-xxx-4288,False,True,2025-12-25,9,1035
C00442,ศิริ,หญิง,25-34,False,B04,บางนา,2026-07-25,2026-07,082-xxx-3737,False,False,,0,0
C00443,สุดา,ชาย,18-24,False,B05,มหาวิทยาลัย,2025-06-14,2025-06,083-xxx-6886,False,False,,0,0
C00444,ธีร,หญิง,55+,False,B02,สีลม,2026-04-14,2026-04,087-xxx-3681,False,True,2026-05-24,5,655
C00445,นภัส,หญิง,18-24,False,B02,สีลม,2026-08-18,2026-08,085-xxx-8166,False,False,,0,0
C00446,นภัส,หญิง,ต่ำกว่า 18,True,B05,มหาวิทยาลัย,2025-12-05,2025-12,086-xxx-9729,False,True,2026-01-20,4,460
C00447,วรรณ,ชาย,ต่ำกว่า 18,True,B02,สีลม,2025-04-18,2025-04,081-xxx-1871,False,True,2025-04-24,15,2174
C00448,ธีร,หญิง,35-44,False,B01,สยาม,2026-01-25,2026-01,083-xxx-1117,False,True,2026-03-01,5,665
C00449,สมชาย,ชาย,18-24,False,B04,บางนา,2026-03-03,2026-03,085-xxx-8159,False,True,2026-03-07,3,275
C00450,วรรณ,ชาย,45-54,False,B02,สีลม,2025-07-23,2025-07,081-xxx-8627,False,True,2025-08-08,4,360
C00451,ศิริ,ไม่ระบุ,35-44,False,B02,สีลม,2026-06-20,2026-06,085-xxx-5735,False,True,2026-07-09,2,205
C00452,ปวีณ,หญิง,35-44,False,B03,อารีย์,2026-02-04,2026-02,084-xxx-1989,False,True,2026-03-10,4,295
C00453,อัญชลี,หญิง,18-24,False,B02,สีลม,2026-01-15,2026-01,088-xxx-5889,False,True,2026-02-11,4,369
C00454,ธนา,ชาย,35-44,False,B04,บางนา,2025-09-26,2025-09,087-xxx-3848,False,True,2025-11-10,3,290
C00455,สมชาย,หญิง,55+,False,B05,มหาวิทยาลัย,2025-08-25,2025-08,088-xxx-3623,False,False,,0,0
C00456,ทิพย์,หญิง,45-54,False,B05,มหาวิทยาลัย,2026-01-01,2026-01,085-xxx-3062,False,True,2026-01-17,5,1004
C00457,อัญชลี,ชาย,18-24,False,B02,สีลม,2025-04-18,2025-04,087-xxx-1336,False,True,2025-05-16,6,859
C00458,สมชาย,ชาย,18-24,False,B04,บางนา,2026-06-09,2026-06,089-xxx-2801,False,True,2026-06-19,1,150
C00459,อัญชลี,หญิง,25-34,False,B02,สีลม,2026-04-18,2026-04,085-xxx-4191,False,True,2026-04-27,9,1416
C00460,นภัส,หญิง,18-24,False,B03,อารีย์,2026-08-26,2026-08,089-xxx-1372,True,True,2026-09-11,2,325
C00461,ชนา,ชาย,ต่ำกว่า 18,True,B01,สยาม,2025-08-22,2025-08,089-xxx-2675,False,True,2025-08-26,12,1744
C00462,ศิริ,ชาย,18-24,False,B05,มหาวิทยาลัย,2026-05-10,2026-05,082-xxx-2813,False,True,2026-06-10,2,245
C00463,วรรณ,ชาย,25-34,False,B02,สีลม,2026-04-20,2026-04,089-xxx-2251,False,True,2026-05-12,5,889
C00464,ธนา,หญิง,35-44,False,B02,สีลม,2026-05-14,2026-05,088-xxx-4527,False,True,2026-06-18,1,105
C00465,ธนา,หญิง,18-24,False,B05,มหาวิทยาลัย,2025-06-03,2025-06,085-xxx-7521,False,True,2025-06-23,7,996
C00466,ชนา,หญิง,18-24,False,B03,อารีย์,2026-08-14,2026-08,088-xxx-8686,False,True,2026-09-06,1,150
C00467,อัญชลี,หญิง,18-24,False,B04,บางนา,2026-05-31,2026-05,088-xxx-5387,False,True,2026-06-03,6,931
C00468,มานพ,ชาย,35-44,False,B05,มหาวิทยาลัย,2025-10-01,2025-10,081-xxx-7919,False,False,,0,0
C00469,ธีร,หญิง,18-24,False,B01,สยาม,2025-11-14,2025-11,089-xxx-4418,False,True,2025-11-15,3,510
C00470,ชนา,หญิง,18-24,False,B03,อารีย์,2026-04-19,2026-04,081-xxx-6967,False,True,2026-04-23,1,135
C00471,กิตติ,หญิง,45-54,False,B05,มหาวิทยาลัย,2025-12-01,2025-12,082-xxx-3245,False,True,2025-12-08,4,305
C00472,ศิริ,ชาย,35-44,False,B01,สยาม,2026-08-04,2026-08,089-xxx-5400,False,True,2026-08-04,4,814
C00473,รัตนา,หญิง,18-24,False,B03,อารีย์,2026-05-15,2026-05,087-xxx-6546,False,False,,0,0
C00474,วีระ,ชาย,18-24,False,B01,สยาม,2026-07-01,2026-07,083-xxx-2994,False,True,2026-08-14,2,235
C00475,พิม,หญิง,55+,False,B03,อารีย์,2026-07-14,2026-07,083-xxx-4563,False,True,2026-07-17,2,180
C00476,ปวีณ,ชาย,18-24,False,B02,สีลม,2025-10-20,2025-10,082-xxx-3846,False,True,2025-11-22,8,684
C00477,อัญชลี,ชาย,35-44,False,B01,สยาม,2025-12-13,2025-12,087-xxx-2865,False,True,2025-12-23,8,1120
C00478,ณัฐ,ชาย,25-34,False,B02,สีลม,2026-06-08,2026-06,086-xxx-8843,False,False,,0,0
C00479,รัตนา,หญิง,35-44,False,B03,อารีย์,2026-08-02,2026-08,085-xxx-3660,False,True,2026-09-05,1,140
C00480,ปิยะ,ชาย,25-34,False,B02,สีลม,2025-09-21,2025-09,083-xxx-1657,False,True,2025-09-24,10,1242
C00481,ชนา,หญิง,25-34,False,B01,สยาม,2026-06-12,2026-06,087-xxx-6806,False,True,2026-08-19,2,410
C00482,กิตติ,หญิง,18-24,False,B01,สยาม,2025-11-28,2025-11,089-xxx-3019,False,True,2025-11-28,8,1244
C00483,รัตนา,หญิง,35-44,False,B01,สยาม,2025-10-03,2025-10,086-xxx-3204,False,True,2025-10-20,4,240
C00484,ปิยะ,หญิง,55+,False,B04,บางนา,2026-09-06,2026-09,088-xxx-9013,False,False,,0,0
C00485,เกศ,หญิง,25-34,False,B05,มหาวิทยาลัย,2025-05-29,2025-05,082-xxx-5217,False,False,,0,0
C00486,กิตติ,ชาย,25-34,False,B04,บางนา,2026-08-04,2026-08,084-xxx-2111,False,True,2026-08-06,2,254
C00487,ณัฐ,หญิง,35-44,False,B05,มหาวิทยาลัย,2026-04-14,2026-04,089-xxx-5802,False,True,2026-06-04,1,270
C00488,สมชาย,หญิง,35-44,False,B01,สยาม,2026-09-09,2026-09,083-xxx-9782,False,False,,0,0
C00489,ธนา,ชาย,35-44,False,B04,บางนา,2025-11-25,2025-11,086-xxx-9366,False,True,2025-11-26,4,450
C00490,รัตนา,หญิง,18-24,False,B05,มหาวิทยาลัย,2026-02-23,2026-02,082-xxx-3710,False,True,2026-02-24,2,270
C00491,วรรณ,ชาย,45-54,False,B05,มหาวิทยาลัย,2025-04-10,2025-04,082-xxx-6318,False,True,2025-05-16,25,3376
C00492,มานพ,หญิง,45-54,False,B01,สยาม,2025-07-15,2025-07,088-xxx-4340,False,True,2026-08-30,1,150
C00493,ณัฐ,ชาย,35-44,False,B01,สยาม,2025-09-05,2025-09,081-xxx-8296,False,True,2025-11-08,5,312
C00494,วรรณ,ชาย,ต่ำกว่า 18,True,B02,สีลม,2025-11-08,2025-11,083-xxx-7109,False,True,2025-11-13,8,846
C00495,สมชาย,ชาย,25-34,False,B01,สยาม,2026-08-12,2026-08,081-xxx-3446,False,True,2026-08-26,2,110
C00496,ปิยะ,ชาย,25-34,False,B05,มหาวิทยาลัย,2026-07-01,2026-07,084-xxx-2732,False,False,,0,0
C00497,ศิริ,ชาย,45-54,False,B01,สยาม,2026-05-07,2026-05,089-xxx-9732,False,False,,0,0
C00498,เกศ,หญิง,25-34,False,B03,อารีย์,2026-01-12,2026-01,086-xxx-4388,False,True,2026-03-03,3,360
C00499,นภัส,หญิง,25-34,False,B05,มหาวิทยาลัย,2026-07-12,2026-07,085-xxx-6791,False,True,2026-09-09,2,350
C00500,ทิพย์,หญิง,25-34,False,B05,มหาวิทยาลัย,2025-06-30,2025-06,087-xxx-9172,False,True,2025-07-15,3,318
C00501,สุดา,ชาย,18-24,False,B03,อารีย์,2025-12-24,2025-12,088-xxx-3737,False,True,2026-01-14,14,2050
C00502,วรรณ,หญิง,55+,False,B02,สีลม,2026-03-29,2026-03,083-xxx-6782,False,True,2026-04-02,2,315
C00503,อัญชลี,ชาย,35-44,False,B03,อารีย์,2025-11-15,2025-11,083-xxx-4392,False,True,2025-11-19,12,1290
C00504,ชนา,หญิง,35-44,False,B01,สยาม,2025-08-10,2025-08,088-xxx-7000,False,True,2025-08-20,10,935
C00505,กิตติ,หญิง,25-34,False,B01,สยาม,2026-04-21,2026-04,085-xxx-4896,False,True,2026-06-14,3,645
C00506,อรุณ,หญิง,18-24,False,B04,บางนา,2025-04-15,2025-04,082-xxx-4032,False,True,2025-05-20,6,940
C00507,สุดา,หญิง,35-44,False,B01,สยาม,2026-07-28,2026-07,081-xxx-9347,False,False,,0,0
C00508,สุดา,หญิง,18-24,False,B01,สยาม,2025-05-31,2025-05,089-xxx-5264,False,True,2025-07-23,5,395
C00509,จิรา,หญิง,18-24,False,B05,มหาวิทยาลัย,2025-06-02,2025-06,083-xxx-7329,False,True,2025-06-08,12,1994
C00510,รัตนา,ชาย,25-34,False,B01,สยาม,2026-08-27,2026-08,087-xxx-4099,False,False,,0,0
C00511,จิรา,หญิง,25-34,False,B04,บางนา,2025-07-28,2025-07,088-xxx-4301,False,True,2025-08-27,8,765
C00512,อัญชลี,หญิง,25-34,False,B01,สยาม,2025-10-14,2025-10,082-xxx-9667,False,True,2025-11-12,7,982
C00513,มานพ,ไม่ระบุ,45-54,False,B03,อารีย์,2026-05-30,2026-05,085-xxx-7377,False,True,2026-08-30,2,430
C00514,สมชาย,หญิง,25-34,False,B01,สยาม,2025-09-24,2025-09,088-xxx-7817,False,True,2025-09-28,3,390
C00515,วีระ,หญิง,35-44,False,B03,อารีย์,2026-02-19,2026-02,083-xxx-6648,False,True,2026-03-15,8,619
C00516,ภูมิ,ไม่ระบุ,25-34,False,B03,อารีย์,2026-05-08,2026-05,089-xxx-7748,False,True,2026-05-21,4,497
C00517,อรุณ,หญิง,35-44,False,B05,มหาวิทยาลัย,2026-04-04,2026-04,088-xxx-6655,False,True,2026-04-06,12,1074
C00518,ปวีณ,ชาย,25-34,False,B01,สยาม,2026-02-22,2026-02,082-xxx-8104,False,False,,0,0
C00519,รัตนา,หญิง,25-34,False,B04,บางนา,2026-01-15,2026-01,088-xxx-5701,False,True,2026-04-15,2,315
C00520,ธีร,หญิง,25-34,False,B04,บางนา,2026-09-13,2026-09,088-xxx-7575,False,False,,0,0
C00521,ศิริ,ชาย,25-34,False,B04,บางนา,2025-12-01,2025-12,087-xxx-5977,False,True,2025-12-11,15,2081
C00522,มานพ,ชาย,25-34,False,B05,มหาวิทยาลัย,2025-09-17,2025-09,087-xxx-7582,False,True,2025-11-17,1,150
C00523,ธนา,ชาย,35-44,False,B04,บางนา,2026-07-24,2026-07,084-xxx-6046,False,True,2026-07-29,1,60
C00524,สุดา,ชาย,18-24,False,B03,อารีย์,2026-05-11,2026-05,085-xxx-3564,False,True,2026-05-27,3,360
C00525,ปิยะ,หญิง,25-34,False,B01,สยาม,2025-04-09,2025-04,086-xxx-9142,False,True,2025-04-11,26,2619
C00526,ทิพย์,ชาย,35-44,False,B03,อารีย์,2026-02-05,2026-02,083-xxx-2183,False,True,2026-02-17,6,690
C00527,ธีร,ชาย,25-34,False,B05,มหาวิทยาลัย,2025-07-30,2025-07,082-xxx-6292,False,True,2025-09-02,10,1344
C00528,ณัฐ,ไม่ระบุ,25-34,False,B05,มหาวิทยาลัย,2026-09-09,2026-09,083-xxx-4068,False,False,,0,0
C00529,รัตนา,หญิง,55+,False,B02,สีลม,2025-11-25,2025-11,089-xxx-3223,False,True,2025-12-15,8,684
C00530,ปวีณ,ชาย,25-34,False,B04,บางนา,2026-01-22,2026-01,087-xxx-9352,False,True,2026-02-15,7,525
C00531,พิม,ชาย,45-54,False,B05,มหาวิทยาลัย,2026-08-01,2026-08,088-xxx-9344,False,False,,0,0
C00532,ภูมิ,ชาย,ต่ำกว่า 18,True,B05,มหาวิทยาลัย,2025-09-05,2025-09,083-xxx-9904,False,True,2025-12-24,6,1074
C00533,สุดา,หญิง,35-44,False,B01,สยาม,2025-05-16,2025-05,089-xxx-5726,False,True,2025-05-22,12,1969
C00534,อัญชลี,ไม่ระบุ,35-44,False,B01,สยาม,2026-09-10,2026-09,088-xxx-6345,False,False,,0,0
C00535,เกศ,ชาย,25-34,False,B04,บางนา,2026-03-26,2026-03,081-xxx-4530,False,False,,0,0
C00536,ชนา,หญิง,18-24,False,B05,มหาวิทยาลัย,2026-04-04,2026-04,083-xxx-5280,False,True,2026-04-15,3,285
C00537,ศิริ,หญิง,18-24,False,B01,สยาม,2026-09-07,2026-09,086-xxx-4706,False,False,,0,0
C00538,ทิพย์,หญิง,25-34,False,B03,อารีย์,2026-05-23,2026-05,082-xxx-6699,False,True,2026-07-03,3,739
C00539,เกศ,ชาย,ต่ำกว่า 18,True,B05,มหาวิทยาลัย,2025-04-01,2025-04,083-xxx-5549,True,True,2025-04-07,10,1100
C00540,กมล,ชาย,25-34,False,B03,อารีย์,2026-04-26,2026-04,082-xxx-2148,False,False,,0,0
C00541,ธนา,ชาย,25-34,False,B01,สยาม,2025-05-29,2025-05,081-xxx-2484,False,True,2025-06-08,21,2672
C00542,อัญชลี,ชาย,55+,False,B02,สีลม,2026-06-13,2026-06,088-xxx-1649,True,True,2026-07-07,1,95
C00543,อรุณ,ชาย,55+,False,B01,สยาม,2026-08-26,2026-08,089-xxx-5516,False,True,2026-09-02,1,60
C00544,ทิพย์,หญิง,25-34,False,B05,มหาวิทยาลัย,2026-08-21,2026-08,082-xxx-3106,False,True,2026-09-01,1,170
C00545,วีระ,ชาย,45-54,False,B02,สีลม,2026-08-08,2026-08,086-xxx-5363,False,False,,0,0
C00546,ภูมิ,หญิง,25-34,False,B04,บางนา,2026-03-08,2026-03,089-xxx-3795,False,True,2026-04-19,1,45
C00547,วีระ,หญิง,25-34,False,B01,สยาม,2026-03-15,2026-03,089-xxx-8178,False,True,2026-05-10,2,135
C00548,ณัฐ,หญิง,25-34,False,B04,บางนา,2026-09-11,2026-09,085-xxx-8709,False,False,,0,0
C00549,นภัส,หญิง,35-44,False,B02,สีลม,2026-03-22,2026-03,089-xxx-1506,False,True,2026-04-07,2,269
C00550,นภัส,ชาย,18-24,False,B04,บางนา,2026-08-24,2026-08,089-xxx-8990,False,True,2026-09-08,1,45
C00551,อัญชลี,ชาย,18-24,False,B02,สีลม,2026-04-12,2026-04,086-xxx-4040,False,True,2026-05-06,10,1503
C00552,ปิยะ,หญิง,35-44,False,B05,มหาวิทยาลัย,2025-06-29,2025-06,088-xxx-5367,False,True,2025-07-22,7,970
C00553,รัตนา,หญิง,35-44,False,B04,บางนา,2026-05-01,2026-05,088-xxx-1968,False,True,2026-05-02,5,673
C00554,สมชาย,ชาย,18-24,False,B01,สยาม,2026-05-12,2026-05,089-xxx-1499,False,False,,0,0
C00555,ปวีณ,ชาย,55+,False,B04,บางนา,2026-06-11,2026-06,086-xxx-8450,False,True,2026-06-22,4,533
C00556,ปิยะ,ชาย,35-44,False,B02,สีลม,2026-07-26,2026-07,085-xxx-4564,False,False,,0,0
C00557,กมล,ชาย,18-24,False,B01,สยาม,2026-08-25,2026-08,085-xxx-2401,False,False,,0,0
C00558,พิม,หญิง,35-44,False,B03,อารีย์,2025-12-07,2025-12,083-xxx-8056,False,True,2026-01-17,19,2258
C00559,ศิริ,หญิง,18-24,False,B02,สีลม,2026-01-19,2026-01,087-xxx-6285,False,True,2026-02-05,7,639
C00560,เกศ,หญิง,35-44,False,B02,สีลม,2025-07-12,2025-07,082-xxx-7957,False,True,2025-07-14,5,750
C00561,นภัส,ชาย,18-24,False,B01,สยาม,2025-12-05,2025-12,085-xxx-5290,False,True,2025-12-10,13,1498
C00562,กิตติ,หญิง,18-24,False,B05,มหาวิทยาลัย,2025-06-30,2025-06,085-xxx-4606,False,True,2025-07-24,5,603
C00563,อัญชลี,หญิง,25-34,False,B01,สยาม,2025-08-06,2025-08,081-xxx-8122,False,True,2025-09-15,4,614
C00564,ชนา,ชาย,25-34,False,B01,สยาม,2026-01-08,2026-01,082-xxx-6026,False,True,2026-01-14,1,130
C00565,ภูมิ,หญิง,25-34,False,B03,อารีย์,2026-07-24,2026-07,083-xxx-6183,False,True,2026-07-30,4,455
C00566,ณัฐ,หญิง,25-34,False,B01,สยาม,2025-05-14,2025-05,088-xxx-3694,False,True,2025-05-14,7,1239
C00567,เกศ,ไม่ระบุ,35-44,False,B04,บางนา,2026-06-08,2026-06,081-xxx-5459,False,True,2026-06-28,1,140
C00568,วีระ,ชาย,25-34,False,B02,สีลม,2025-07-08,2025-07,086-xxx-4653,False,True,2025-07-09,7,635
C00569,สมชาย,ชาย,25-34,False,B02,สีลม,2025-04-12,2025-04,084-xxx-4298,False,True,2025-04-21,23,3029
C00570,อรุณ,ชาย,35-44,False,B01,สยาม,2025-08-19,2025-08,084-xxx-9686,False,True,2025-09-12,4,300
C00571,ปวีณ,ชาย,35-44,False,B05,มหาวิทยาลัย,2025-08-09,2025-08,085-xxx-7634,False,True,2025-08-19,13,1320
C00572,ภูมิ,ชาย,55+,False,B05,มหาวิทยาลัย,2026-05-04,2026-05,088-xxx-3772,False,False,,0,0
C00573,ภูมิ,ชาย,18-24,False,B01,สยาม,2026-08-14,2026-08,085-xxx-9243,False,False,,0,0
C00574,อัญชลี,ชาย,55+,False,B05,มหาวิทยาลัย,2025-07-23,2025-07,082-xxx-8051,False,True,2025-07-29,9,1024
C00575,ภูมิ,หญิง,18-24,False,B05,มหาวิทยาลัย,2026-06-16,2026-06,084-xxx-1684,False,True,2026-08-10,1,75
C00576,สุดา,หญิง,18-24,False,B01,สยาม,2026-08-06,2026-08,088-xxx-9640,False,False,,0,0
C00577,ศิริ,หญิง,35-44,False,B05,มหาวิทยาลัย,2026-04-17,2026-04,086-xxx-7625,False,True,2026-04-24,5,660
C00578,นภัส,หญิง,18-24,False,B04,บางนา,2025-05-27,2025-05,083-xxx-8844,True,True,2025-07-09,17,2505
C00579,อรุณ,หญิง,35-44,False,B02,สีลม,2026-06-13,2026-06,082-xxx-9979,False,True,2026-09-07,1,135
C00580,เกศ,ชาย,25-34,False,B02,สีลม,2026-03-05,2026-03,084-xxx-5105,False,True,2026-04-07,1,65
C00581,รัตนา,ชาย,55+,False,B04,บางนา,2025-07-01,2025-07,083-xxx-8493,False,True,2025-07-03,6,875
C00582,ธนา,หญิง,35-44,False,B01,สยาม,2025-12-14,2025-12,084-xxx-4364,False,True,2025-12-14,18,1790
C00583,ภัทร,หญิง,25-34,False,B02,สีลม,2025-08-27,2025-08,084-xxx-6591,False,True,2025-09-28,6,918
C00584,รัตนา,ชาย,35-44,False,B03,อารีย์,2025-12-17,2025-12,082-xxx-9998,False,True,2025-12-26,23,2412
C00585,มานพ,หญิง,18-24,False,B01,สยาม,2026-09-11,2026-09,086-xxx-9431,False,False,,0,0
C00586,ธีร,ชาย,25-34,False,B05,มหาวิทยาลัย,2025-09-24,2025-09,088-xxx-4308,False,True,2026-06-04,3,395
C00587,สุดา,หญิง,35-44,False,B01,สยาม,2025-10-01,2025-10,086-xxx-3788,False,True,2025-10-17,6,1035
C00588,อัญชลี,ชาย,25-34,False,B01,สยาม,2026-04-06,2026-04,083-xxx-9099,False,True,2026-04-12,9,880
C00589,ปวีณ,หญิง,25-34,False,B05,มหาวิทยาลัย,2025-07-23,2025-07,088-xxx-9195,False,True,2025-08-09,16,2040
C00590,เกศ,หญิง,18-24,False,B01,สยาม,2026-02-01,2026-02,089-xxx-3588,False,True,2026-02-21,15,1655
C00591,ปิยะ,หญิง,25-34,False,B05,มหาวิทยาลัย,2025-04-12,2025-04,089-xxx-1959,False,True,2025-04-17,14,1420
C00592,ธนา,ชาย,35-44,False,B03,อารีย์,2026-01-22,2026-01,088-xxx-3249,False,True,2026-02-04,4,310
C00593,ปวีณ,ไม่ระบุ,35-44,False,B03,อารีย์,2026-06-16,2026-06,081-xxx-5105,False,False,,0,0
C00594,กิตติ,หญิง,18-24,False,B03,อารีย์,2026-04-07,2026-04,081-xxx-1712,False,True,2026-04-09,2,334
C00595,อัญชลี,หญิง,25-34,False,B05,มหาวิทยาลัย,2025-04-07,2025-04,089-xxx-8040,False,False,,0,0
C00596,ศิริ,หญิง,25-34,False,B05,มหาวิทยาลัย,2025-06-15,2025-06,089-xxx-7786,False,True,2025-06-17,2,350
C00597,ปวีณ,ชาย,25-34,False,B03,อารีย์,2026-04-29,2026-04,082-xxx-4643,False,True,2026-05-13,1,175
C00598,ธนา,หญิง,55+,False,B05,มหาวิทยาลัย,2025-06-22,2025-06,089-xxx-5729,False,True,2025-07-12,14,1455
C00599,กมล,ชาย,35-44,False,B05,มหาวิทยาลัย,2025-12-16,2025-12,084-xxx-6893,False,False,,0,0
C00600,ปิยะ,หญิง,18-24,False,B05,มหาวิทยาลัย,2025-09-15,2025-09,087-xxx-1266,False,True,2025-11-19,6,914
C00601,สมชาย,หญิง,35-44,False,B03,อารีย์,2026-08-24,2026-08,086-xxx-3488,False,True,2026-08-28,1,95
C00602,ทิพย์,ชาย,18-24,False,B01,สยาม,2025-08-15,2025-08,087-xxx-5021,False,True,2025-09-04,5,635
C00603,รัตนา,หญิง,25-34,False,B01,สยาม,2025-05-11,2025-05,082-xxx-1164,False,True,2025-05-25,15,1813
C00604,ธนา,หญิง,25-34,False,B02,สีลม,2025-09-28,2025-09,082-xxx-1687,True,True,2025-10-12,5,1140
C00605,สุดา,ชาย,25-34,False,B01,สยาม,2026-04-24,2026-04,085-xxx-9347,False,True,2026-06-01,2,711
C00606,พิม,หญิง,25-34,False,B03,อารีย์,2026-06-27,2026-06,083-xxx-9895,False,False,,0,0
C00607,สุดา,ชาย,25-34,False,B01,สยาม,2025-06-24,2025-06,086-xxx-7140,False,True,2025-06-29,2,190
C00608,ภูมิ,หญิง,18-24,False,B02,สีลม,2025-04-11,2025-04,083-xxx-7987,False,True,2025-05-15,4,614
C00609,อรุณ,ชาย,18-24,False,B01,สยาม,2026-07-10,2026-07,086-xxx-2954,False,True,2026-09-13,1,65
C00610,อัญชลี,ชาย,25-34,False,B02,สีลม,2026-03-12,2026-03,089-xxx-8142,False,True,2026-04-11,2,269
C00611,ศิริ,ชาย,25-34,False,B02,สีลม,2025-12-02,2025-12,088-xxx-1843,False,True,2025-12-16,7,1034
C00612,ภัทร,หญิง,45-54,False,B03,อารีย์,2025-12-04,2025-12,082-xxx-6279,False,True,2025-12-23,12,1450
C00613,ภัทร,ชาย,ต่ำกว่า 18,True,B01,สยาม,2025-05-14,2025-05,088-xxx-4127,False,True,2025-05-14,8,1024
C00614,วรรณ,ชาย,45-54,False,B05,มหาวิทยาลัย,2026-09-08,2026-09,086-xxx-9110,False,False,,0,0
C00615,ศิริ,ชาย,18-24,False,B02,สีลม,2025-10-21,2025-10,081-xxx-8619,True,True,2025-11-13,6,472
C00616,กมล,ชาย,35-44,False,B01,สยาม,2025-05-22,2025-05,083-xxx-5383,False,True,2025-06-03,7,915
C00617,กิตติ,หญิง,25-34,False,B02,สีลม,2025-07-30,2025-07,085-xxx-5075,False,False,,0,0
C00618,มานพ,ชาย,55+,False,B01,สยาม,2026-02-04,2026-02,086-xxx-6223,False,False,,0,0
C00619,กมล,หญิง,18-24,False,B03,อารีย์,2026-08-26,2026-08,089-xxx-6564,False,False,,0,0
C00620,เกศ,หญิง,18-24,False,B01,สยาม,2026-05-10,2026-05,083-xxx-2638,False,False,,0,0
C00621,พิม,ชาย,25-34,False,B05,มหาวิทยาลัย,2026-05-09,2026-05,083-xxx-2006,False,False,,0,0
C00622,นภัส,ชาย,35-44,False,B01,สยาม,2025-05-07,2025-05,089-xxx-6631,False,True,2025-05-23,4,990
C00623,ชนา,ชาย,35-44,False,B03,อารีย์,2025-11-08,2025-11,088-xxx-3800,False,True,2025-12-06,3,320
C00624,ภัทร,หญิง,45-54,False,B02,สีลม,2025-09-25,2025-09,088-xxx-6445,False,True,2025-10-09,14,2317
C00625,ภูมิ,ชาย,35-44,False,B02,สีลม,2025-12-02,2025-12,087-xxx-5843,False,True,2026-05-13,4,310
C00626,รัตนา,ชาย,55+,False,B05,มหาวิทยาลัย,2026-01-15,2026-01,088-xxx-2586,False,True,2026-02-02,7,865
C00627,กมล,หญิง,ต่ำกว่า 18,True,B01,สยาม,2026-05-10,2026-05,085-xxx-5234,False,True,2026-05-10,10,1459
C00628,สุดา,ชาย,25-34,False,B05,มหาวิทยาลัย,2026-06-19,2026-06,081-xxx-8836,False,True,2026-07-08,2,355
C00629,มานพ,ไม่ระบุ,18-24,False,B02,สีลม,2025-05-16,2025-05,089-xxx-1440,False,True,2025-06-19,3,355
C00630,มานพ,หญิง,35-44,False,B04,บางนา,2025-11-17,2025-11,085-xxx-7974,False,True,2025-12-14,6,585
C00631,กมล,หญิง,25-34,False,B01,สยาม,2026-08-13,2026-08,082-xxx-3651,False,False,,0,0
C00632,อัญชลี,ชาย,25-34,False,B04,บางนา,2025-08-05,2025-08,082-xxx-7987,False,True,2025-08-09,11,1555
C00633,ปิยะ,ชาย,18-24,False,B04,บางนา,2026-02-12,2026-02,086-xxx-4447,False,True,2026-03-11,4,405
C00634,วรรณ,ชาย,45-54,False,B02,สีลม,2026-04-13,2026-04,089-xxx-6088,False,True,2026-05-19,2,343
C00635,สุดา,ไม่ระบุ,25-34,False,B05,มหาวิทยาลัย,2026-09-13,2026-09,083-xxx-3606,False,False,,0,0
C00636,สมชาย,ชาย,ต่ำกว่า 18,True,B04,บางนา,2025-04-16,2025-04,083-xxx-9085,False,True,2025-05-04,25,3648
C00637,จิรา,ชาย,18-24,False,B05,มหาวิทยาลัย,2025-12-15,2025-12,086-xxx-1988,False,True,2026-01-04,6,484
C00638,วีระ,ชาย,25-34,False,B01,สยาม,2026-04-18,2026-04,081-xxx-5078,False,True,2026-05-01,2,180
C00639,สุดา,หญิง,25-34,False,B04,บางนา,2025-11-28,2025-11,086-xxx-5852,False,True,2026-01-02,10,855
C00640,พิม,หญิง,35-44,False,B03,อารีย์,2025-12-20,2025-12,081-xxx-3544,False,True,2025-12-20,4,723
C00641,พิม,ชาย,18-24,False,B02,สีลม,2026-08-08,2026-08,088-xxx-4523,False,False,,0,0
C00642,พิม,หญิง,18-24,False,B01,สยาม,2025-12-12,2025-12,087-xxx-9563,False,True,2026-01-17,8,1060
C00643,มานพ,หญิง,25-34,False,B01,สยาม,2025-11-15,2025-11,087-xxx-5616,False,True,2026-01-21,3,350
C00644,ภูมิ,หญิง,18-24,False,B05,มหาวิทยาลัย,2025-10-21,2025-10,089-xxx-8341,False,True,2025-10-28,2,375
C00645,ชนา,หญิง,35-44,False,B01,สยาม,2025-11-05,2025-11,082-xxx-9100,False,True,2025-12-28,10,1195
C00646,สมชาย,ชาย,45-54,False,B01,สยาม,2025-09-21,2025-09,089-xxx-5388,False,True,2025-09-23,14,1659
C00647,วรรณ,ชาย,25-34,False,B01,สยาม,2025-09-23,2025-09,081-xxx-8345,False,True,2025-10-05,9,1115
C00648,ปวีณ,หญิง,18-24,False,B02,สีลม,2026-02-01,2026-02,083-xxx-1412,False,True,2026-02-02,8,705
C00649,กิตติ,ชาย,45-54,False,B01,สยาม,2025-05-19,2025-05,081-xxx-9550,False,True,2025-06-03,1,55
C00650,ธีร,หญิง,55+,False,B01,สยาม,2025-12-09,2025-12,082-xxx-5002,False,True,2026-01-11,9,1387
C00651,ปิยะ,ชาย,25-34,False,B01,สยาม,2026-03-12,2026-03,089-xxx-2928,False,True,2026-08-23,1,89
C00652,อัญชลี,ชาย,35-44,False,B03,อารีย์,2026-08-01,2026-08,086-xxx-1877,False,True,2026-08-11,1,65
C00653,กิตติ,หญิง,18-24,False,B05,มหาวิทยาลัย,2026-08-10,2026-08,089-xxx-4416,False,True,2026-08-11,2,444
C00654,กิตติ,หญิง,35-44,False,B05,มหาวิทยาลัย,2026-03-24,2026-03,087-xxx-5783,False,False,,0,0
C00655,เกศ,ชาย,18-24,False,B01,สยาม,2026-03-06,2026-03,089-xxx-8562,False,True,2026-03-09,11,1434
C00656,สมชาย,หญิง,35-44,False,B03,อารีย์,2026-03-20,2026-03,087-xxx-6778,True,True,2026-03-20,12,1010
C00657,มานพ,ชาย,18-24,False,B04,บางนา,2025-04-21,2025-04,085-xxx-3479,False,True,2025-06-06,1,195
C00658,นภัส,ชาย,25-34,False,B01,สยาม,2025-05-06,2025-05,085-xxx-9699,False,True,2025-05-13,15,2459
C00659,กิตติ,ชาย,25-34,False,B05,มหาวิทยาลัย,2025-10-30,2025-10,087-xxx-5199,False,True,2025-11-03,7,665
C00660,ปวีณ,ชาย,45-54,False,B05,มหาวิทยาลัย,2025-04-13,2025-04,085-xxx-8453,False,True,2025-04-21,21,2523
C00661,อรุณ,หญิง,25-34,False,B02,สีลม,2026-02-28,2026-02,089-xxx-8849,False,True,2026-03-26,3,305
C00662,จิรา,ชาย,25-34,False,B05,มหาวิทยาลัย,2025-05-26,2025-05,086-xxx-1068,False,True,2025-07-01,2,185
C00663,วรรณ,หญิง,18-24,False,B03,อารีย์,2026-07-25,2026-07,086-xxx-2599,False,False,,0,0
C00664,ทิพย์,หญิง,25-34,False,B02,สีลม,2026-06-23,2026-06,089-xxx-6114,False,True,2026-07-16,1,95
C00665,สุดา,ไม่ระบุ,25-34,False,B01,สยาม,2025-07-05,2025-07,081-xxx-4719,False,True,2025-07-12,12,2270
C00666,สุดา,หญิง,25-34,False,B04,บางนา,2025-08-22,2025-08,089-xxx-1638,False,True,2025-09-01,9,1360
C00667,ธีร,หญิง,25-34,False,B02,สีลม,2026-01-29,2026-01,082-xxx-4177,False,True,2026-07-20,1,90
C00668,วีระ,ชาย,55+,False,B02,สีลม,2026-01-14,2026-01,085-xxx-4571,False,False,,0,0
C00669,นภัส,ชาย,18-24,False,B04,บางนา,2026-03-22,2026-03,083-xxx-7778,False,True,2026-04-22,3,315
C00670,อรุณ,หญิง,25-34,False,B04,บางนา,2025-12-30,2025-12,084-xxx-1578,False,True,2026-03-14,8,891
C00671,ศิริ,ไม่ระบุ,ต่ำกว่า 18,True,B05,มหาวิทยาลัย,2025-12-12,2025-12,084-xxx-8603,False,True,2026-02-19,3,400
C00672,จิรา,ชาย,18-24,False,B02,สีลม,2025-10-20,2025-10,082-xxx-9698,False,True,2025-10-30,5,524
C00673,เกศ,ชาย,18-24,False,B02,สีลม,2025-08-01,2025-08,089-xxx-7917,False,False,,0,0
C00674,วีระ,ชาย,55+,False,B01,สยาม,2026-01-23,2026-01,081-xxx-2349,False,True,2026-02-13,1,285
C00675,สมชาย,หญิง,45-54,False,B05,มหาวิทยาลัย,2026-04-05,2026-04,081-xxx-8459,False,False,,0,0
C00676,เกศ,หญิง,ต่ำกว่า 18,True,B04,บางนา,2026-06-13,2026-06,081-xxx-9504,False,True,2026-06-16,10,1435
C00677,ศิริ,หญิง,35-44,False,B01,สยาม,2025-12-31,2025-12,082-xxx-1137,False,True,2026-01-15,8,750
C00678,ธีร,หญิง,18-24,False,B01,สยาม,2026-02-27,2026-02,083-xxx-3403,False,True,2026-03-06,1,319
C00679,ชนา,หญิง,25-34,False,B02,สีลม,2026-06-18,2026-06,086-xxx-1658,False,True,2026-09-01,1,145
C00680,กิตติ,หญิง,25-34,False,B01,สยาม,2026-03-21,2026-03,086-xxx-8667,False,True,2026-06-22,3,260
C00681,กมล,หญิง,35-44,False,B02,สีลม,2026-01-20,2026-01,089-xxx-9137,False,False,,0,0
C00682,กิตติ,หญิง,25-34,False,B03,อารีย์,2026-08-30,2026-08,088-xxx-4723,False,True,2026-08-30,1,75
C00683,ชนา,ชาย,35-44,False,B02,สีลม,2025-11-23,2025-11,088-xxx-2053,False,False,,0,0
C00684,จิรา,ชาย,35-44,False,B02,สีลม,2026-02-08,2026-02,088-xxx-9153,False,True,2026-02-20,1,259
C00685,ชนา,หญิง,45-54,False,B03,อารีย์,2026-02-13,2026-02,084-xxx-9947,False,True,2026-02-27,3,235
C00686,ศิริ,ชาย,35-44,False,B04,บางนา,2025-09-10,2025-09,084-xxx-8555,False,True,2025-09-11,8,1519
C00687,อัญชลี,ชาย,35-44,False,B04,บางนา,2026-05-29,2026-05,085-xxx-6248,False,True,2026-07-11,1,95
C00688,รัตนา,หญิง,25-34,False,B04,บางนา,2025-04-07,2025-04,089-xxx-9191,False,True,2025-05-01,2,140
C00689,ชนา,ชาย,25-34,False,B05,มหาวิทยาลัย,2025-11-02,2025-11,086-xxx-9155,False,True,2025-11-21,2,229
C00690,วรรณ,ชาย,18-24,False,B04,บางนา,2025-08-23,2025-08,089-xxx-7673,False,True,2025-09-23,10,964
C00691,กิตติ,หญิง,35-44,False,B02,สีลม,2026-04-30,2026-04,086-xxx-7751,False,True,2026-05-05,9,1624
C00692,ศิริ,ชาย,18-24,False,B05,มหาวิทยาลัย,2026-01-22,2026-01,086-xxx-1004,False,False,,0,0
C00693,อัญชลี,ชาย,18-24,False,B04,บางนา,2026-08-13,2026-08,087-xxx-8801,False,False,,0,0
C00694,กมล,หญิง,25-34,False,B04,บางนา,2026-07-14,2026-07,081-xxx-1657,False,True,2026-08-19,2,115
C00695,ชนา,ชาย,25-34,False,B05,มหาวิทยาลัย,2025-07-19,2025-07,083-xxx-6284,False,True,2025-07-23,2,409
C00696,ภูมิ,ชาย,55+,False,B05,มหาวิทยาลัย,2025-05-17,2025-05,089-xxx-1657,False,True,2025-05-17,14,2310
C00697,วีระ,ชาย,35-44,False,B02,สีลม,2025-11-22,2025-11,083-xxx-7511,False,True,2025-12-09,17,2116
C00698,จิรา,หญิง,25-34,False,B01,สยาม,2025-06-19,2025-06,085-xxx-3460,False,True,2025-07-18,17,2215
C00699,รัตนา,ชาย,55+,False,B04,บางนา,2026-05-20,2026-05,084-xxx-6724,False,True,2026-06-06,4,493
C00700,นภัส,ชาย,55+,False,B05,มหาวิทยาลัย,2025-10-30,2025-10,087-xxx-4651,False,True,2026-01-02,4,610
C00701,นภัส,หญิง,25-34,False,B01,สยาม,2025-04-01,2025-04,087-xxx-6012,False,True,2025-04-01,8,803
C00702,ธนา,หญิง,18-24,False,B02,สีลม,2025-09-09,2025-09,083-xxx-5440,False,True,2025-11-26,5,779
C00703,อัญชลี,ชาย,25-34,False,B01,สยาม,2025-11-13,2025-11,086-xxx-7415,False,True,2025-12-05,9,820
C00704,ทิพย์,หญิง,45-54,False,B03,อารีย์,2026-02-21,2026-02,081-xxx-7161,False,True,2026-02-22,6,580
C00705,กิตติ,หญิง,35-44,False,B05,มหาวิทยาลัย,2026-09-09,2026-09,084-xxx-9415,False,False,,0,0
C00706,สมชาย,หญิง,18-24,False,B01,สยาม,2025-11-19,2025-11,082-xxx-7898,False,True,2026-07-29,1,75
C00707,ธีร,หญิง,25-34,False,B05,มหาวิทยาลัย,2025-09-11,2025-09,089-xxx-4137,False,True,2025-10-07,8,1105
C00708,กิตติ,ชาย,35-44,False,B04,บางนา,2026-03-24,2026-03,086-xxx-1999,False,True,2026-05-17,2,145
C00709,กมล,หญิง,25-34,False,B02,สีลม,2025-12-16,2025-12,087-xxx-8168,False,True,2025-12-17,17,2111
C00710,สมชาย,หญิง,25-34,False,B05,มหาวิทยาลัย,2025-07-18,2025-07,089-xxx-5268,False,True,2025-07-20,2,240
C00711,มานพ,หญิง,55+,False,B05,มหาวิทยาลัย,2025-07-27,2025-07,087-xxx-7867,False,True,2025-08-04,2,335
C00712,สมชาย,ไม่ระบุ,18-24,False,B05,มหาวิทยาลัย,2026-04-27,2026-04,087-xxx-2866,False,False,,0,0
C00713,รัตนา,หญิง,35-44,False,B04,บางนา,2025-07-29,2025-07,086-xxx-4454,False,True,2025-09-14,10,1512
C00714,สมชาย,ชาย,45-54,False,B02,สีลม,2026-01-12,2026-01,085-xxx-5323,False,True,2026-02-28,3,320
C00715,อัญชลี,หญิง,25-34,False,B05,มหาวิทยาลัย,2025-04-10,2025-04,089-xxx-6193,False,True,2025-06-01,9,1155
C00716,ปิยะ,หญิง,25-34,False,B04,บางนา,2025-05-02,2025-05,081-xxx-4728,False,True,2025-06-02,1,55
C00717,อรุณ,ชาย,25-34,False,B05,มหาวิทยาลัย,2026-06-08,2026-06,088-xxx-7498,False,False,,0,0
C00718,ธีร,ชาย,25-34,False,B01,สยาม,2026-07-19,2026-07,086-xxx-3100,False,True,2026-08-21,2,125
C00719,สุดา,ชาย,35-44,False,B04,บางนา,2025-11-26,2025-11,088-xxx-8917,False,True,2025-12-17,13,1259
C00720,รัตนา,หญิง,35-44,False,B05,มหาวิทยาลัย,2025-10-19,2025-10,081-xxx-6295,False,True,2025-10-27,7,954
C00721,กิตติ,ชาย,25-34,False,B01,สยาม,2026-03-13,2026-03,089-xxx-3837,False,True,2026-03-31,4,440
C00722,ณัฐ,ชาย,25-34,False,B03,อารีย์,2026-06-27,2026-06,083-xxx-7139,False,True,2026-07-11,1,75
C00723,นภัส,ชาย,35-44,False,B01,สยาม,2025-10-23,2025-10,081-xxx-8741,False,True,2025-12-16,4,695
C00724,เกศ,ไม่ระบุ,18-24,False,B01,สยาม,2026-03-21,2026-03,083-xxx-3378,False,True,2026-03-25,3,405
C00725,ปวีณ,ชาย,25-34,False,B02,สีลม,2025-12-06,2025-12,084-xxx-2030,False,True,2025-12-09,3,299
C00726,ธนา,ชาย,55+,False,B04,บางนา,2025-08-26,2025-08,082-xxx-7571,False,True,2025-09-09,9,1014
C00727,ชนา,ไม่ระบุ,25-34,False,B03,อารีย์,2025-12-28,2025-12,081-xxx-6463,False,True,2026-01-08,2,219
C00728,อัญชลี,ชาย,35-44,False,B04,บางนา,2026-04-03,2026-04,085-xxx-3971,False,True,2026-04-09,5,620
C00729,ทิพย์,ชาย,25-34,False,B02,สีลม,2025-04-14,2025-04,088-xxx-4131,False,True,2025-05-12,5,395
C00730,ชนา,หญิง,18-24,False,B03,อารีย์,2025-11-22,2025-11,082-xxx-6736,False,True,2025-11-29,9,862
C00731,ศิริ,หญิง,25-34,False,B02,สีลม,2025-09-08,2025-09,083-xxx-3274,False,True,2025-09-29,8,1129
C00732,กิตติ,ชาย,35-44,False,B02,สีลม,2025-07-24,2025-07,088-xxx-3188,False,True,2025-07-26,11,1233
C00733,วีระ,ชาย,25-34,False,B05,มหาวิทยาลัย,2025-11-17,2025-11,085-xxx-5146,False,False,,0,0
C00734,รัตนา,หญิง,35-44,False,B02,สีลม,2026-07-25,2026-07,082-xxx-5194,False,False,,0,0
C00735,ภัทร,หญิง,25-34,False,B05,มหาวิทยาลัย,2025-10-24,2025-10,088-xxx-3216,False,True,2025-11-07,3,559
C00736,ธีร,หญิง,18-24,False,B04,บางนา,2025-05-24,2025-05,082-xxx-8994,False,True,2025-06-11,2,280
C00737,มานพ,หญิง,18-24,False,B05,มหาวิทยาลัย,2026-06-10,2026-06,085-xxx-4361,False,True,2026-08-19,3,510
C00738,มานพ,ชาย,55+,False,B04,บางนา,2026-04-12,2026-04,086-xxx-9098,False,True,2026-04-23,3,330
C00739,กิตติ,ไม่ระบุ,25-34,False,B05,มหาวิทยาลัย,2025-05-08,2025-05,083-xxx-7692,False,True,2025-06-10,9,815
C00740,ธนา,หญิง,35-44,False,B03,อารีย์,2026-07-30,2026-07,089-xxx-7545,False,True,2026-08-02,4,589
C00741,ณัฐ,ชาย,25-34,False,B02,สีลม,2026-04-21,2026-04,081-xxx-8301,False,False,,0,0
C00742,วรรณ,หญิง,25-34,False,B02,สีลม,2025-11-28,2025-11,085-xxx-2673,False,True,2025-12-09,6,610
C00743,รัตนา,ชาย,45-54,False,B05,มหาวิทยาลัย,2025-04-18,2025-04,081-xxx-1209,False,True,2025-08-07,9,1133
C00744,กมล,หญิง,18-24,False,B02,สีลม,2025-04-27,2025-04,086-xxx-2790,False,True,2025-05-19,5,530
C00745,สมชาย,ชาย,25-34,False,B05,มหาวิทยาลัย,2025-11-06,2025-11,086-xxx-9000,False,False,,0,0
C00746,ชนา,หญิง,18-24,False,B05,มหาวิทยาลัย,2026-06-30,2026-06,082-xxx-4197,False,False,,0,0
C00747,กิตติ,ชาย,55+,False,B05,มหาวิทยาลัย,2026-06-26,2026-06,086-xxx-8364,False,True,2026-07-06,2,120
C00748,ธนา,หญิง,45-54,False,B01,สยาม,2026-04-19,2026-04,085-xxx-5359,False,True,2026-08-02,2,225
C00749,อรุณ,หญิง,25-34,False,B05,มหาวิทยาลัย,2026-05-22,2026-05,085-xxx-9481,False,True,2026-05-29,5,565
C00750,จิรา,ชาย,18-24,False,B03,อารีย์,2026-04-25,2026-04,086-xxx-5664,False,True,2026-04-30,5,573
C00751,ปิยะ,ชาย,25-34,False,B03,อารีย์,2026-09-03,2026-09,087-xxx-1199,False,False,,0,0
C00752,ชนา,หญิง,45-54,False,B05,มหาวิทยาลัย,2025-06-28,2025-06,089-xxx-1458,False,True,2025-07-03,12,1484
C00753,ภัทร,ชาย,35-44,False,B01,สยาม,2025-08-01,2025-08,086-xxx-2116,False,True,2025-08-12,12,1594
C00754,รัตนา,หญิง,45-54,False,B03,อารีย์,2026-06-25,2026-06,085-xxx-6640,False,True,2026-08-01,1,65
C00755,สุดา,หญิง,45-54,False,B03,อารีย์,2026-06-12,2026-06,088-xxx-6441,False,True,2026-06-12,13,2174
C00756,พิม,หญิง,18-24,False,B01,สยาม,2026-05-14,2026-05,089-xxx-8241,False,True,2026-05-24,6,765
C00757,อัญชลี,ชาย,25-34,False,B05,มหาวิทยาลัย,2025-05-26,2025-05,086-xxx-3645,False,True,2025-06-13,2,150
C00758,ทิพย์,ชาย,18-24,False,B02,สีลม,2025-08-01,2025-08,088-xxx-7705,False,True,2025-09-08,13,1923
C00759,อรุณ,ชาย,18-24,False,B01,สยาม,2025-04-03,2025-04,082-xxx-8876,False,True,2025-04-04,6,828
C00760,อัญชลี,ชาย,18-24,False,B02,สีลม,2025-05-18,2025-05,084-xxx-2827,False,True,2025-05-31,23,3307
C00761,ธนา,ชาย,55+,False,B05,มหาวิทยาลัย,2025-08-01,2025-08,088-xxx-8751,False,True,2025-08-04,5,564
C00762,กมล,ชาย,45-54,False,B01,สยาม,2026-05-24,2026-05,083-xxx-8661,False,True,2026-05-26,1,85
C00763,ศิริ,หญิง,45-54,False,B03,อารีย์,2026-05-16,2026-05,086-xxx-4681,False,True,2026-07-01,7,549
C00764,กิตติ,ชาย,18-24,False,B01,สยาม,2026-07-24,2026-07,087-xxx-7716,False,True,2026-07-24,1,60
C00765,วรรณ,ชาย,18-24,False,B01,สยาม,2025-05-09,2025-05,081-xxx-9387,True,True,2025-05-27,14,1980
C00766,จิรา,หญิง,18-24,False,B05,มหาวิทยาลัย,2025-12-25,2025-12,083-xxx-9892,False,False,,0,0
C00767,อรุณ,หญิง,25-34,False,B04,บางนา,2025-09-10,2025-09,088-xxx-5848,False,True,2025-09-14,10,1010
C00768,ภัทร,ชาย,45-54,False,B04,บางนา,2025-06-15,2025-06,084-xxx-4545,False,True,2025-06-22,9,1070
C00769,สมชาย,หญิง,25-34,False,B05,มหาวิทยาลัย,2025-05-11,2025-05,088-xxx-7744,True,True,2025-06-13,1,65
C00770,ปวีณ,ชาย,25-34,False,B04,บางนา,2026-03-09,2026-03,085-xxx-8296,False,True,2026-03-17,10,1594
C00771,ทิพย์,ชาย,45-54,False,B01,สยาม,2025-08-20,2025-08,086-xxx-7973,False,True,2025-09-04,14,1724
C00772,ภูมิ,ชาย,25-34,False,B03,อารีย์,2026-04-01,2026-04,083-xxx-5988,False,True,2026-07-28,1,70
C00773,พิม,ชาย,45-54,False,B04,บางนา,2025-11-07,2025-11,084-xxx-7038,False,True,2025-11-15,2,369
C00774,วีระ,หญิง,55+,False,B02,สีลม,2025-12-27,2025-12,089-xxx-9520,False,True,2026-02-18,2,165
C00775,ธีร,หญิง,25-34,False,B05,มหาวิทยาลัย,2025-09-13,2025-09,086-xxx-3293,False,False,,0,0
C00776,ทิพย์,ชาย,35-44,False,B05,มหาวิทยาลัย,2025-11-04,2025-11,088-xxx-1506,False,True,2025-11-04,21,3500
C00777,ปิยะ,ชาย,35-44,False,B03,อารีย์,2026-04-06,2026-04,083-xxx-5976,False,True,2026-04-10,7,800
C00778,สมชาย,ชาย,18-24,False,B02,สีลม,2025-05-03,2025-05,088-xxx-6605,False,True,2025-06-02,7,1039
C00779,วีระ,ชาย,25-34,False,B04,บางนา,2026-08-24,2026-08,085-xxx-4916,False,False,,0,0
C00780,อัญชลี,ไม่ระบุ,18-24,False,B03,อารีย์,2026-03-02,2026-03,081-xxx-3332,False,True,2026-03-27,5,420
C00781,ศิริ,ชาย,55+,False,B01,สยาม,2025-05-24,2025-05,086-xxx-1883,False,True,2025-06-05,6,1152
C00782,กมล,ชาย,25-34,False,B03,อารีย์,2026-02-07,2026-02,083-xxx-4139,False,True,2026-02-16,8,994
C00783,ธนา,ชาย,25-34,False,B05,มหาวิทยาลัย,2026-02-04,2026-02,083-xxx-8369,False,False,,0,0
C00784,ชนา,หญิง,18-24,False,B04,บางนา,2026-05-19,2026-05,085-xxx-2702,False,True,2026-07-31,3,458
C00785,ธีร,หญิง,45-54,False,B04,บางนา,2025-06-26,2025-06,081-xxx-3642,False,True,2025-08-08,5,630
C00786,ณัฐ,ชาย,25-34,False,B01,สยาม,2026-08-07,2026-08,089-xxx-3897,False,False,,0,0
C00787,ปวีณ,ชาย,18-24,False,B05,มหาวิทยาลัย,2025-08-21,2025-08,083-xxx-1020,False,True,2025-10-08,1,240
C00788,อัญชลี,ไม่ระบุ,25-34,False,B02,สีลม,2025-10-13,2025-10,082-xxx-4084,False,True,2025-11-13,2,217
C00789,เกศ,หญิง,25-34,False,B01,สยาม,2025-09-23,2025-09,083-xxx-9412,False,True,2025-09-26,17,2474
C00790,ปิยะ,หญิง,25-34,False,B04,บางนา,2026-04-15,2026-04,089-xxx-1390,False,True,2026-05-30,9,1187
C00791,วรรณ,หญิง,25-34,False,B04,บางนา,2026-03-16,2026-03,083-xxx-9243,False,True,2026-03-21,2,305
C00792,มานพ,หญิง,18-24,False,B01,สยาม,2025-08-10,2025-08,086-xxx-5855,False,True,2025-10-10,11,1520
C00793,สมชาย,หญิง,18-24,False,B05,มหาวิทยาลัย,2026-06-24,2026-06,086-xxx-3403,False,True,2026-07-09,3,210
C00794,สมชาย,หญิง,18-24,False,B04,บางนา,2025-06-06,2025-06,083-xxx-5536,False,True,2025-06-06,2,230
C00795,กิตติ,ไม่ระบุ,25-34,False,B02,สีลม,2025-12-23,2025-12,082-xxx-5546,False,True,2025-12-30,1,60
C00796,กิตติ,ชาย,35-44,False,B01,สยาม,2025-04-21,2025-04,084-xxx-7158,False,True,2025-05-01,11,1771
C00797,สุดา,หญิง,18-24,False,B01,สยาม,2025-11-22,2025-11,082-xxx-6223,False,True,2025-12-22,4,470
C00798,กิตติ,ชาย,25-34,False,B02,สีลม,2026-01-04,2026-01,085-xxx-4666,False,True,2026-01-06,16,1867
C00799,ภัทร,หญิง,35-44,False,B02,สีลม,2026-04-21,2026-04,082-xxx-8183,False,True,2026-04-22,1,89
C00800,มานพ,หญิง,18-24,False,B01,สยาม,2026-06-30,2026-06,085-xxx-7442,False,True,2026-08-31,1,55
C00801,ชนา,ชาย,35-44,False,B03,อารีย์,2026-05-13,2026-05,086-xxx-8976,False,True,2026-07-13,4,630
C00802,มานพ,ชาย,18-24,False,B02,สีลม,2025-09-09,2025-09,086-xxx-6319,False,True,2025-09-23,6,964
C00803,กิตติ,ชาย,35-44,False,B05,มหาวิทยาลัย,2026-01-16,2026-01,086-xxx-9827,False,True,2026-01-23,7,685
C00804,ชนา,หญิง,25-34,False,B05,มหาวิทยาลัย,2026-05-25,2026-05,082-xxx-5656,False,True,2026-05-27,8,994
C00805,ณัฐ,หญิง,25-34,False,B05,มหาวิทยาลัย,2026-01-15,2026-01,087-xxx-4516,False,True,2026-02-03,4,533
C00806,รัตนา,หญิง,18-24,False,B01,สยาม,2026-04-08,2026-04,082-xxx-1106,False,True,2026-04-20,3,285
C00807,มานพ,ชาย,45-54,False,B01,สยาม,2025-05-17,2025-05,086-xxx-5781,False,True,2025-06-02,18,1964
C00808,ศิริ,ชาย,25-34,False,B03,อารีย์,2026-05-17,2026-05,085-xxx-1318,False,True,2026-05-23,3,205
C00809,ธนา,ชาย,25-34,False,B02,สีลม,2025-07-06,2025-07,088-xxx-5383,False,True,2025-09-22,10,1196
C00810,มานพ,ไม่ระบุ,45-54,False,B04,บางนา,2026-02-16,2026-02,084-xxx-8386,False,True,2026-03-13,4,529
C00811,สุดา,หญิง,18-24,False,B03,อารีย์,2026-08-19,2026-08,083-xxx-4738,False,True,2026-09-12,1,60
C00812,ชนา,ชาย,45-54,False,B03,อารีย์,2026-01-15,2026-01,087-xxx-5941,False,True,2026-01-21,7,660
C00813,จิรา,ไม่ระบุ,18-24,False,B02,สีลม,2026-06-10,2026-06,089-xxx-6805,False,True,2026-07-13,3,305
C00814,อรุณ,หญิง,45-54,False,B01,สยาม,2026-07-14,2026-07,086-xxx-2026,False,True,2026-08-28,1,75
C00815,สุดา,หญิง,18-24,False,B02,สีลม,2025-05-06,2025-05,085-xxx-1217,False,True,2025-05-14,10,1537
C00816,ชนา,หญิง,45-54,False,B01,สยาม,2026-02-24,2026-02,084-xxx-3384,False,True,2026-04-04,3,544
C00817,ปิยะ,ชาย,ต่ำกว่า 18,True,B05,มหาวิทยาลัย,2026-03-04,2026-03,088-xxx-1930,False,True,2026-03-21,5,619
C00818,เกศ,ชาย,25-34,False,B01,สยาม,2026-09-14,2026-09,083-xxx-1971,False,False,,0,0
C00819,นภัส,หญิง,35-44,False,B02,สีลม,2026-02-19,2026-02,087-xxx-6457,False,True,2026-02-25,3,279
C00820,ภูมิ,ชาย,18-24,False,B02,สีลม,2026-03-11,2026-03,081-xxx-9916,False,False,,0,0
C00821,อรุณ,หญิง,18-24,False,B01,สยาม,2026-03-15,2026-03,087-xxx-4168,False,True,2026-03-23,2,250
C00822,วีระ,ชาย,25-34,False,B02,สีลม,2025-06-20,2025-06,087-xxx-8776,False,True,2025-08-11,10,2020
C00823,ณัฐ,หญิง,25-34,False,B04,บางนา,2025-06-29,2025-06,086-xxx-1069,False,True,2025-07-09,4,300
C00824,ธีร,ชาย,18-24,False,B02,สีลม,2026-03-08,2026-03,089-xxx-1372,True,True,2026-07-06,4,345
C00825,พิม,หญิง,18-24,False,B02,สีลม,2025-04-03,2025-04,086-xxx-5796,False,True,2025-04-03,18,2232
C00826,เกศ,ชาย,25-34,False,B05,มหาวิทยาลัย,2025-06-29,2025-06,084-xxx-2524,False,True,2025-07-03,3,560
C00827,เกศ,หญิง,25-34,False,B02,สีลม,2025-08-06,2025-08,084-xxx-6169,False,True,2025-08-24,27,4032
C00828,รัตนา,ชาย,35-44,False,B01,สยาม,2025-11-16,2025-11,087-xxx-3825,False,True,2025-11-17,16,2959
C00829,สมชาย,ชาย,18-24,False,B03,อารีย์,2026-07-19,2026-07,085-xxx-6401,False,False,,0,0
C00830,ปิยะ,หญิง,25-34,False,B05,มหาวิทยาลัย,2025-11-20,2025-11,082-xxx-1664,False,True,2025-12-02,5,609
C00831,สมชาย,ชาย,35-44,False,B03,อารีย์,2026-07-21,2026-07,083-xxx-1618,False,True,2026-08-30,1,65
C00832,อัญชลี,หญิง,25-34,False,B01,สยาม,2025-07-03,2025-07,083-xxx-1360,False,True,2025-08-09,15,1949
C00833,ภูมิ,หญิง,35-44,False,B04,บางนา,2025-04-10,2025-04,083-xxx-7933,False,True,2025-04-12,23,2973
C00834,มานพ,หญิง,18-24,False,B03,อารีย์,2026-07-26,2026-07,084-xxx-5560,False,True,2026-07-26,7,745
C00835,ภัทร,หญิง,35-44,False,B01,สยาม,2025-12-07,2025-12,085-xxx-7788,False,True,2026-02-10,1,145
C00836,พิม,หญิง,18-24,False,B04,บางนา,2025-06-11,2025-06,083-xxx-9561,False,True,2025-06-20,11,1190
C00837,ปิยะ,ชาย,25-34,False,B04,บางนา,2026-04-25,2026-04,082-xxx-7951,False,True,2026-05-30,6,685
C00838,ปิยะ,หญิง,25-34,False,B05,มหาวิทยาลัย,2026-05-05,2026-05,087-xxx-6043,False,True,2026-06-15,2,120
C00839,ภัทร,ชาย,18-24,False,B02,สีลม,2026-04-18,2026-04,085-xxx-4493,False,True,2026-04-25,3,380
C00840,กิตติ,ชาย,18-24,False,B05,มหาวิทยาลัย,2026-01-03,2026-01,088-xxx-8466,False,True,2026-01-06,6,748
C00841,มานพ,ชาย,18-24,False,B03,อารีย์,2026-07-04,2026-07,085-xxx-7572,False,False,,0,0
C00842,กิตติ,หญิง,18-24,False,B04,บางนา,2026-04-15,2026-04,085-xxx-9289,False,True,2026-05-23,7,555
C00843,สมชาย,หญิง,35-44,False,B05,มหาวิทยาลัย,2026-01-05,2026-01,085-xxx-2724,False,True,2026-06-05,2,210
C00844,กิตติ,หญิง,18-24,False,B05,มหาวิทยาลัย,2025-12-13,2025-12,088-xxx-8707,False,True,2025-12-13,10,1024
C00845,สุดา,ชาย,25-34,False,B04,บางนา,2026-05-15,2026-05,085-xxx-9166,False,True,2026-05-15,2,239
C00846,ปวีณ,ชาย,45-54,False,B05,มหาวิทยาลัย,2025-06-18,2025-06,086-xxx-7021,False,True,2025-07-04,1,155
C00847,พิม,หญิง,18-24,False,B01,สยาม,2025-10-21,2025-10,087-xxx-1788,True,True,2025-12-01,8,949
C00848,อัญชลี,หญิง,25-34,False,B02,สีลม,2026-02-22,2026-02,082-xxx-7593,False,True,2026-06-08,1,228
C00849,ปวีณ,ชาย,25-34,False,B03,อารีย์,2026-07-30,2026-07,088-xxx-3884,False,False,,0,0
C00850,ชนา,หญิง,ต่ำกว่า 18,True,B04,บางนา,2026-02-09,2026-02,089-xxx-4765,False,True,2026-03-12,2,215
C00851,ปิยะ,ชาย,25-34,False,B02,สีลม,2025-08-22,2025-08,086-xxx-8308,False,True,2025-09-01,18,2329
C00852,ปิยะ,ไม่ระบุ,18-24,False,B05,มหาวิทยาลัย,2025-10-18,2025-10,085-xxx-2538,False,True,2025-10-29,18,2079
C00853,นภัส,หญิง,55+,False,B01,สยาม,2025-05-04,2025-05,089-xxx-5283,False,True,2025-05-04,21,2624
C00854,รัตนา,หญิง,55+,False,B04,บางนา,2025-08-03,2025-08,081-xxx-9625,False,True,2025-08-18,3,335
C00855,กมล,หญิง,25-34,False,B01,สยาม,2025-09-06,2025-09,086-xxx-7827,False,True,2025-09-24,6,930
C00856,ภัทร,ชาย,25-34,False,B03,อารีย์,2026-01-17,2026-01,082-xxx-3312,False,True,2026-01-20,3,225
C00857,อรุณ,ชาย,35-44,False,B05,มหาวิทยาลัย,2025-07-11,2025-07,081-xxx-6493,False,True,2025-09-13,12,1455
C00858,ธนา,ชาย,25-34,False,B02,สีลม,2025-05-07,2025-05,086-xxx-1905,False,True,2025-05-20,20,2379
C00859,จิรา,หญิง,55+,False,B03,อารีย์,2026-05-29,2026-05,081-xxx-1145,False,False,,0,0
C00860,วรรณ,หญิง,45-54,False,B05,มหาวิทยาลัย,2025-11-04,2025-11,087-xxx-1569,False,True,2025-11-11,2,165
C00861,อรุณ,ชาย,45-54,False,B04,บางนา,2026-04-17,2026-04,087-xxx-4535,False,True,2026-08-02,1,299
C00862,ธีร,ชาย,25-34,False,B01,สยาม,2026-07-21,2026-07,084-xxx-3267,True,True,2026-07-23,2,415
C00863,ปิยะ,หญิง,25-34,False,B02,สีลม,2026-05-23,2026-05,087-xxx-6431,False,True,2026-05-28,6,834
C00864,ปิยะ,ชาย,18-24,False,B05,มหาวิทยาลัย,2026-02-21,2026-02,081-xxx-8739,False,False,,0,0
C00865,ศิริ,ชาย,45-54,False,B01,สยาม,2025-11-08,2025-11,082-xxx-6865,False,True,2025-12-24,6,735
C00866,ปิยะ,หญิง,25-34,False,B01,สยาม,2025-04-27,2025-04,083-xxx-5673,False,True,2025-04-27,23,3089
C00867,อรุณ,ชาย,35-44,False,B05,มหาวิทยาลัย,2025-04-02,2025-04,089-xxx-9793,False,True,2025-04-18,10,1262
C00868,ชนา,หญิง,18-24,False,B05,มหาวิทยาลัย,2026-01-10,2026-01,085-xxx-2119,False,True,2026-02-23,6,805
C00869,ทิพย์,หญิง,45-54,False,B02,สีลม,2025-10-20,2025-10,089-xxx-6404,False,True,2026-01-02,13,1932
C00870,มานพ,หญิง,25-34,False,B01,สยาม,2026-09-09,2026-09,081-xxx-7051,False,False,,0,0
C00871,ศิริ,ชาย,25-34,False,B01,สยาม,2026-08-21,2026-08,087-xxx-9675,False,True,2026-08-23,1,75
C00872,อัญชลี,ชาย,25-34,False,B04,บางนา,2026-02-23,2026-02,087-xxx-7747,False,True,2026-03-10,4,684
C00873,สมชาย,ชาย,ต่ำกว่า 18,True,B02,สีลม,2026-08-08,2026-08,085-xxx-5314,False,False,,0,0
C00874,กิตติ,หญิง,25-34,False,B01,สยาม,2025-08-30,2025-08,086-xxx-3754,False,True,2025-08-30,8,1299
C00875,สุดา,ชาย,25-34,False,B01,สยาม,2026-03-08,2026-03,087-xxx-6954,False,True,2026-04-16,2,130
C00876,รัตนา,หญิง,25-34,False,B02,สีลม,2025-06-12,2025-06,082-xxx-3971,False,True,2025-07-07,7,760
C00877,นภัส,หญิง,35-44,False,B05,มหาวิทยาลัย,2025-09-25,2025-09,087-xxx-7115,False,True,2025-10-01,7,1113
C00878,อัญชลี,ชาย,25-34,False,B05,มหาวิทยาลัย,2026-03-21,2026-03,081-xxx-3996,False,True,2026-04-18,3,330
C00879,ภัทร,หญิง,18-24,False,B03,อารีย์,2026-01-04,2026-01,084-xxx-4991,False,True,2026-01-10,12,1904
C00880,เกศ,หญิง,25-34,False,B04,บางนา,2025-06-02,2025-06,088-xxx-8500,False,True,2025-06-14,24,3177
C00881,อัญชลี,หญิง,25-34,False,B05,มหาวิทยาลัย,2026-06-11,2026-06,086-xxx-4684,False,True,2026-07-04,2,304
C00882,อรุณ,ชาย,18-24,False,B03,อารีย์,2025-12-09,2025-12,083-xxx-2409,False,True,2026-01-29,11,1323
C00883,ศิริ,ชาย,35-44,False,B02,สีลม,2025-10-04,2025-10,082-xxx-4995,False,True,2025-10-15,14,1974
C00884,ภัทร,ชาย,45-54,False,B01,สยาม,2025-09-07,2025-09,081-xxx-6451,True,True,2025-10-24,5,460
C00885,อัญชลี,หญิง,35-44,False,B01,สยาม,2026-03-23,2026-03,083-xxx-2699,False,True,2026-04-11,3,320
C00886,ทิพย์,หญิง,35-44,False,B01,สยาม,2025-08-29,2025-08,085-xxx-4070,False,True,2025-09-04,4,520
C00887,ศิริ,หญิง,25-34,False,B03,อารีย์,2026-04-26,2026-04,085-xxx-5150,False,True,2026-06-09,2,305
C00888,เกศ,หญิง,45-54,False,B04,บางนา,2026-08-26,2026-08,089-xxx-1570,False,False,,0,0
C00889,ศิริ,ชาย,55+,False,B03,อารีย์,2026-04-10,2026-04,084-xxx-7978,False,True,2026-04-25,14,1949
C00890,ศิริ,หญิง,25-34,False,B04,บางนา,2026-03-20,2026-03,086-xxx-2110,False,True,2026-03-24,5,575
C00891,สมชาย,หญิง,35-44,False,B05,มหาวิทยาลัย,2025-10-20,2025-10,088-xxx-3993,False,True,2025-11-03,4,649
C00892,วีระ,ชาย,18-24,False,B04,บางนา,2025-10-12,2025-10,086-xxx-8545,False,True,2025-11-24,11,1115
C00893,ณัฐ,หญิง,35-44,False,B05,มหาวิทยาลัย,2025-08-18,2025-08,085-xxx-2256,False,False,,0,0
C00894,สมชาย,ชาย,35-44,False,B03,อารีย์,2026-08-26,2026-08,083-xxx-4789,False,True,2026-08-30,1,90
C00895,ณัฐ,ชาย,35-44,False,B03,อารีย์,2026-06-17,2026-06,086-xxx-1081,False,False,,0,0
C00896,ชนา,ชาย,55+,False,B01,สยาม,2026-06-23,2026-06,083-xxx-8971,False,True,2026-09-04,1,409
C00897,ภูมิ,ไม่ระบุ,45-54,False,B04,บางนา,2026-03-13,2026-03,085-xxx-9093,False,True,2026-03-15,3,260
C00898,ปวีณ,ชาย,18-24,False,B05,มหาวิทยาลัย,2026-08-31,2026-08,089-xxx-7581,False,False,,0,0
C00899,ศิริ,ชาย,25-34,False,B01,สยาม,2025-09-06,2025-09,086-xxx-2301,False,True,2025-10-02,2,340
C00900,ชนา,ชาย,25-34,False,B01,สยาม,2026-05-04,2026-05,086-xxx-8185,False,True,2026-05-14,1,85
C00901,อัญชลี,ชาย,18-24,False,B03,อารีย์,2026-08-17,2026-08,086-xxx-3438,False,False,,0,0
C00902,ทิพย์,ชาย,45-54,False,B05,มหาวิทยาลัย,2025-05-26,2025-05,089-xxx-9949,False,True,2025-06-18,5,370
C00903,สุดา,หญิง,55+,False,B05,มหาวิทยาลัย,2026-02-16,2026-02,086-xxx-5336,False,True,2026-03-21,2,239
C00904,ศิริ,หญิง,18-24,False,B05,มหาวิทยาลัย,2026-01-16,2026-01,083-xxx-4121,False,True,2026-01-16,4,490
C00905,จิรา,หญิง,18-24,False,B01,สยาม,2026-07-13,2026-07,088-xxx-9470,False,True,2026-09-11,1,230
C00906,ปวีณ,ชาย,55+,False,B02,สีลม,2025-10-30,2025-10,084-xxx-8359,False,True,2025-11-10,7,745
C00907,ปวีณ,หญิง,25-34,False,B01,สยาม,2025-08-19,2025-08,084-xxx-2204,False,True,2025-09-28,22,2344
C00908,ทิพย์,ชาย,18-24,False,B05,มหาวิทยาลัย,2026-05-09,2026-05,083-xxx-1064,False,True,2026-06-06,6,679
C00909,ณัฐ,หญิง,18-24,False,B03,อารีย์,2026-06-18,2026-06,084-xxx-5989,False,True,2026-08-14,1,60
C00910,ปวีณ,ไม่ระบุ,45-54,False,B01,สยาม,2025-04-09,2025-04,082-xxx-5235,False,True,2025-04-10,24,3511
C00911,สมชาย,หญิง,18-24,False,B05,มหาวิทยาลัย,2025-10-18,2025-10,085-xxx-1102,False,False,,0,0
C00912,ศิริ,หญิง,35-44,False,B03,อารีย์,2026-06-20,2026-06,088-xxx-1102,False,True,2026-06-30,6,643
C00913,ธีร,ชาย,18-24,False,B05,มหาวิทยาลัย,2026-06-20,2026-06,088-xxx-3135,False,True,2026-07-20,3,399
C00914,รัตนา,หญิง,18-24,False,B04,บางนา,2026-07-18,2026-07,089-xxx-8284,False,False,,0,0
C00915,ภัทร,หญิง,35-44,False,B01,สยาม,2025-06-15,2025-06,082-xxx-5997,False,True,2025-06-16,12,1299
C00916,มานพ,หญิง,35-44,False,B03,อารีย์,2026-08-18,2026-08,086-xxx-2823,False,False,,0,0
C00917,อัญชลี,หญิง,18-24,False,B02,สีลม,2026-01-13,2026-01,089-xxx-6192,True,True,2026-02-09,1,75
C00918,ธนา,ชาย,18-24,False,B01,สยาม,2025-09-30,2025-09,089-xxx-7293,False,True,2025-10-19,2,395
C00919,ภูมิ,ชาย,18-24,False,B01,สยาม,2026-02-26,2026-02,085-xxx-7642,False,True,2026-03-22,7,794
C00920,วรรณ,ชาย,25-34,False,B04,บางนา,2025-07-29,2025-07,082-xxx-1219,False,True,2025-08-24,16,2094
C00921,ปิยะ,หญิง,25-34,False,B05,มหาวิทยาลัย,2026-07-10,2026-07,082-xxx-2288,False,False,,0,0
C00922,สุดา,หญิง,35-44,False,B05,มหาวิทยาลัย,2026-06-01,2026-06,085-xxx-5466,False,True,2026-06-13,1,60
C00923,อัญชลี,ชาย,18-24,False,B05,มหาวิทยาลัย,2025-08-22,2025-08,083-xxx-5038,False,True,2025-09-01,2,320
C00924,พิม,ชาย,25-34,False,B04,บางนา,2026-05-20,2026-05,084-xxx-8195,False,True,2026-06-06,1,28
C00925,จิรา,ชาย,18-24,False,B01,สยาม,2025-09-18,2025-09,084-xxx-9948,False,True,2025-10-11,8,768
C00926,สมชาย,ชาย,18-24,False,B03,อารีย์,2026-03-30,2026-03,088-xxx-2375,False,True,2026-04-03,2,390
C00927,เกศ,หญิง,ต่ำกว่า 18,True,B02,สีลม,2026-07-20,2026-07,081-xxx-6928,False,True,2026-08-13,2,185
C00928,ธีร,หญิง,ต่ำกว่า 18,True,B04,บางนา,2026-05-04,2026-05,084-xxx-3478,False,True,2026-05-09,5,980
C00929,ศิริ,ชาย,25-34,False,B03,อารีย์,2026-07-31,2026-07,087-xxx-8956,False,True,2026-09-16,1,179
C00930,กิตติ,หญิง,25-34,False,B01,สยาม,2026-04-12,2026-04,081-xxx-6670,False,True,2026-04-13,4,610
C00931,ศิริ,หญิง,18-24,False,B03,อารีย์,2026-02-05,2026-02,084-xxx-2964,False,True,2026-03-05,6,589
C00932,ทิพย์,ชาย,55+,False,B01,สยาม,2025-04-30,2025-04,088-xxx-4075,False,True,2025-05-10,12,1863
C00933,ปิยะ,หญิง,45-54,False,B01,สยาม,2026-06-23,2026-06,086-xxx-7717,False,False,,0,0
C00934,ณัฐ,ชาย,35-44,False,B02,สีลม,2026-07-20,2026-07,085-xxx-6077,False,False,,0,0
C00935,มานพ,หญิง,18-24,False,B05,มหาวิทยาลัย,2025-11-18,2025-11,084-xxx-8804,False,True,2026-08-24,1,150
C00936,ธนา,ชาย,25-34,False,B01,สยาม,2025-09-22,2025-09,088-xxx-4400,False,True,2025-10-12,1,55
C00937,ณัฐ,หญิง,25-34,False,B05,มหาวิทยาลัย,2025-05-19,2025-05,082-xxx-1427,False,True,2025-05-21,9,1508
C00938,กมล,ชาย,ต่ำกว่า 18,True,B05,มหาวิทยาลัย,2025-04-13,2025-04,084-xxx-7995,False,True,2025-04-17,16,2653
C00939,สุดา,หญิง,18-24,False,B05,มหาวิทยาลัย,2026-06-19,2026-06,083-xxx-8158,False,True,2026-07-14,2,150
C00940,วีระ,หญิง,18-24,False,B04,บางนา,2026-04-16,2026-04,088-xxx-7530,False,True,2026-09-06,1,239
C00941,ทิพย์,ชาย,18-24,False,B03,อารีย์,2026-08-28,2026-08,089-xxx-7430,False,True,2026-09-02,2,310
C00942,ทิพย์,ไม่ระบุ,25-34,False,B05,มหาวิทยาลัย,2026-07-06,2026-07,087-xxx-3941,False,True,2026-08-13,2,319
C00943,ชนา,ชาย,45-54,False,B05,มหาวิทยาลัย,2025-08-04,2025-08,085-xxx-1088,True,True,2025-11-11,4,520
C00944,กิตติ,หญิง,25-34,False,B04,บางนา,2026-04-27,2026-04,086-xxx-2693,False,True,2026-06-21,3,230
C00945,ธนา,หญิง,35-44,False,B01,สยาม,2025-11-22,2025-11,087-xxx-2846,False,True,2025-11-26,8,1104
C00946,ปวีณ,หญิง,35-44,False,B02,สีลม,2026-09-07,2026-09,086-xxx-6632,False,False,,0,0
C00947,ปิยะ,หญิง,25-34,False,B05,มหาวิทยาลัย,2025-06-14,2025-06,087-xxx-2722,False,True,2025-08-08,11,1485
C00948,อรุณ,หญิง,25-34,False,B02,สีลม,2026-05-04,2026-05,089-xxx-7858,False,True,2026-07-23,3,275
C00949,พิม,ชาย,25-34,False,B01,สยาม,2025-11-05,2025-11,083-xxx-2953,False,True,2025-12-27,2,190
C00950,ธีร,หญิง,35-44,False,B03,อารีย์,2026-03-06,2026-03,087-xxx-4363,False,True,2026-03-20,6,915
C00951,สมชาย,หญิง,18-24,False,B01,สยาม,2026-08-14,2026-08,083-xxx-6864,False,False,,0,0
C00952,ธีร,หญิง,ต่ำกว่า 18,True,B02,สีลม,2026-01-04,2026-01,081-xxx-9204,False,True,2026-01-26,1,145
C00953,อรุณ,หญิง,25-34,False,B01,สยาม,2025-11-28,2025-11,081-xxx-7604,False,True,2026-02-01,2,85
C00954,ปวีณ,หญิง,55+,False,B03,อารีย์,2025-11-16,2025-11,085-xxx-4298,False,True,2025-11-30,11,1452
C00955,วรรณ,หญิง,35-44,False,B02,สีลม,2025-07-24,2025-07,083-xxx-2016,False,False,,0,0
C00956,วรรณ,หญิง,25-34,False,B03,อารีย์,2026-07-20,2026-07,086-xxx-6379,False,False,,0,0
C00957,สมชาย,ชาย,45-54,False,B04,บางนา,2025-10-21,2025-10,083-xxx-6131,False,True,2025-12-25,5,584
C00958,มานพ,ไม่ระบุ,45-54,False,B01,สยาม,2025-11-07,2025-11,088-xxx-6701,False,True,2025-11-08,11,1247
C00959,อรุณ,หญิง,25-34,False,B02,สีลม,2025-08-10,2025-08,088-xxx-4932,False,True,2025-09-10,4,410
C00960,สุดา,หญิง,25-34,False,B01,สยาม,2025-11-14,2025-11,089-xxx-4823,False,True,2025-11-22,7,954
C00961,ปวีณ,ชาย,18-24,False,B05,มหาวิทยาลัย,2025-10-30,2025-10,082-xxx-2934,False,True,2025-11-28,8,1467
C00962,อัญชลี,หญิง,35-44,False,B01,สยาม,2026-03-10,2026-03,085-xxx-8741,False,True,2026-04-04,3,280
C00963,ธีร,หญิง,18-24,False,B05,มหาวิทยาลัย,2025-05-18,2025-05,083-xxx-8398,False,False,,0,0
C00964,เกศ,หญิง,18-24,False,B01,สยาม,2025-10-16,2025-10,081-xxx-1677,False,True,2025-11-05,12,1773
C00965,ธีร,ไม่ระบุ,25-34,False,B03,อารีย์,2026-05-29,2026-05,088-xxx-6071,False,True,2026-05-30,4,300
C00966,จิรา,ชาย,25-34,False,B04,บางนา,2026-02-12,2026-02,087-xxx-8107,False,True,2026-02-15,4,1050
C00967,สุดา,หญิง,55+,False,B01,สยาม,2025-06-11,2025-06,088-xxx-7038,False,True,2025-09-27,10,2108
C00968,ทิพย์,หญิง,18-24,False,B01,สยาม,2026-07-07,2026-07,083-xxx-6515,False,True,2026-08-10,2,230
C00969,อรุณ,ชาย,25-34,False,B04,บางนา,2025-09-08,2025-09,084-xxx-8341,False,True,2025-10-23,6,690
C00970,ภูมิ,หญิง,25-34,False,B01,สยาม,2025-09-04,2025-09,087-xxx-6771,False,False,,0,0
C00971,รัตนา,หญิง,25-34,False,B01,สยาม,2026-07-28,2026-07,088-xxx-4430,False,False,,0,0
C00972,เกศ,ชาย,25-34,False,B04,บางนา,2026-02-14,2026-02,083-xxx-5083,True,False,,0,0
C00973,จิรา,ชาย,35-44,False,B01,สยาม,2026-06-04,2026-06,086-xxx-3850,False,True,2026-06-04,3,494
C00974,อัญชลี,หญิง,55+,False,B02,สีลม,2025-08-08,2025-08,089-xxx-7779,False,True,2025-11-12,6,657
C00975,ภัทร,หญิง,25-34,False,B01,สยาม,2025-11-05,2025-11,085-xxx-4128,False,True,2025-11-21,9,1100
C00976,มานพ,หญิง,25-34,False,B02,สีลม,2026-02-20,2026-02,084-xxx-1956,False,True,2026-06-03,2,175
C00977,พิม,ไม่ระบุ,18-24,False,B05,มหาวิทยาลัย,2026-01-19,2026-01,087-xxx-3518,False,True,2026-02-10,7,810
C00978,อรุณ,หญิง,18-24,False,B02,สีลม,2026-08-02,2026-08,084-xxx-3957,False,True,2026-08-04,4,690
C00979,เกศ,หญิง,35-44,False,B02,สีลม,2026-05-24,2026-05,082-xxx-1876,False,True,2026-06-25,3,300
C00980,อรุณ,ชาย,25-34,False,B02,สีลม,2025-10-27,2025-10,084-xxx-6443,False,True,2025-12-03,1,129
C00981,กมล,ชาย,25-34,False,B02,สีลม,2025-09-02,2025-09,087-xxx-6294,False,True,2025-09-02,9,725
C00982,พิม,ชาย,35-44,False,B02,สีลม,2025-04-14,2025-04,088-xxx-1657,False,True,2025-04-26,3,254
C00983,สุดา,หญิง,25-34,False,B05,มหาวิทยาลัย,2026-05-27,2026-05,084-xxx-2029,False,True,2026-09-14,1,215
C00984,ทิพย์,หญิง,25-34,False,B05,มหาวิทยาลัย,2025-07-30,2025-07,082-xxx-8289,False,True,2025-08-02,8,935
C00985,สมชาย,หญิง,25-34,False,B05,มหาวิทยาลัย,2025-08-17,2025-08,086-xxx-5374,False,True,2025-08-28,18,2718
C00986,ภัทร,ชาย,18-24,False,B04,บางนา,2026-01-11,2026-01,086-xxx-2133,False,True,2026-02-11,2,140
C00987,ทิพย์,หญิง,18-24,False,B01,สยาม,2025-05-22,2025-05,086-xxx-4704,False,True,2025-06-15,20,2379
C00988,ปวีณ,ชาย,45-54,False,B05,มหาวิทยาลัย,2025-10-08,2025-10,083-xxx-8514,False,True,2025-10-31,5,615
C00989,กมล,ชาย,25-34,False,B02,สีลม,2026-04-03,2026-04,088-xxx-1050,False,True,2026-04-03,5,795
C00990,ปวีณ,ชาย,25-34,False,B05,มหาวิทยาลัย,2026-01-11,2026-01,087-xxx-2363,False,True,2026-01-24,6,1638
C00991,อรุณ,หญิง,18-24,False,B01,สยาม,2025-07-17,2025-07,081-xxx-7476,False,True,2025-07-17,11,1175
C00992,รัตนา,ชาย,18-24,False,B05,มหาวิทยาลัย,2026-03-07,2026-03,085-xxx-4622,False,True,2026-04-01,1,225
C00993,ธีร,ชาย,25-34,False,B01,สยาม,2025-10-10,2025-10,084-xxx-8569,False,False,,0,0
C00994,อรุณ,ชาย,35-44,False,B05,มหาวิทยาลัย,2025-06-14,2025-06,084-xxx-2707,False,True,2025-07-16,2,279
C00995,ธีร,หญิง,18-24,False,B05,มหาวิทยาลัย,2026-07-07,2026-07,089-xxx-8110,False,True,2026-07-07,2,225
C00996,ธนา,ชาย,35-44,False,B03,อารีย์,2026-01-18,2026-01,083-xxx-3178,False,True,2026-02-17,9,876
C00997,อัญชลี,ชาย,ต่ำกว่า 18,True,B04,บางนา,2025-06-01,2025-06,083-xxx-7127,False,True,2025-06-02,2,195
C00998,ศิริ,หญิง,25-34,False,B01,สยาม,2026-01-16,2026-01,082-xxx-7312,False,True,2026-02-19,9,695
C00999,รัตนา,หญิง,25-34,False,B02,สีลม,2026-05-24,2026-05,089-xxx-6516,False,False,,0,0
C01000,รัตนา,หญิง,ต่ำกว่า 18,True,B02,สีลม,2025-06-16,2025-06,086-xxx-5097,False,True,2025-07-07,7,490
C01001,ชนา,ชาย,45-54,False,B05,มหาวิทยาลัย,2026-03-09,2026-03,085-xxx-2502,False,True,2026-04-27,1,65
C01002,ภูมิ,หญิง,25-34,False,B04,บางนา,2026-04-20,2026-04,085-xxx-8057,False,True,2026-04-25,1,165
C01003,เกศ,ชาย,55+,False,B01,สยาม,2026-05-04,2026-05,087-xxx-2227,False,True,2026-06-02,2,135
C01004,สุดา,ชาย,ต่ำกว่า 18,True,B03,อารีย์,2026-04-14,2026-04,081-xxx-7111,False,True,2026-07-20,2,154
C01005,นภัส,ชาย,35-44,False,B01,สยาม,2025-12-22,2025-12,087-xxx-8936,False,True,2026-01-28,12,1514
C01006,ธนา,หญิง,55+,False,B05,มหาวิทยาลัย,2026-03-11,2026-03,083-xxx-8303,False,False,,0,0
C01007,มานพ,ไม่ระบุ,25-34,False,B02,สีลม,2025-05-09,2025-05,084-xxx-5403,False,True,2025-05-23,3,195
C01008,ปิยะ,หญิง,25-34,False,B05,มหาวิทยาลัย,2025-06-24,2025-06,084-xxx-9459,False,True,2025-07-28,8,1638
C01009,จิรา,ชาย,25-34,False,B03,อารีย์,2026-07-07,2026-07,084-xxx-4586,False,False,,0,0
C01010,ชนา,หญิง,18-24,False,B04,บางนา,2026-08-12,2026-08,088-xxx-6832,False,False,,0,0
C01011,สุดา,ชาย,35-44,False,B05,มหาวิทยาลัย,2025-07-18,2025-07,088-xxx-3960,False,True,2025-12-23,5,604
C01012,มานพ,หญิง,35-44,False,B02,สีลม,2026-09-02,2026-09,089-xxx-6551,False,False,,0,0
C01013,ศิริ,หญิง,45-54,False,B01,สยาม,2025-07-25,2025-07,088-xxx-9407,False,True,2025-09-06,20,2218
C01014,กมล,ชาย,35-44,False,B01,สยาม,2026-03-15,2026-03,084-xxx-7568,False,True,2026-03-17,6,670
C01015,ศิริ,หญิง,18-24,False,B05,มหาวิทยาลัย,2025-11-19,2025-11,086-xxx-6439,False,True,2025-12-01,9,1160
C01016,อัญชลี,หญิง,18-24,False,B01,สยาม,2025-10-13,2025-10,081-xxx-4099,False,True,2025-11-09,4,505
C01017,วรรณ,ชาย,25-34,False,B01,สยาม,2026-06-29,2026-06,083-xxx-3341,False,False,,0,0
C01018,สุดา,หญิง,35-44,False,B01,สยาม,2026-04-17,2026-04,085-xxx-9197,False,False,,0,0
C01019,จิรา,ชาย,18-24,False,B05,มหาวิทยาลัย,2025-09-06,2025-09,087-xxx-3220,False,True,2025-11-30,4,435
C01020,นภัส,ชาย,35-44,False,B02,สีลม,2025-09-23,2025-09,086-xxx-4935,False,True,2025-12-06,1,95
C01021,ภัทร,หญิง,25-34,False,B01,สยาม,2026-04-14,2026-04,082-xxx-1711,False,True,2026-04-14,9,825
C01022,รัตนา,ชาย,25-34,False,B01,สยาม,2026-03-16,2026-03,086-xxx-3036,False,True,2026-03-22,3,255
C01023,วีระ,หญิง,25-34,False,B05,มหาวิทยาลัย,2026-05-15,2026-05,088-xxx-4657,False,True,2026-05-20,9,1130
C01024,ณัฐ,หญิง,45-54,False,B04,บางนา,2025-11-11,2025-11,084-xxx-6201,True,True,2025-12-21,10,1499
C01025,ทิพย์,หญิง,55+,False,B02,สีลม,2025-11-08,2025-11,086-xxx-5396,False,True,2025-11-24,3,375
C01026,สมชาย,หญิง,18-24,False,B01,สยาม,2026-03-07,2026-03,084-xxx-8170,False,True,2026-03-13,4,765
C01027,อัญชลี,ชาย,45-54,False,B01,สยาม,2025-07-24,2025-07,086-xxx-3462,False,True,2025-08-21,2,265
C01028,กิตติ,หญิง,55+,False,B02,สีลม,2026-07-25,2026-07,086-xxx-9455,False,False,,0,0
C01029,ชนา,ไม่ระบุ,18-24,False,B05,มหาวิทยาลัย,2025-12-27,2025-12,082-xxx-6984,False,False,,0,0
C01030,สมชาย,ชาย,18-24,False,B01,สยาม,2025-08-15,2025-08,084-xxx-1715,False,True,2025-09-10,21,3212
C01031,พิม,หญิง,18-24,False,B02,สีลม,2026-02-05,2026-02,084-xxx-5616,False,True,2026-03-02,2,180
C01032,จิรา,ชาย,25-34,False,B03,อารีย์,2026-04-18,2026-04,084-xxx-4294,False,True,2026-05-17,2,205
C01033,จิรา,หญิง,25-34,False,B03,อารีย์,2026-02-26,2026-02,087-xxx-6506,False,True,2026-04-26,6,525
C01034,สุดา,ชาย,25-34,False,B02,สีลม,2025-09-14,2025-09,088-xxx-6210,False,True,2025-10-04,12,1787
C01035,อัญชลี,ชาย,18-24,False,B03,อารีย์,2026-04-16,2026-04,087-xxx-8710,False,True,2026-05-14,1,530
C01036,ปิยะ,ชาย,18-24,False,B05,มหาวิทยาลัย,2026-07-24,2026-07,082-xxx-3205,False,True,2026-08-02,1,180
C01037,ปิยะ,หญิง,ต่ำกว่า 18,True,B04,บางนา,2025-04-03,2025-04,088-xxx-5927,False,True,2025-04-24,28,4272
C01038,กมล,หญิง,35-44,False,B04,บางนา,2026-08-19,2026-08,084-xxx-4938,False,False,,0,0
C01039,ชนา,ชาย,25-34,False,B05,มหาวิทยาลัย,2026-09-08,2026-09,081-xxx-4932,False,False,,0,0
C01040,ภูมิ,หญิง,18-24,False,B01,สยาม,2025-09-21,2025-09,084-xxx-2696,False,True,2025-10-11,15,1843
C01041,ณัฐ,ชาย,25-34,False,B01,สยาม,2026-01-03,2026-01,088-xxx-7262,False,True,2026-01-04,18,3151
C01042,พิม,ชาย,18-24,False,B01,สยาม,2026-04-25,2026-04,084-xxx-1581,False,True,2026-04-26,6,555
C01043,วีระ,ชาย,35-44,False,B01,สยาม,2025-11-02,2025-11,085-xxx-8476,False,True,2025-12-01,4,364
C01044,ณัฐ,ชาย,25-34,False,B04,บางนา,2025-08-07,2025-08,085-xxx-9295,False,True,2025-08-19,23,2791
C01045,พิม,ชาย,25-34,False,B05,มหาวิทยาลัย,2026-06-20,2026-06,088-xxx-6494,False,True,2026-09-09,1,65
C01046,ปิยะ,หญิง,25-34,False,B02,สีลม,2025-12-24,2025-12,088-xxx-3741,False,True,2026-02-02,5,840
C01047,จิรา,ชาย,35-44,False,B05,มหาวิทยาลัย,2025-08-24,2025-08,081-xxx-7745,False,True,2025-09-12,12,1688
C01048,วีระ,หญิง,45-54,False,B05,มหาวิทยาลัย,2026-03-20,2026-03,087-xxx-6969,False,True,2026-04-29,3,569
C01049,กมล,ชาย,25-34,False,B01,สยาม,2025-07-05,2025-07,085-xxx-1808,False,True,2025-07-13,16,2113
C01050,นภัส,ชาย,35-44,False,B01,สยาม,2026-04-20,2026-04,089-xxx-5410,False,True,2026-06-18,1,60
C01051,รัตนา,หญิง,25-34,False,B01,สยาม,2025-10-22,2025-10,085-xxx-6202,False,True,2025-10-24,14,1569
C01052,วีระ,หญิง,18-24,False,B05,มหาวิทยาลัย,2026-08-12,2026-08,084-xxx-7089,False,False,,0,0
C01053,จิรา,ชาย,18-24,False,B02,สีลม,2025-08-29,2025-08,087-xxx-3239,False,True,2025-11-07,18,1994
C01054,ภัทร,ชาย,35-44,False,B02,สีลม,2025-12-24,2025-12,088-xxx-2913,False,True,2026-01-29,11,1958
C01055,มานพ,หญิง,45-54,False,B01,สยาม,2026-04-24,2026-04,086-xxx-4423,False,True,2026-05-16,1,65
C01056,อัญชลี,หญิง,25-34,False,B02,สีลม,2025-11-21,2025-11,081-xxx-3399,False,True,2025-12-19,1,335
C01057,ธนา,ชาย,25-34,False,B02,สีลม,2025-10-23,2025-10,085-xxx-9036,False,True,2026-01-07,6,1020
C01058,ศิริ,ชาย,25-34,False,B01,สยาม,2026-03-12,2026-03,085-xxx-2288,False,True,2026-03-28,3,443
C01059,กิตติ,หญิง,18-24,False,B03,อารีย์,2026-06-06,2026-06,087-xxx-3455,False,True,2026-06-11,4,220
C01060,ศิริ,หญิง,45-54,False,B04,บางนา,2025-11-16,2025-11,084-xxx-1137,False,True,2025-11-16,9,1099
C01061,ธนา,ชาย,25-34,False,B05,มหาวิทยาลัย,2026-04-03,2026-04,086-xxx-8801,False,True,2026-04-08,3,300
C01062,กมล,ชาย,35-44,False,B01,สยาม,2026-08-09,2026-08,084-xxx-5948,False,True,2026-08-28,1,50
C01063,นภัส,ชาย,25-34,False,B02,สีลม,2025-11-25,2025-11,085-xxx-1678,False,True,2026-02-10,11,1499
C01064,พิม,ชาย,25-34,False,B02,สีลม,2026-06-03,2026-06,081-xxx-4592,False,True,2026-06-06,3,379
C01065,ปวีณ,ชาย,35-44,False,B05,มหาวิทยาลัย,2025-09-04,2025-09,089-xxx-3453,False,True,2025-09-06,19,3114
C01066,อัญชลี,ชาย,55+,False,B01,สยาม,2025-12-03,2025-12,085-xxx-3945,False,True,2025-12-18,14,1919
C01067,ชนา,หญิง,35-44,False,B02,สีลม,2026-05-29,2026-05,083-xxx-3545,False,True,2026-07-30,1,65
C01068,ธนา,หญิง,35-44,False,B03,อารีย์,2026-05-09,2026-05,089-xxx-4386,False,True,2026-05-18,5,505
C01069,ณัฐ,หญิง,35-44,False,B01,สยาม,2025-06-14,2025-06,085-xxx-2747,False,True,2025-06-17,3,410
C01070,เกศ,ชาย,25-34,False,B05,มหาวิทยาลัย,2025-07-05,2025-07,083-xxx-7821,False,True,2025-07-11,2,140
C01071,พิม,หญิง,45-54,False,B02,สีลม,2025-04-06,2025-04,081-xxx-5860,False,True,2025-04-23,5,605
C01072,ภัทร,ชาย,18-24,False,B03,อารีย์,2026-05-14,2026-05,084-xxx-9961,False,True,2026-05-14,9,1777
C01073,ปิยะ,หญิง,25-34,False,B02,สีลม,2025-04-05,2025-04,081-xxx-2339,False,True,2025-04-22,6,699
C01074,กมล,ชาย,45-54,False,B01,สยาม,2026-08-07,2026-08,085-xxx-1115,False,True,2026-08-27,2,255
C01075,เกศ,หญิง,18-24,False,B04,บางนา,2026-08-30,2026-08,086-xxx-7207,False,False,,0,0
C01076,กิตติ,หญิง,18-24,False,B04,บางนา,2026-05-16,2026-05,084-xxx-1100,False,True,2026-07-31,2,130
C01077,ทิพย์,หญิง,25-34,False,B05,มหาวิทยาลัย,2025-05-30,2025-05,086-xxx-3881,False,True,2025-06-15,8,1153
C01078,ศิริ,หญิง,45-54,False,B02,สีลม,2026-01-29,2026-01,087-xxx-3184,False,True,2026-02-01,11,1210
C01079,ภูมิ,หญิง,25-34,False,B04,บางนา,2026-07-16,2026-07,089-xxx-4119,False,False,,0,0
C01080,มานพ,หญิง,25-34,False,B04,บางนา,2026-08-15,2026-08,088-xxx-8605,False,True,2026-08-19,4,585
C01081,วรรณ,ไม่ระบุ,18-24,False,B04,บางนา,2025-09-07,2025-09,085-xxx-4306,False,True,2025-09-12,18,2594
C01082,กิตติ,หญิง,55+,False,B05,มหาวิทยาลัย,2026-02-27,2026-02,085-xxx-2795,False,True,2026-03-03,5,506
C01083,ทิพย์,หญิง,35-44,False,B01,สยาม,2025-09-22,2025-09,083-xxx-3582,False,True,2025-10-16,8,1084
C01084,จิรา,หญิง,25-34,False,B04,บางนา,2026-06-01,2026-06,087-xxx-2812,False,True,2026-06-25,1,85
C01085,ทิพย์,หญิง,35-44,False,B01,สยาม,2026-01-12,2026-01,088-xxx-1299,False,True,2026-05-08,2,325
C01086,วรรณ,ชาย,25-34,False,B03,อารีย์,2026-08-22,2026-08,088-xxx-3511,False,True,2026-09-08,1,185
C01087,นภัส,หญิง,35-44,False,B01,สยาม,2025-12-25,2025-12,083-xxx-1831,False,True,2026-01-29,2,280
C01088,วรรณ,หญิง,25-34,False,B02,สีลม,2025-07-21,2025-07,088-xxx-8097,False,True,2025-08-14,9,1475
C01089,ปิยะ,หญิง,45-54,False,B03,อารีย์,2026-04-06,2026-04,082-xxx-7394,False,True,2026-04-14,10,802
C01090,กิตติ,ชาย,18-24,False,B02,สีลม,2026-05-07,2026-05,082-xxx-5261,False,True,2026-05-22,5,510
C01091,ธีร,ชาย,18-24,False,B01,สยาม,2025-04-29,2025-04,086-xxx-5373,False,True,2025-05-02,9,1244
C01092,ณัฐ,หญิง,45-54,False,B02,สีลม,2026-02-16,2026-02,088-xxx-3898,False,False,,0,0
C01093,มานพ,หญิง,25-34,False,B05,มหาวิทยาลัย,2026-02-18,2026-02,082-xxx-5095,False,True,2026-08-04,2,325
C01094,วรรณ,หญิง,18-24,False,B01,สยาม,2026-07-21,2026-07,085-xxx-9358,False,False,,0,0
C01095,ภัทร,หญิง,18-24,False,B04,บางนา,2025-11-13,2025-11,088-xxx-1789,False,True,2025-11-20,13,1540
C01096,ปวีณ,หญิง,35-44,False,B02,สีลม,2026-07-12,2026-07,086-xxx-3519,False,True,2026-07-30,2,190
C01097,จิรา,ชาย,45-54,False,B01,สยาม,2026-04-06,2026-04,087-xxx-2049,False,True,2026-04-16,3,450
C01098,อรุณ,หญิง,35-44,False,B03,อารีย์,2026-08-12,2026-08,089-xxx-2347,False,False,,0,0
C01099,กมล,ชาย,35-44,False,B01,สยาม,2025-10-27,2025-10,082-xxx-1334,False,True,2025-11-01,3,355
C01100,วีระ,หญิง,45-54,False,B05,มหาวิทยาลัย,2025-04-02,2025-04,088-xxx-2729,False,True,2025-04-25,5,669
C01101,มานพ,หญิง,ต่ำกว่า 18,True,B01,สยาม,2025-04-15,2025-04,089-xxx-9463,False,True,2025-04-17,16,1943
C01102,วีระ,ชาย,25-34,False,B03,อารีย์,2025-12-23,2025-12,088-xxx-6031,False,True,2026-01-16,15,1455
C01103,นภัส,หญิง,35-44,False,B02,สีลม,2026-05-22,2026-05,089-xxx-6416,False,True,2026-07-29,2,164
C01104,มานพ,ชาย,45-54,False,B04,บางนา,2026-05-09,2026-05,082-xxx-4528,False,True,2026-05-21,4,675
C01105,ปิยะ,ชาย,35-44,False,B01,สยาม,2026-08-02,2026-08,082-xxx-8466,False,True,2026-08-12,3,420
C01106,ธนา,ชาย,25-34,False,B05,มหาวิทยาลัย,2025-05-16,2025-05,081-xxx-9603,False,False,,0,0
C01107,มานพ,หญิง,35-44,False,B01,สยาม,2026-07-05,2026-07,086-xxx-9658,False,False,,0,0
C01108,อรุณ,หญิง,35-44,False,B04,บางนา,2026-06-14,2026-06,082-xxx-3076,False,True,2026-06-17,1,60
C01109,นภัส,ชาย,18-24,False,B02,สีลม,2026-07-02,2026-07,085-xxx-9038,False,False,,0,0
C01110,เกศ,หญิง,18-24,False,B03,อารีย์,2025-11-06,2025-11,085-xxx-2012,False,True,2025-11-30,3,565
C01111,ณัฐ,ชาย,25-34,False,B05,มหาวิทยาลัย,2026-06-22,2026-06,088-xxx-6032,False,False,,0,0
C01112,ปิยะ,ชาย,45-54,False,B01,สยาม,2025-12-14,2025-12,089-xxx-9849,False,True,2025-12-20,19,1697
C01113,จิรา,หญิง,25-34,False,B01,สยาม,2026-07-04,2026-07,082-xxx-2920,False,True,2026-07-17,8,979
C01114,ศิริ,ชาย,25-34,False,B05,มหาวิทยาลัย,2026-06-04,2026-06,081-xxx-1206,False,True,2026-06-12,2,164
C01115,ภูมิ,ชาย,25-34,False,B01,สยาม,2026-07-04,2026-07,084-xxx-1800,True,True,2026-09-16,1,65
C01116,วรรณ,หญิง,35-44,False,B04,บางนา,2026-07-11,2026-07,086-xxx-6274,True,True,2026-08-11,1,165
C01117,ปิยะ,หญิง,18-24,False,B03,อารีย์,2026-01-13,2026-01,088-xxx-8616,False,True,2026-01-19,7,978
C01118,กิตติ,หญิง,18-24,False,B04,บางนา,2025-10-28,2025-10,085-xxx-9132,False,True,2025-11-09,9,1259
C01119,ชนา,หญิง,45-54,False,B01,สยาม,2026-07-25,2026-07,082-xxx-2386,False,False,,0,0
C01120,ธีร,ชาย,18-24,False,B05,มหาวิทยาลัย,2026-09-07,2026-09,089-xxx-6354,False,False,,0,0
C01121,เกศ,ชาย,55+,False,B05,มหาวิทยาลัย,2025-12-07,2025-12,081-xxx-8731,False,True,2025-12-08,3,260
C01122,วีระ,หญิง,18-24,False,B02,สีลม,2026-02-14,2026-02,081-xxx-4267,False,True,2026-02-24,3,205
C01123,ธนา,ชาย,18-24,False,B01,สยาม,2025-11-17,2025-11,084-xxx-5089,False,True,2026-03-30,7,526
C01124,สุดา,หญิง,25-34,False,B01,สยาม,2026-08-09,2026-08,084-xxx-4348,False,False,,0,0
C01125,ภัทร,หญิง,18-24,False,B01,สยาม,2025-11-18,2025-11,081-xxx-1348,False,True,2026-01-19,5,1300
C01126,ปิยะ,หญิง,35-44,False,B01,สยาม,2025-10-16,2025-10,084-xxx-2828,False,True,2025-10-22,2,315
C01127,ปวีณ,หญิง,35-44,False,B05,มหาวิทยาลัย,2025-09-15,2025-09,087-xxx-5677,False,True,2025-09-15,4,625
C01128,ปิยะ,ชาย,18-24,False,B04,บางนา,2025-10-30,2025-10,081-xxx-9198,False,False,,0,0
C01129,กมล,ชาย,18-24,False,B03,อารีย์,2026-08-10,2026-08,089-xxx-3014,False,True,2026-09-07,1,195
C01130,วีระ,หญิง,35-44,False,B02,สีลม,2025-09-07,2025-09,085-xxx-5566,False,True,2025-09-09,13,2227
C01131,สุดา,ชาย,45-54,False,B01,สยาม,2026-08-21,2026-08,082-xxx-7355,False,True,2026-09-08,1,65
C01132,อรุณ,ชาย,25-34,False,B04,บางนา,2026-04-03,2026-04,084-xxx-3213,False,True,2026-04-24,8,796
C01133,วีระ,ชาย,35-44,False,B02,สีลม,2025-12-18,2025-12,086-xxx-7009,False,True,2025-12-30,6,595
C01134,พิม,ชาย,25-34,False,B02,สีลม,2025-05-18,2025-05,085-xxx-3808,False,True,2025-05-26,37,5196
C01135,อัญชลี,ไม่ระบุ,18-24,False,B02,สีลม,2026-04-10,2026-04,081-xxx-7457,False,True,2026-05-03,4,490
C01136,ปวีณ,หญิง,ต่ำกว่า 18,True,B04,บางนา,2025-11-10,2025-11,083-xxx-2114,False,True,2025-11-10,3,353
C01137,จิรา,ชาย,35-44,False,B02,สีลม,2025-10-03,2025-10,087-xxx-7109,False,True,2025-10-30,2,383
C01138,นภัส,ชาย,45-54,False,B02,สีลม,2026-06-23,2026-06,089-xxx-2544,False,True,2026-07-04,4,395
C01139,กมล,หญิง,25-34,False,B02,สีลม,2025-10-01,2025-10,082-xxx-8596,False,True,2025-10-29,15,1674
C01140,กมล,หญิง,25-34,False,B01,สยาม,2025-08-28,2025-08,085-xxx-7318,False,True,2025-08-31,18,2250
C01141,ธีร,หญิง,25-34,False,B05,มหาวิทยาลัย,2025-12-31,2025-12,081-xxx-7445,False,True,2026-01-16,4,515
C01142,นภัส,ชาย,18-24,False,B04,บางนา,2025-11-06,2025-11,088-xxx-3396,False,True,2025-11-10,1,60
C01143,ธนา,ชาย,25-34,False,B05,มหาวิทยาลัย,2026-01-08,2026-01,087-xxx-9881,False,True,2026-01-22,2,229
C01144,วรรณ,หญิง,25-34,False,B01,สยาม,2025-11-03,2025-11,084-xxx-1229,False,True,2025-11-06,9,1219
C01145,อรุณ,ชาย,18-24,False,B03,อารีย์,2025-11-24,2025-11,083-xxx-1227,False,True,2025-11-24,20,2878
C01146,ณัฐ,ชาย,25-34,False,B01,สยาม,2025-06-03,2025-06,082-xxx-4689,False,False,,0,0
C01147,ชนา,หญิง,25-34,False,B01,สยาม,2026-05-25,2026-05,084-xxx-2494,False,True,2026-07-06,1,255
C01148,ปวีณ,หญิง,ต่ำกว่า 18,True,B01,สยาม,2025-08-06,2025-08,084-xxx-1848,False,True,2025-10-04,29,4017
C01149,ปิยะ,หญิง,55+,False,B02,สีลม,2025-06-18,2025-06,088-xxx-2128,False,True,2025-07-18,6,750
C01150,ชนา,ชาย,25-34,False,B05,มหาวิทยาลัย,2026-09-03,2026-09,085-xxx-3266,False,True,2026-09-08,1,60
C01151,สุดา,หญิง,25-34,False,B04,บางนา,2025-05-25,2025-05,088-xxx-1819,False,True,2025-06-01,12,1491
C01152,พิม,ชาย,25-34,False,B02,สีลม,2025-10-11,2025-10,083-xxx-7583,True,True,2025-10-14,17,1756
C01153,ชนา,ชาย,18-24,False,B03,อารีย์,2026-05-01,2026-05,086-xxx-7053,False,True,2026-05-09,6,655
C01154,ปวีณ,ไม่ระบุ,25-34,False,B05,มหาวิทยาลัย,2025-07-01,2025-07,082-xxx-7591,False,True,2025-07-31,9,1040
C01155,ณัฐ,ชาย,25-34,False,B01,สยาม,2026-06-12,2026-06,085-xxx-3877,False,True,2026-07-12,7,1250
C01156,อรุณ,หญิง,25-34,False,B02,สีลม,2025-06-30,2025-06,089-xxx-8367,False,True,2025-07-31,10,1793
C01157,ทิพย์,หญิง,25-34,False,B05,มหาวิทยาลัย,2026-05-27,2026-05,086-xxx-9750,False,True,2026-08-16,2,348
C01158,รัตนา,ชาย,25-34,False,B02,สีลม,2026-03-04,2026-03,089-xxx-2372,False,False,,0,0
C01159,ทิพย์,หญิง,25-34,False,B02,สีลม,2025-09-08,2025-09,088-xxx-5230,False,True,2025-09-16,14,1547
C01160,อัญชลี,หญิง,45-54,False,B01,สยาม,2025-11-13,2025-11,086-xxx-8550,False,False,,0,0
C01161,กมล,หญิง,25-34,False,B03,อารีย์,2026-01-16,2026-01,081-xxx-5586,False,True,2026-01-24,1,75
C01162,จิรา,หญิง,35-44,False,B04,บางนา,2025-04-18,2025-04,086-xxx-5255,False,True,2025-05-02,32,4652
C01163,อัญชลี,หญิง,25-34,False,B01,สยาม,2025-04-08,2025-04,087-xxx-1476,True,True,2025-04-21,22,3050
C01164,สมชาย,หญิง,25-34,False,B01,สยาม,2026-03-24,2026-03,081-xxx-9683,False,False,,0,0
C01165,ณัฐ,หญิง,35-44,False,B05,มหาวิทยาลัย,2026-04-16,2026-04,083-xxx-8123,False,True,2026-04-22,7,934
C01166,สุดา,ชาย,25-34,False,B04,บางนา,2026-02-27,2026-02,082-xxx-8531,False,True,2026-04-01,2,300
C01167,ทิพย์,หญิง,45-54,False,B01,สยาม,2026-08-05,2026-08,087-xxx-7685,True,True,2026-09-12,1,85
C01168,จิรา,ชาย,35-44,False,B05,มหาวิทยาลัย,2026-08-04,2026-08,083-xxx-4290,False,False,,0,0
C01169,ปิยะ,หญิง,45-54,False,B02,สีลม,2026-04-09,2026-04,086-xxx-1647,False,True,2026-04-27,6,907
C01170,รัตนา,ชาย,35-44,False,B02,สีลม,2025-09-22,2025-09,084-xxx-7358,False,True,2025-10-02,3,315
C01171,ณัฐ,หญิง,35-44,False,B04,บางนา,2025-04-07,2025-04,082-xxx-9099,False,True,2025-04-07,17,2098
C01172,อรุณ,ชาย,25-34,False,B05,มหาวิทยาลัย,2026-03-31,2026-03,081-xxx-1384,False,True,2026-04-29,6,795
C01173,รัตนา,ชาย,35-44,False,B03,อารีย์,2026-04-29,2026-04,088-xxx-3158,False,True,2026-05-31,3,314
C01174,รัตนา,หญิง,45-54,False,B04,บางนา,2025-04-26,2025-04,083-xxx-6068,False,True,2025-04-27,30,3368
C01175,มานพ,ชาย,25-34,False,B03,อารีย์,2026-03-09,2026-03,086-xxx-8655,False,True,2026-03-20,5,715
C01176,ณัฐ,หญิง,18-24,False,B03,อารีย์,2026-04-25,2026-04,086-xxx-9297,False,True,2026-05-14,8,1129
C01177,ภูมิ,ชาย,ต่ำกว่า 18,True,B05,มหาวิทยาลัย,2025-10-02,2025-10,084-xxx-9636,False,True,2025-10-30,1,65
C01178,พิม,หญิง,18-24,False,B01,สยาม,2026-06-24,2026-06,085-xxx-5898,False,False,,0,0
C01179,ปวีณ,หญิง,25-34,False,B05,มหาวิทยาลัย,2025-07-18,2025-07,081-xxx-1817,False,True,2025-08-20,8,1427
C01180,รัตนา,หญิง,18-24,False,B02,สีลม,2025-06-08,2025-06,089-xxx-5194,False,True,2025-06-09,19,2406
C01181,พิม,หญิง,18-24,False,B05,มหาวิทยาลัย,2025-10-31,2025-10,082-xxx-1848,False,True,2026-03-02,4,918
C01182,ชนา,ชาย,25-34,False,B05,มหาวิทยาลัย,2026-08-30,2026-08,083-xxx-8811,False,False,,0,0
C01183,อรุณ,หญิง,18-24,False,B04,บางนา,2025-04-12,2025-04,089-xxx-1015,False,True,2025-04-23,28,4259
C01184,ธนา,หญิง,25-34,False,B01,สยาม,2025-12-26,2025-12,087-xxx-3227,False,True,2026-04-15,3,335
C01185,ภูมิ,ชาย,45-54,False,B05,มหาวิทยาลัย,2025-08-11,2025-08,081-xxx-9671,False,True,2025-08-27,1,50
C01186,ภัทร,หญิง,18-24,False,B03,อารีย์,2025-12-10,2025-12,085-xxx-4981,False,True,2025-12-14,16,2047
C01187,รัตนา,ไม่ระบุ,ต่ำกว่า 18,True,B01,สยาม,2026-01-25,2026-01,081-xxx-6898,False,False,,0,0
C01188,ณัฐ,ชาย,35-44,False,B01,สยาม,2026-01-20,2026-01,081-xxx-2195,False,True,2026-03-02,3,260
C01189,มานพ,ชาย,ต่ำกว่า 18,True,B05,มหาวิทยาลัย,2025-11-18,2025-11,088-xxx-6619,False,True,2026-01-12,1,110
C01190,ชนา,หญิง,35-44,False,B05,มหาวิทยาลัย,2025-08-01,2025-08,083-xxx-5549,True,True,2025-09-11,6,909
C01191,พิม,หญิง,25-34,False,B01,สยาม,2025-09-19,2025-09,088-xxx-8914,False,True,2026-01-11,3,470
C01192,ทิพย์,หญิง,18-24,False,B05,มหาวิทยาลัย,2026-04-05,2026-04,083-xxx-2559,False,True,2026-05-05,3,454
C01193,เกศ,ชาย,35-44,False,B01,สยาม,2026-04-06,2026-04,089-xxx-6355,False,True,2026-04-07,3,310
C01194,อัญชลี,หญิง,35-44,False,B05,มหาวิทยาลัย,2025-08-05,2025-08,087-xxx-8620,False,True,2025-09-17,11,1315
C01195,ปวีณ,หญิง,25-34,False,B02,สีลม,2026-02-04,2026-02,085-xxx-3654,False,True,2026-02-26,1,85
C01196,อัญชลี,ชาย,55+,False,B05,มหาวิทยาลัย,2026-08-26,2026-08,088-xxx-1122,False,True,2026-09-02,2,235
C01197,รัตนา,หญิง,18-24,False,B01,สยาม,2025-04-28,2025-04,082-xxx-5654,False,True,2025-05-17,20,2861
C01198,ปิยะ,หญิง,35-44,False,B05,มหาวิทยาลัย,2026-05-18,2026-05,082-xxx-2821,False,True,2026-06-09,5,858
C01199,วีระ,หญิง,35-44,False,B04,บางนา,2026-05-11,2026-05,089-xxx-6758,False,False,,0,0
C01200,อัญชลี,หญิง,18-24,False,B02,สีลม,2026-07-01,2026-07,088-xxx-4549,False,True,2026-08-18,2,215
C01201,วรรณ,หญิง,35-44,False,B03,อารีย์,2026-02-12,2026-02,086-xxx-9393,False,True,2026-02-28,6,789
C01202,มานพ,หญิง,25-34,False,B05,มหาวิทยาลัย,2026-01-22,2026-01,087-xxx-2778,False,True,2026-02-26,2,239
C01203,ณัฐ,ไม่ระบุ,18-24,False,B02,สีลม,2025-10-20,2025-10,089-xxx-3765,False,True,2025-10-24,18,1968
C01204,อัญชลี,ชาย,45-54,False,B05,มหาวิทยาลัย,2026-08-01,2026-08,083-xxx-5422,False,True,2026-08-05,1,95
C01205,สุดา,หญิง,25-34,False,B04,บางนา,2025-05-11,2025-05,083-xxx-9822,False,True,2025-05-29,10,929
C01206,วรรณ,ชาย,25-34,False,B01,สยาม,2025-06-10,2025-06,081-xxx-3636,False,True,2025-07-23,9,774
C01207,อัญชลี,หญิง,35-44,False,B03,อารีย์,2025-12-23,2025-12,084-xxx-4804,False,True,2026-01-24,8,988
C01208,นภัส,ชาย,25-34,False,B04,บางนา,2025-07-29,2025-07,087-xxx-8881,False,True,2025-08-20,9,750
C01209,จิรา,หญิง,35-44,False,B03,อารีย์,2025-11-27,2025-11,088-xxx-6993,False,True,2025-12-12,9,1504
C01210,พิม,ชาย,45-54,False,B05,มหาวิทยาลัย,2025-08-26,2025-08,089-xxx-6835,False,True,2025-09-29,2,144
C01211,วรรณ,ชาย,45-54,False,B02,สีลม,2025-11-14,2025-11,089-xxx-1651,False,False,,0,0
C01212,ณัฐ,ไม่ระบุ,18-24,False,B04,บางนา,2026-04-02,2026-04,083-xxx-7516,False,True,2026-05-04,3,195
C01213,ธนา,หญิง,25-34,False,B05,มหาวิทยาลัย,2026-01-29,2026-01,082-xxx-6358,True,True,2026-01-31,6,893
C01214,ธีร,หญิง,25-34,False,B01,สยาม,2025-07-30,2025-07,089-xxx-3237,False,True,2025-08-17,1,310
C01215,นภัส,หญิง,25-34,False,B01,สยาม,2026-01-30,2026-01,085-xxx-3565,False,True,2026-02-12,19,2250
C01216,อัญชลี,หญิง,18-24,False,B03,อารีย์,2026-03-07,2026-03,087-xxx-3803,False,True,2026-03-08,4,355
C01217,พิม,หญิง,18-24,False,B05,มหาวิทยาลัย,2026-08-09,2026-08,081-xxx-3633,False,True,2026-08-10,2,510
C01218,จิรา,หญิง,35-44,False,B01,สยาม,2026-03-04,2026-03,086-xxx-2451,False,True,2026-03-22,16,1548
C01219,สมชาย,ชาย,35-44,False,B05,มหาวิทยาลัย,2025-10-21,2025-10,086-xxx-4831,False,True,2025-11-20,7,890
C01220,ภัทร,หญิง,18-24,False,B04,บางนา,2025-05-21,2025-05,084-xxx-5956,False,True,2025-05-21,19,2747
C01221,ปวีณ,หญิง,35-44,False,B04,บางนา,2026-01-15,2026-01,082-xxx-7013,False,True,2026-01-24,19,2734
C01222,ปวีณ,ชาย,25-34,False,B05,มหาวิทยาลัย,2025-09-15,2025-09,081-xxx-4280,False,True,2025-10-28,6,1384
C01223,วรรณ,ชาย,45-54,False,B05,มหาวิทยาลัย,2026-06-21,2026-06,088-xxx-4004,False,False,,0,0
C01224,ปวีณ,หญิง,25-34,False,B01,สยาม,2026-02-05,2026-02,083-xxx-9623,False,True,2026-03-31,5,615
C01225,อัญชลี,หญิง,18-24,False,B05,มหาวิทยาลัย,2026-03-26,2026-03,087-xxx-8720,False,True,2026-07-03,3,285
C01226,อรุณ,ชาย,ต่ำกว่า 18,True,B04,บางนา,2026-04-01,2026-04,083-xxx-8877,False,True,2026-07-08,1,85
C01227,ปิยะ,ชาย,18-24,False,B05,มหาวิทยาลัย,2026-03-21,2026-03,085-xxx-2905,False,True,2026-03-30,1,275
C01228,กิตติ,หญิง,ต่ำกว่า 18,True,B01,สยาม,2025-06-11,2025-06,082-xxx-4133,False,True,2025-06-19,13,2275
C01229,นภัส,ชาย,25-34,False,B05,มหาวิทยาลัย,2025-08-22,2025-08,082-xxx-4352,False,False,,0,0
C01230,ชนา,หญิง,18-24,False,B01,สยาม,2026-04-02,2026-04,083-xxx-4411,False,True,2026-04-18,2,225
C01231,รัตนา,ชาย,25-34,False,B01,สยาม,2025-08-18,2025-08,083-xxx-1814,False,True,2025-09-09,5,394
C01232,รัตนา,ชาย,18-24,False,B05,มหาวิทยาลัย,2025-12-15,2025-12,082-xxx-5348,False,True,2026-02-03,6,815
C01233,ปวีณ,หญิง,25-34,False,B01,สยาม,2025-08-22,2025-08,087-xxx-6253,False,True,2025-08-28,2,334
C01234,จิรา,ชาย,35-44,False,B03,อารีย์,2026-07-10,2026-07,088-xxx-5830,False,True,2026-09-20,1,140
C01235,พิม,หญิง,25-34,False,B05,มหาวิทยาลัย,2025-06-17,2025-06,088-xxx-5938,False,True,2025-06-25,9,1070
C01236,ธนา,หญิง,18-24,False,B02,สีลม,2026-03-06,2026-03,087-xxx-1788,True,True,2026-03-06,10,1194
C01237,สุดา,หญิง,35-44,False,B02,สีลม,2025-12-24,2025-12,088-xxx-6922,False,True,2026-01-02,9,1329
C01238,พิม,หญิง,35-44,False,B02,สีลม,2026-04-25,2026-04,086-xxx-3320,False,True,2026-06-08,2,95
C01239,เกศ,หญิง,25-34,False,B03,อารีย์,2026-08-26,2026-08,083-xxx-8844,True,True,2026-09-06,1,350
C01240,ศิริ,ชาย,35-44,False,B04,บางนา,2025-05-05,2025-05,084-xxx-4005,False,True,2025-05-13,22,2767
C01241,วีระ,ชาย,55+,False,B01,สยาม,2026-08-11,2026-08,085-xxx-6101,False,False,,0,0
C01242,ปิยะ,ชาย,35-44,False,B02,สีลม,2026-03-09,2026-03,088-xxx-4031,False,True,2026-03-26,1,274
C01243,วรรณ,ชาย,35-44,False,B02,สีลม,2026-07-25,2026-07,084-xxx-7432,False,False,,0,0
C01244,มานพ,หญิง,55+,False,B05,มหาวิทยาลัย,2025-07-09,2025-07,082-xxx-3367,False,True,2025-08-19,4,694
C01245,ทิพย์,ชาย,25-34,False,B05,มหาวิทยาลัย,2026-08-28,2026-08,082-xxx-9021,False,False,,0,0
C01246,ศิริ,ชาย,55+,False,B05,มหาวิทยาลัย,2026-05-10,2026-05,082-xxx-2537,False,True,2026-06-29,2,230
C01247,สมชาย,หญิง,18-24,False,B02,สีลม,2026-08-18,2026-08,089-xxx-6851,False,False,,0,0
C01248,กิตติ,หญิง,25-34,False,B05,มหาวิทยาลัย,2025-05-28,2025-05,086-xxx-8815,False,False,,0,0
C01249,ปวีณ,หญิง,25-34,False,B02,สีลม,2026-07-20,2026-07,085-xxx-6362,False,True,2026-07-27,1,85
C01250,มานพ,ชาย,25-34,False,B05,มหาวิทยาลัย,2026-03-30,2026-03,084-xxx-9957,False,True,2026-04-21,1,60
C01251,อัญชลี,ชาย,ต่ำกว่า 18,True,B02,สีลม,2025-07-12,2025-07,087-xxx-8809,False,True,2025-07-27,19,2577
C01252,กมล,หญิง,55+,False,B03,อารีย์,2026-09-10,2026-09,089-xxx-9213,False,True,2026-09-16,1,139
C01253,ศิริ,ชาย,18-24,False,B01,สยาม,2025-12-09,2025-12,081-xxx-7267,False,True,2026-02-07,7,1319
C01254,ธนา,ชาย,18-24,False,B01,สยาม,2025-06-03,2025-06,088-xxx-3777,False,True,2025-06-25,9,974
C01255,นภัส,หญิง,35-44,False,B04,บางนา,2025-05-01,2025-05,083-xxx-2065,True,True,2025-05-17,16,1760
C01256,พิม,ชาย,45-54,False,B03,อารีย์,2025-11-06,2025-11,084-xxx-5706,False,True,2025-12-02,11,1579
C01257,ทิพย์,หญิง,25-34,False,B02,สีลม,2026-05-03,2026-05,082-xxx-6457,False,True,2026-05-28,7,834
C01258,มานพ,หญิง,25-34,False,B04,บางนา,2026-04-26,2026-04,081-xxx-2100,False,True,2026-07-12,2,210
C01259,รัตนา,หญิง,35-44,False,B05,มหาวิทยาลัย,2026-09-04,2026-09,082-xxx-9148,False,True,2026-09-14,1,90
C01260,ธีร,หญิง,45-54,False,B04,บางนา,2025-06-23,2025-06,082-xxx-7618,False,True,2025-06-28,26,3280
C01261,สมชาย,ไม่ระบุ,18-24,False,B01,สยาม,2025-04-09,2025-04,087-xxx-4640,False,True,2025-04-12,11,1360
C01262,วีระ,ชาย,35-44,False,B03,อารีย์,2026-02-20,2026-02,088-xxx-3372,False,True,2026-02-21,1,129
C01263,กิตติ,หญิง,25-34,False,B02,สีลม,2025-07-20,2025-07,081-xxx-6791,False,True,2025-07-30,7,715
C01264,ปิยะ,หญิง,45-54,False,B05,มหาวิทยาลัย,2025-09-09,2025-09,086-xxx-6926,False,True,2026-01-12,2,240
C01265,สุดา,หญิง,25-34,False,B01,สยาม,2025-06-25,2025-06,083-xxx-8917,False,True,2025-07-06,6,679
C01266,พิม,หญิง,18-24,False,B03,อารีย์,2025-11-01,2025-11,083-xxx-2637,False,True,2025-11-02,4,807
C01267,เกศ,ชาย,55+,False,B03,อารีย์,2026-02-04,2026-02,083-xxx-8746,False,True,2026-02-04,3,458
C01268,สมชาย,หญิง,55+,False,B03,อารีย์,2026-07-21,2026-07,089-xxx-9184,False,True,2026-08-15,1,90
C01269,วีระ,ชาย,18-24,False,B04,บางนา,2025-05-21,2025-05,084-xxx-7819,False,True,2025-05-23,8,968
C01270,ธนา,หญิง,18-24,False,B01,สยาม,2026-06-09,2026-06,088-xxx-4678,False,True,2026-09-14,1,60
C01271,รัตนา,ชาย,18-24,False,B04,บางนา,2026-05-11,2026-05,089-xxx-7739,False,False,,0,0
C01272,ชนา,หญิง,25-34,False,B02,สีลม,2026-03-10,2026-03,082-xxx-5926,False,True,2026-04-23,2,135
C01273,วรรณ,หญิง,18-24,False,B05,มหาวิทยาลัย,2025-10-28,2025-10,088-xxx-8250,False,True,2025-11-19,2,225
C01274,กมล,หญิง,45-54,False,B04,บางนา,2025-08-24,2025-08,087-xxx-5320,False,True,2025-10-03,4,614
C01275,นภัส,ชาย,25-34,False,B05,มหาวิทยาลัย,2025-08-01,2025-08,083-xxx-3068,False,True,2025-08-25,7,620
C01276,วรรณ,ชาย,35-44,False,B02,สีลม,2026-07-07,2026-07,085-xxx-9855,False,True,2026-09-16,1,80
C01277,ภูมิ,หญิง,25-34,False,B01,สยาม,2026-04-12,2026-04,081-xxx-1561,False,True,2026-09-20,1,155
C01278,ภัทร,หญิง,55+,False,B04,บางนา,2025-11-09,2025-11,084-xxx-1750,False,True,2025-11-11,12,1775
C01279,สมชาย,หญิง,45-54,False,B01,สยาม,2026-05-08,2026-05,086-xxx-9022,False,True,2026-06-15,1,60
C01280,วีระ,ชาย,35-44,False,B02,สีลม,2025-10-31,2025-10,088-xxx-5303,False,True,2025-11-18,11,1927
C01281,สมชาย,ชาย,ต่ำกว่า 18,True,B05,มหาวิทยาลัย,2025-08-31,2025-08,081-xxx-9480,False,True,2025-09-08,7,1480
C01282,วีระ,ชาย,25-34,False,B01,สยาม,2026-06-05,2026-06,082-xxx-2244,False,True,2026-06-07,3,237
C01283,ปวีณ,ชาย,35-44,False,B03,อารีย์,2026-08-22,2026-08,083-xxx-4967,False,False,,0,0
C01284,ภูมิ,หญิง,25-34,False,B01,สยาม,2025-09-07,2025-09,086-xxx-4063,False,True,2025-09-11,3,455
C01285,เกศ,ชาย,18-24,False,B03,อารีย์,2026-02-20,2026-02,083-xxx-2609,False,True,2026-03-20,5,778
C01286,อัญชลี,หญิง,18-24,False,B01,สยาม,2025-12-11,2025-12,088-xxx-9907,False,True,2025-12-22,1,65
C01287,ธนา,ชาย,35-44,False,B05,มหาวิทยาลัย,2026-07-25,2026-07,083-xxx-2300,False,True,2026-08-05,1,149
C01288,ธนา,หญิง,ต่ำกว่า 18,True,B04,บางนา,2026-08-15,2026-08,087-xxx-5383,False,False,,0,0
C01289,กิตติ,ชาย,25-34,False,B03,อารีย์,2026-04-26,2026-04,088-xxx-7305,False,True,2026-05-06,5,420
C01290,เกศ,หญิง,25-34,False,B04,บางนา,2025-07-13,2025-07,089-xxx-1786,False,True,2025-07-16,18,1852
C01291,ปวีณ,หญิง,18-24,False,B05,มหาวิทยาลัย,2025-10-23,2025-10,082-xxx-9977,False,True,2025-11-30,11,1224
C01292,ทิพย์,หญิง,35-44,False,B01,สยาม,2025-04-01,2025-04,082-xxx-4265,False,True,2025-04-02,2,215
C01293,จิรา,หญิง,35-44,False,B03,อารีย์,2026-03-27,2026-03,083-xxx-6759,False,True,2026-06-13,2,215
C01294,วีระ,หญิง,45-54,False,B01,สยาม,2026-06-05,2026-06,089-xxx-6890,False,True,2026-09-01,2,140
C01295,กมล,ชาย,35-44,False,B01,สยาม,2025-12-03,2025-12,082-xxx-1801,False,True,2025-12-22,5,995
C01296,วรรณ,ชาย,45-54,False,B04,บางนา,2025-05-23,2025-05,081-xxx-5322,False,True,2025-06-03,2,344
C01297,สมชาย,หญิง,35-44,False,B01,สยาม,2025-04-21,2025-04,081-xxx-7601,False,True,2025-05-16,3,765
C01298,มานพ,ชาย,18-24,False,B01,สยาม,2025-07-05,2025-07,089-xxx-8183,False,False,,0,0
C01299,ปวีณ,ชาย,25-34,False,B05,มหาวิทยาลัย,2025-06-28,2025-06,089-xxx-2403,False,True,2025-07-17,7,958
C01300,ภัทร,ชาย,35-44,False,B02,สีลม,2025-09-02,2025-09,083-xxx-7782,False,True,2025-09-15,13,1544
C01301,ปิยะ,ชาย,35-44,False,B02,สีลม,2026-06-04,2026-06,081-xxx-3763,False,True,2026-07-13,2,370
C01302,สมชาย,ชาย,18-24,False,B05,มหาวิทยาลัย,2025-05-04,2025-05,085-xxx-9877,False,True,2025-05-09,14,1643
C01303,มานพ,ชาย,35-44,False,B05,มหาวิทยาลัย,2026-09-11,2026-09,085-xxx-9066,False,False,,0,0
C01304,กมล,ชาย,55+,False,B01,สยาม,2026-01-20,2026-01,081-xxx-2287,False,True,2026-02-24,2,334
C01305,พิม,ไม่ระบุ,25-34,False,B04,บางนา,2026-07-12,2026-07,082-xxx-7892,False,False,,0,0
C01306,ศิริ,ชาย,35-44,False,B03,อารีย์,2026-08-05,2026-08,083-xxx-6082,False,False,,0,0
C01307,ธนา,หญิง,18-24,False,B05,มหาวิทยาลัย,2025-09-04,2025-09,088-xxx-7647,True,True,2025-10-07,1,225
C01308,ภัทร,หญิง,18-24,False,B05,มหาวิทยาลัย,2025-08-08,2025-08,081-xxx-8696,False,True,2025-10-07,8,610
C01309,ปิยะ,ชาย,35-44,False,B03,อารีย์,2026-05-18,2026-05,081-xxx-2351,False,True,2026-05-19,2,240
C01310,ภูมิ,หญิง,18-24,False,B05,มหาวิทยาลัย,2025-11-28,2025-11,086-xxx-3177,False,True,2026-01-10,6,898
C01311,ศิริ,ชาย,25-34,False,B02,สีลม,2025-07-14,2025-07,082-xxx-5421,False,True,2025-07-16,13,2097
C01312,ธีร,ไม่ระบุ,18-24,False,B02,สีลม,2026-09-09,2026-09,087-xxx-5613,False,True,2026-09-16,1,70
C01313,ชนา,ชาย,25-34,False,B02,สีลม,2025-04-19,2025-04,081-xxx-9088,False,True,2025-05-01,9,1384
C01314,ธนา,หญิง,25-34,False,B01,สยาม,2026-09-03,2026-09,088-xxx-9545,False,False,,0,0
C01315,จิรา,ชาย,25-34,False,B03,อารีย์,2026-01-26,2026-01,081-xxx-8778,False,True,2026-03-03,9,1460
C01316,ภัทร,ชาย,25-34,False,B04,บางนา,2025-05-26,2025-05,088-xxx-4229,True,True,2025-06-08,16,1935
C01317,ภูมิ,หญิง,25-34,False,B01,สยาม,2025-11-06,2025-11,089-xxx-3325,False,True,2025-11-22,7,1115
C01318,ศิริ,ชาย,18-24,False,B05,มหาวิทยาลัย,2026-04-17,2026-04,083-xxx-5629,False,False,,0,0
C01319,นภัส,ชาย,45-54,False,B01,สยาม,2025-07-27,2025-07,088-xxx-4129,False,True,2025-08-06,2,154
C01320,รัตนา,ชาย,25-34,False,B01,สยาม,2026-07-22,2026-07,082-xxx-9857,False,False,,0,0
C01321,รัตนา,หญิง,18-24,False,B01,สยาม,2025-09-11,2025-09,084-xxx-8412,False,True,2025-09-22,6,1023
C01322,ธนา,ชาย,25-34,False,B05,มหาวิทยาลัย,2026-02-19,2026-02,084-xxx-1800,True,True,2026-02-27,4,555
C01323,จิรา,หญิง,35-44,False,B04,บางนา,2026-01-11,2026-01,087-xxx-7590,False,True,2026-01-28,5,764
C01324,วีระ,ชาย,25-34,False,B01,สยาม,2026-08-07,2026-08,088-xxx-8025,False,False,,0,0
C01325,กมล,ชาย,35-44,False,B03,อารีย์,2026-05-06,2026-05,083-xxx-7242,False,True,2026-05-10,2,320
C01326,กมล,หญิง,18-24,False,B03,อารีย์,2026-09-08,2026-09,084-xxx-4633,False,False,,0,0
C01327,วรรณ,หญิง,55+,False,B05,มหาวิทยาลัย,2026-07-12,2026-07,082-xxx-9486,False,False,,0,0
C01328,กิตติ,ไม่ระบุ,18-24,False,B01,สยาม,2026-07-19,2026-07,081-xxx-1006,False,True,2026-08-01,1,245
C01329,จิรา,ชาย,25-34,False,B03,อารีย์,2025-12-16,2025-12,084-xxx-4808,True,True,2025-12-17,2,170
C01330,พิม,หญิง,35-44,False,B03,อารีย์,2026-08-17,2026-08,081-xxx-7511,False,False,,0,0
C01331,นภัส,ชาย,25-34,False,B02,สีลม,2025-10-16,2025-10,088-xxx-1692,False,True,2025-10-21,5,637
C01332,ชนา,ชาย,25-34,False,B03,อารีย์,2026-06-25,2026-06,086-xxx-8965,False,True,2026-08-24,3,455
C01333,จิรา,ชาย,45-54,False,B05,มหาวิทยาลัย,2026-01-08,2026-01,083-xxx-6837,False,False,,0,0
C01334,จิรา,ชาย,18-24,False,B04,บางนา,2025-10-21,2025-10,083-xxx-2892,False,True,2025-10-27,20,2331
C01335,เกศ,หญิง,35-44,False,B03,อารีย์,2025-11-24,2025-11,081-xxx-3494,False,True,2025-12-05,2,550
C01336,ภูมิ,ชาย,18-24,False,B01,สยาม,2025-05-14,2025-05,088-xxx-7674,False,True,2025-05-21,1,65
C01337,ชนา,หญิง,18-24,False,B01,สยาม,2025-07-09,2025-07,085-xxx-8796,False,True,2025-07-12,12,1520
C01338,จิรา,หญิง,18-24,False,B03,อารีย์,2026-04-21,2026-04,085-xxx-9717,False,True,2026-04-28,8,1003
C01339,เกศ,หญิง,35-44,False,B03,อารีย์,2025-12-28,2025-12,085-xxx-6092,False,True,2026-01-15,5,630
C01340,ภัทร,หญิง,18-24,False,B05,มหาวิทยาลัย,2025-12-27,2025-12,081-xxx-3940,False,True,2026-01-15,1,75
C01341,ธีร,หญิง,25-34,False,B04,บางนา,2026-01-19,2026-01,089-xxx-8576,False,True,2026-02-14,12,1539
C01342,มานพ,หญิง,35-44,False,B02,สีลม,2025-07-27,2025-07,084-xxx-2109,False,True,2025-08-05,6,658
C01343,ภูมิ,หญิง,25-34,False,B05,มหาวิทยาลัย,2026-04-16,2026-04,086-xxx-5671,False,True,2026-05-07,6,1093
C01344,กิตติ,หญิง,18-24,False,B02,สีลม,2026-05-02,2026-05,081-xxx-4472,False,True,2026-05-09,3,444
C01345,ปวีณ,ชาย,18-24,False,B02,สีลม,2025-11-12,2025-11,081-xxx-8313,False,False,,0,0
C01346,กมล,หญิง,25-34,False,B01,สยาม,2026-08-05,2026-08,089-xxx-3165,False,False,,0,0
C01347,ภัทร,หญิง,55+,False,B02,สีลม,2025-11-21,2025-11,083-xxx-3541,False,True,2025-12-03,16,1945
C01348,อัญชลี,หญิง,18-24,False,B01,สยาม,2025-12-14,2025-12,089-xxx-6378,False,True,2025-12-17,7,1039
C01349,ธนา,หญิง,25-34,False,B05,มหาวิทยาลัย,2025-10-30,2025-10,083-xxx-6925,False,True,2025-11-20,1,255
C01350,อรุณ,หญิง,18-24,False,B02,สีลม,2026-07-11,2026-07,081-xxx-9271,False,False,,0,0
C01351,อรุณ,หญิง,18-24,False,B02,สีลม,2026-06-26,2026-06,081-xxx-5407,False,True,2026-07-10,3,325
C01352,ทิพย์,หญิง,25-34,False,B03,อารีย์,2026-05-24,2026-05,083-xxx-5080,False,True,2026-06-21,1,90
C01353,ภูมิ,หญิง,25-34,False,B01,สยาม,2026-02-02,2026-02,083-xxx-8292,False,False,,0,0
C01354,ทิพย์,หญิง,18-24,False,B03,อารีย์,2026-09-13,2026-09,089-xxx-1643,False,False,,0,0
C01355,นภัส,หญิง,45-54,False,B05,มหาวิทยาลัย,2026-01-22,2026-01,081-xxx-9499,False,False,,0,0
C01356,วรรณ,ชาย,45-54,False,B03,อารีย์,2026-05-12,2026-05,084-xxx-8497,False,True,2026-05-24,1,190
C01357,ทิพย์,หญิง,18-24,False,B02,สีลม,2026-08-03,2026-08,089-xxx-3286,False,True,2026-08-05,1,155
C01358,สมชาย,หญิง,35-44,False,B01,สยาม,2026-06-14,2026-06,081-xxx-5348,False,True,2026-06-16,2,160
C01359,กิตติ,ชาย,18-24,False,B01,สยาม,2026-08-05,2026-08,086-xxx-4365,False,True,2026-08-09,2,205
C01360,ปวีณ,ชาย,25-34,False,B01,สยาม,2025-09-29,2025-09,083-xxx-8614,False,True,2025-10-25,9,1206
C01361,กมล,ชาย,35-44,False,B02,สีลม,2025-10-13,2025-10,085-xxx-3663,False,True,2026-01-24,2,540
C01362,วรรณ,ชาย,25-34,False,B02,สีลม,2025-06-10,2025-06,085-xxx-3900,False,True,2025-06-21,19,2543
C01363,นภัส,หญิง,35-44,False,B04,บางนา,2026-03-05,2026-03,087-xxx-4632,False,True,2026-03-22,2,146
C01364,ศิริ,ชาย,25-34,False,B05,มหาวิทยาลัย,2025-10-23,2025-10,084-xxx-6900,False,True,2025-10-31,9,1109
C01365,ภัทร,ชาย,45-54,False,B02,สีลม,2025-07-10,2025-07,085-xxx-2349,False,True,2025-07-24,5,729
C01366,กิตติ,ชาย,18-24,False,B03,อารีย์,2026-06-05,2026-06,085-xxx-1703,False,True,2026-07-07,1,89
C01367,รัตนา,หญิง,45-54,False,B01,สยาม,2025-04-21,2025-04,081-xxx-6276,False,True,2025-05-24,12,1345
C01368,อัญชลี,หญิง,35-44,False,B05,มหาวิทยาลัย,2025-11-24,2025-11,089-xxx-3738,False,True,2026-02-06,3,409
C01369,นภัส,ชาย,35-44,False,B02,สีลม,2025-09-29,2025-09,083-xxx-7608,False,True,2025-10-10,7,685
C01370,อรุณ,หญิง,35-44,False,B01,สยาม,2026-03-11,2026-03,081-xxx-4947,False,True,2026-04-09,2,320
C01371,ภัทร,ชาย,35-44,False,B01,สยาม,2025-09-19,2025-09,086-xxx-3109,False,True,2025-10-02,7,1022
C01372,อัญชลี,ชาย,ต่ำกว่า 18,True,B04,บางนา,2025-12-24,2025-12,083-xxx-4395,False,True,2026-01-07,16,1830
C01373,ภูมิ,หญิง,18-24,False,B03,อารีย์,2026-08-11,2026-08,088-xxx-3228,False,True,2026-08-22,3,280
C01374,อัญชลี,ชาย,25-34,False,B02,สีลม,2026-09-11,2026-09,084-xxx-6310,False,False,,0,0
C01375,อัญชลี,หญิง,18-24,False,B03,อารีย์,2026-08-20,2026-08,084-xxx-7906,False,True,2026-08-25,1,75
C01376,นภัส,ชาย,25-34,False,B01,สยาม,2025-06-17,2025-06,083-xxx-5339,False,True,2025-07-06,9,978
C01377,ทิพย์,ชาย,18-24,False,B05,มหาวิทยาลัย,2025-12-27,2025-12,082-xxx-8118,False,True,2026-01-07,1,75
C01378,ชนา,ชาย,25-34,False,B01,สยาม,2025-06-10,2025-06,089-xxx-7456,False,True,2025-06-12,2,320
C01379,สุดา,หญิง,25-34,False,B02,สีลม,2025-05-27,2025-05,089-xxx-1262,False,True,2025-06-10,12,1508
C01380,จิรา,หญิง,35-44,False,B05,มหาวิทยาลัย,2025-05-13,2025-05,081-xxx-1040,False,True,2025-05-19,3,165
C01381,วรรณ,หญิง,18-24,False,B01,สยาม,2026-06-18,2026-06,082-xxx-9328,False,True,2026-08-04,1,85
C01382,ปวีณ,ชาย,18-24,False,B05,มหาวิทยาลัย,2025-10-27,2025-10,088-xxx-2607,False,True,2026-01-15,2,205
C01383,ปิยะ,ชาย,18-24,False,B05,มหาวิทยาลัย,2025-04-02,2025-04,089-xxx-8360,False,True,2025-04-11,8,784
C01384,ภูมิ,หญิง,45-54,False,B02,สีลม,2026-04-27,2026-04,089-xxx-7946,False,True,2026-05-05,1,129
C01385,ณัฐ,หญิง,35-44,False,B02,สีลม,2026-06-03,2026-06,086-xxx-7479,False,True,2026-06-25,6,888
C01386,เกศ,ชาย,45-54,False,B01,สยาม,2026-05-25,2026-05,085-xxx-8784,False,True,2026-06-14,1,215
C01387,ภัทร,หญิง,18-24,False,B02,สีลม,2026-07-19,2026-07,084-xxx-6043,False,False,,0,0
C01388,อรุณ,ชาย,18-24,False,B02,สีลม,2025-12-27,2025-12,084-xxx-2371,False,True,2026-01-01,7,835
C01389,ภูมิ,ชาย,35-44,False,B02,สีลม,2026-05-22,2026-05,087-xxx-1706,False,False,,0,0
C01390,ปวีณ,ชาย,18-24,False,B01,สยาม,2025-07-07,2025-07,085-xxx-7375,False,True,2025-08-14,13,1929
C01391,ธีร,หญิง,25-34,False,B05,มหาวิทยาลัย,2025-12-23,2025-12,084-xxx-8513,False,True,2026-01-17,2,375
C01392,สมชาย,ชาย,25-34,False,B04,บางนา,2025-05-01,2025-05,084-xxx-9101,False,True,2025-05-03,20,2325
C01393,วีระ,หญิง,25-34,False,B01,สยาม,2026-05-13,2026-05,084-xxx-5080,False,True,2026-07-07,1,65
C01394,ศิริ,หญิง,18-24,False,B04,บางนา,2025-10-07,2025-10,082-xxx-3093,False,True,2025-11-21,6,955
C01395,จิรา,ชาย,55+,False,B01,สยาม,2025-06-24,2025-06,083-xxx-8508,False,True,2025-07-05,27,3897
C01396,นภัส,ชาย,25-34,False,B01,สยาม,2026-01-16,2026-01,082-xxx-1031,False,True,2026-01-21,9,1044
C01397,รัตนา,หญิง,45-54,False,B04,บางนา,2026-03-31,2026-03,083-xxx-7484,False,True,2026-04-03,9,1143
C01398,มานพ,ชาย,25-34,False,B04,บางนา,2025-07-08,2025-07,086-xxx-5881,False,True,2025-09-06,16,2045
C01399,สมชาย,ชาย,18-24,False,B02,สีลม,2026-02-07,2026-02,082-xxx-8222,False,True,2026-04-01,1,80
C01400,ณัฐ,ชาย,55+,False,B03,อารีย์,2026-03-19,2026-03,082-xxx-7094,False,True,2026-04-06,5,399
C01401,ภัทร,ชาย,35-44,False,B05,มหาวิทยาลัย,2026-03-07,2026-03,087-xxx-9476,False,True,2026-05-20,1,89
C01402,ภูมิ,ชาย,45-54,False,B03,อารีย์,2026-03-15,2026-03,085-xxx-3082,False,True,2026-03-21,8,1070
C01403,เกศ,ชาย,35-44,False,B05,มหาวิทยาลัย,2026-07-27,2026-07,086-xxx-6216,False,True,2026-08-01,3,265
C01404,ณัฐ,หญิง,ต่ำกว่า 18,True,B01,สยาม,2026-02-16,2026-02,087-xxx-2185,False,True,2026-04-05,4,430
C01405,ภัทร,หญิง,55+,False,B04,บางนา,2025-05-19,2025-05,086-xxx-5390,False,True,2025-05-24,21,2984
C01406,ปิยะ,หญิง,18-24,False,B02,สีลม,2026-03-20,2026-03,086-xxx-7127,True,True,2026-03-21,7,630
C01407,กิตติ,หญิง,18-24,False,B02,สีลม,2025-05-01,2025-05,084-xxx-6836,False,True,2025-05-30,7,620
C01408,อัญชลี,หญิง,25-34,False,B04,บางนา,2025-12-01,2025-12,081-xxx-7316,False,True,2025-12-21,12,1621
C01409,ภูมิ,หญิง,25-34,False,B05,มหาวิทยาลัย,2026-07-25,2026-07,086-xxx-4331,False,False,,0,0
C01410,ธีร,หญิง,25-34,False,B02,สีลม,2025-09-01,2025-09,082-xxx-6049,False,True,2025-09-20,14,1517
C01411,วรรณ,หญิง,25-34,False,B01,สยาม,2025-11-18,2025-11,086-xxx-9760,False,True,2026-01-19,9,1184
C01412,ทิพย์,ชาย,35-44,False,B05,มหาวิทยาลัย,2025-11-09,2025-11,086-xxx-5478,False,True,2025-11-21,5,529
C01413,รัตนา,หญิง,55+,False,B01,สยาม,2026-07-19,2026-07,089-xxx-3043,False,True,2026-08-11,2,255
C01414,อัญชลี,หญิง,35-44,False,B02,สีลม,2026-01-28,2026-01,088-xxx-3994,False,True,2026-02-01,3,385
C01415,ปิยะ,ชาย,45-54,False,B02,สีลม,2026-07-12,2026-07,087-xxx-2067,False,False,,0,0
C01416,ภูมิ,หญิง,55+,False,B01,สยาม,2025-10-30,2025-10,084-xxx-2500,False,False,,0,0
C01417,สมชาย,หญิง,25-34,False,B01,สยาม,2025-04-19,2025-04,083-xxx-3977,False,True,2025-05-07,9,1137
C01418,ภัทร,หญิง,18-24,False,B01,สยาม,2026-04-03,2026-04,087-xxx-6007,False,True,2026-04-12,4,395
C01419,ปิยะ,ชาย,18-24,False,B01,สยาม,2025-05-12,2025-05,088-xxx-5991,False,True,2025-05-18,15,1908
C01420,สุดา,หญิง,18-24,False,B01,สยาม,2025-11-15,2025-11,083-xxx-8071,False,True,2025-12-30,5,624
C01421,สุดา,หญิง,35-44,False,B04,บางนา,2025-10-29,2025-10,083-xxx-3698,False,True,2025-11-11,5,488
C01422,นภัส,หญิง,45-54,False,B03,อารีย์,2026-01-15,2026-01,085-xxx-1799,False,True,2026-01-21,13,1602
C01423,ปิยะ,ชาย,35-44,False,B01,สยาม,2025-05-17,2025-05,086-xxx-4456,False,True,2025-05-17,12,1254
C01424,วรรณ,ชาย,25-34,False,B05,มหาวิทยาลัย,2026-02-17,2026-02,083-xxx-5127,False,False,,0,0
C01425,ธนา,หญิง,45-54,False,B05,มหาวิทยาลัย,2026-03-17,2026-03,084-xxx-2945,False,True,2026-03-20,1,140
C01426,ธีร,ไม่ระบุ,35-44,False,B05,มหาวิทยาลัย,2025-11-02,2025-11,088-xxx-4135,False,True,2025-11-09,1,200
C01427,ปิยะ,ชาย,25-34,False,B02,สีลม,2026-07-21,2026-07,082-xxx-9720,False,True,2026-07-27,1,324
C01428,ธีร,ชาย,35-44,False,B02,สีลม,2026-08-30,2026-08,087-xxx-6778,True,True,2026-09-10,1,135
C01429,นภัส,ชาย,35-44,False,B04,บางนา,2026-09-11,2026-09,084-xxx-9224,False,False,,0,0
C01430,ภัทร,ชาย,45-54,False,B04,บางนา,2025-04-23,2025-04,089-xxx-5522,False,True,2025-05-27,15,1551
C01431,สุดา,หญิง,35-44,False,B04,บางนา,2026-07-23,2026-07,088-xxx-4233,False,True,2026-09-15,1,140
C01432,วรรณ,ชาย,25-34,False,B02,สีลม,2025-04-05,2025-04,089-xxx-8387,False,True,2025-04-15,23,3093
C01433,อัญชลี,ชาย,55+,False,B05,มหาวิทยาลัย,2025-11-11,2025-11,085-xxx-8215,False,True,2026-02-27,4,374
C01434,วีระ,หญิง,25-34,False,B04,บางนา,2026-02-07,2026-02,085-xxx-2249,False,True,2026-03-06,4,575
C01435,นภัส,หญิง,ต่ำกว่า 18,True,B04,บางนา,2025-09-23,2025-09,087-xxx-7275,False,True,2025-10-03,2,120
C01436,สุดา,หญิง,35-44,False,B02,สีลม,2025-12-22,2025-12,089-xxx-7026,False,True,2025-12-22,3,345
C01437,เกศ,หญิง,25-34,False,B01,สยาม,2026-03-10,2026-03,082-xxx-2693,False,True,2026-03-24,3,217
C01438,ธนา,หญิง,25-34,False,B04,บางนา,2025-09-17,2025-09,089-xxx-5633,False,True,2025-10-01,5,619
C01439,กมล,หญิง,35-44,False,B01,สยาม,2026-07-29,2026-07,083-xxx-4565,False,True,2026-09-13,1,110
C01440,วรรณ,หญิง,25-34,False,B02,สีลม,2025-09-25,2025-09,087-xxx-7884,False,True,2025-10-19,9,1792
C01441,อรุณ,หญิง,25-34,False,B01,สยาม,2026-01-25,2026-01,083-xxx-2568,False,True,2026-01-26,4,510
C01442,ปวีณ,หญิง,18-24,False,B01,สยาม,2025-05-22,2025-05,088-xxx-1104,False,True,2025-05-25,8,1124
C01443,มานพ,หญิง,25-34,False,B05,มหาวิทยาลัย,2026-04-25,2026-04,084-xxx-3771,True,True,2026-05-10,3,304
C01444,ภัทร,ชาย,25-34,False,B05,มหาวิทยาลัย,2025-10-31,2025-10,083-xxx-2793,False,True,2025-12-20,6,760
C01445,นภัส,ชาย,ต่ำกว่า 18,True,B01,สยาม,2026-07-10,2026-07,088-xxx-6825,False,True,2026-08-02,3,405
C01446,มานพ,ชาย,25-34,False,B01,สยาม,2025-11-18,2025-11,084-xxx-6411,False,True,2025-12-23,9,1295
C01447,ปวีณ,ไม่ระบุ,35-44,False,B02,สีลม,2025-07-24,2025-07,082-xxx-5797,False,True,2025-08-30,9,1053
C01448,ธีร,หญิง,45-54,False,B01,สยาม,2026-04-02,2026-04,083-xxx-5469,False,False,,0,0
C01449,ปิยะ,ชาย,35-44,False,B02,สีลม,2025-06-13,2025-06,081-xxx-2663,False,True,2025-06-25,15,2012
C01450,อรุณ,ชาย,35-44,False,B01,สยาม,2026-09-13,2026-09,088-xxx-9789,False,False,,0,0
C01451,สุดา,หญิง,25-34,False,B02,สีลม,2026-04-28,2026-04,081-xxx-7400,False,True,2026-05-06,8,1195
C01452,ธนา,ชาย,18-24,False,B01,สยาม,2025-05-16,2025-05,084-xxx-4954,False,True,2025-05-30,2,345
C01453,อัญชลี,หญิง,25-34,False,B05,มหาวิทยาลัย,2026-06-18,2026-06,085-xxx-5366,False,True,2026-07-10,2,175
C01454,พิม,หญิง,25-34,False,B01,สยาม,2025-09-01,2025-09,088-xxx-6676,False,True,2025-09-09,3,340
C01455,กมล,หญิง,35-44,False,B02,สีลม,2026-09-14,2026-09,082-xxx-4565,False,False,,0,0
C01456,กมล,ชาย,25-34,False,B03,อารีย์,2025-11-19,2025-11,085-xxx-8443,False,True,2025-11-19,14,2601
C01457,อรุณ,หญิง,35-44,False,B03,อารีย์,2026-05-02,2026-05,085-xxx-7093,True,False,,0,0
C01458,นภัส,ชาย,35-44,False,B03,อารีย์,2026-03-19,2026-03,087-xxx-6394,False,True,2026-03-21,11,1394
C01459,กมล,หญิง,25-34,False,B02,สีลม,2025-08-04,2025-08,083-xxx-1473,False,True,2025-08-14,14,1368
C01460,จิรา,หญิง,18-24,False,B02,สีลม,2026-09-10,2026-09,086-xxx-6274,True,True,2026-09-15,1,65
C01461,ภัทร,หญิง,45-54,False,B01,สยาม,2026-08-10,2026-08,085-xxx-4044,False,False,,0,0
C01462,สุดา,หญิง,45-54,False,B04,บางนา,2025-06-21,2025-06,084-xxx-1682,False,True,2025-07-23,14,1733
C01463,รัตนา,ชาย,18-24,False,B04,บางนา,2026-06-12,2026-06,082-xxx-4654,False,True,2026-08-27,1,85
C01464,ปิยะ,หญิง,25-34,False,B01,สยาม,2026-07-04,2026-07,087-xxx-4268,False,False,,0,0
C01465,รัตนา,ชาย,25-34,False,B05,มหาวิทยาลัย,2026-07-08,2026-07,086-xxx-1003,False,True,2026-08-03,1,75
C01466,กมล,หญิง,18-24,False,B05,มหาวิทยาลัย,2026-01-21,2026-01,084-xxx-9785,False,True,2026-03-13,5,1069
C01467,ธีร,หญิง,25-34,False,B01,สยาม,2026-05-19,2026-05,084-xxx-9424,False,True,2026-05-19,1,70
C01468,วรรณ,หญิง,45-54,False,B02,สีลม,2025-06-22,2025-06,086-xxx-8259,False,True,2025-06-25,17,2658
C01469,กิตติ,ชาย,25-34,False,B05,มหาวิทยาลัย,2026-02-08,2026-02,085-xxx-6281,False,True,2026-02-17,4,585
C01470,ภูมิ,หญิง,35-44,False,B02,สีลม,2025-10-06,2025-10,088-xxx-8339,False,True,2025-10-14,21,2200
C01471,ธนา,ชาย,18-24,False,B05,มหาวิทยาลัย,2025-07-12,2025-07,084-xxx-4395,False,True,2025-08-01,4,334
C01472,กมล,หญิง,55+,False,B01,สยาม,2025-06-06,2025-06,086-xxx-1180,False,True,2025-06-18,14,1675
C01473,พิม,หญิง,45-54,False,B02,สีลม,2026-08-30,2026-08,088-xxx-8531,False,False,,0,0
C01474,กิตติ,หญิง,25-34,False,B04,บางนา,2025-12-26,2025-12,089-xxx-4901,False,True,2025-12-26,10,1273
C01475,สมชาย,ชาย,45-54,False,B02,สีลม,2026-09-01,2026-09,088-xxx-6389,False,False,,0,0
C01476,ศิริ,หญิง,45-54,False,B02,สีลม,2025-10-19,2025-10,087-xxx-9714,False,True,2025-11-04,15,2110
C01477,จิรา,ชาย,25-34,False,B01,สยาม,2026-01-15,2026-01,089-xxx-2894,True,True,2026-01-28,3,624
C01478,รัตนา,ชาย,35-44,False,B01,สยาม,2026-07-15,2026-07,081-xxx-5032,False,True,2026-08-20,1,265
C01479,ธีร,ชาย,45-54,False,B04,บางนา,2025-10-22,2025-10,084-xxx-5425,False,True,2025-11-28,9,984
C01480,กมล,หญิง,35-44,False,B03,อารีย์,2026-04-24,2026-04,081-xxx-4380,False,True,2026-06-04,2,185
C01481,รัตนา,หญิง,35-44,False,B01,สยาม,2026-08-10,2026-08,082-xxx-3985,False,False,,0,0
C01482,กมล,หญิง,25-34,False,B05,มหาวิทยาลัย,2025-09-20,2025-09,083-xxx-5083,True,True,2025-10-17,11,1281
C01483,อรุณ,ชาย,25-34,False,B01,สยาม,2026-03-05,2026-03,083-xxx-9544,False,True,2026-07-02,5,808
C01484,อัญชลี,หญิง,25-34,False,B04,บางนา,2025-06-15,2025-06,081-xxx-8579,False,True,2025-07-30,12,1483
C01485,มานพ,หญิง,25-34,False,B02,สีลม,2026-02-01,2026-02,081-xxx-5299,False,True,2026-02-03,4,295
C01486,กิตติ,หญิง,25-34,False,B05,มหาวิทยาลัย,2025-06-11,2025-06,083-xxx-6977,False,True,2025-06-26,12,1264
C01487,ภัทร,หญิง,18-24,False,B05,มหาวิทยาลัย,2025-05-05,2025-05,083-xxx-2054,False,True,2025-05-25,1,135
C01488,ปวีณ,ชาย,ต่ำกว่า 18,True,B01,สยาม,2025-11-06,2025-11,082-xxx-8467,False,True,2025-11-30,1,130
C01489,กมล,ชาย,25-34,False,B05,มหาวิทยาลัย,2025-05-20,2025-05,087-xxx-7831,False,True,2025-06-02,23,3186
C01490,พิม,หญิง,25-34,False,B02,สีลม,2025-09-12,2025-09,088-xxx-4456,False,True,2025-11-17,6,810
C01491,สุดา,ชาย,35-44,False,B01,สยาม,2026-04-09,2026-04,084-xxx-3378,False,True,2026-04-27,2,130
C01492,วรรณ,หญิง,35-44,False,B01,สยาม,2026-05-23,2026-05,085-xxx-3209,False,True,2026-05-27,9,936
C01493,ศิริ,ชาย,25-34,False,B02,สีลม,2026-07-16,2026-07,081-xxx-3152,False,True,2026-07-29,1,215
C01494,จิรา,ชาย,25-34,False,B04,บางนา,2026-06-03,2026-06,088-xxx-9683,False,True,2026-06-03,3,325
C01495,จิรา,หญิง,18-24,False,B02,สีลม,2025-04-06,2025-04,089-xxx-6276,False,True,2025-04-24,16,2092
C01496,กมล,หญิง,18-24,False,B03,อารีย์,2026-01-18,2026-01,082-xxx-6619,False,True,2026-01-18,14,2024
C01497,อัญชลี,หญิง,25-34,False,B01,สยาม,2026-07-09,2026-07,081-xxx-7031,False,False,,0,0
C01498,ธีร,หญิง,45-54,False,B05,มหาวิทยาลัย,2026-06-21,2026-06,084-xxx-6164,False,True,2026-07-07,1,65
C01499,ศิริ,หญิง,25-34,False,B02,สีลม,2025-06-27,2025-06,083-xxx-8602,False,True,2025-07-02,17,2349
C01500,พิม,ชาย,ต่ำกว่า 18,True,B02,สีลม,2025-04-26,2025-04,081-xxx-3398,False,True,2025-05-14,19,1968
C01501,ธนา,หญิง,45-54,False,B04,บางนา,2026-05-12,2026-05,081-xxx-3146,False,True,2026-08-08,1,185
C01502,สมชาย,ชาย,25-34,False,B03,อารีย์,2025-12-04,2025-12,083-xxx-2128,False,True,2025-12-10,7,684
C01503,จิรา,หญิง,18-24,False,B02,สีลม,2026-05-26,2026-05,088-xxx-6664,False,True,2026-06-01,3,660
C01504,ธีร,ชาย,35-44,False,B01,สยาม,2025-10-10,2025-10,088-xxx-4866,False,True,2025-11-11,9,969
C01505,พิม,ชาย,35-44,False,B03,อารีย์,2026-07-09,2026-07,087-xxx-6527,False,False,,0,0
C01506,จิรา,หญิง,18-24,False,B03,อารีย์,2025-12-02,2025-12,082-xxx-3407,False,True,2025-12-03,10,894
C01507,มานพ,ชาย,25-34,False,B05,มหาวิทยาลัย,2026-05-31,2026-05,088-xxx-6096,False,False,,0,0
C01508,ณัฐ,หญิง,35-44,False,B01,สยาม,2026-05-09,2026-05,083-xxx-1290,False,True,2026-08-29,1,280
C01509,จิรา,ชาย,45-54,False,B02,สีลม,2025-11-29,2025-11,087-xxx-3237,False,True,2025-12-17,7,970
C01510,มานพ,หญิง,25-34,False,B03,อารีย์,2026-07-15,2026-07,082-xxx-4112,False,True,2026-08-23,1,354
C01511,สุดา,หญิง,25-34,False,B03,อารีย์,2026-02-25,2026-02,084-xxx-5577,False,True,2026-03-28,5,490
C01512,เกศ,ชาย,25-34,False,B02,สีลม,2026-09-03,2026-09,081-xxx-3125,False,True,2026-09-14,1,55
C01513,กมล,ชาย,25-34,False,B05,มหาวิทยาลัย,2025-10-06,2025-10,083-xxx-8246,False,True,2025-11-01,3,1034
C01514,ณัฐ,หญิง,18-24,False,B01,สยาม,2026-04-01,2026-04,087-xxx-6263,False,False,,0,0
C01515,ธีร,หญิง,18-24,False,B02,สีลม,2025-04-15,2025-04,089-xxx-7149,False,True,2025-04-21,10,1303
C01516,ปวีณ,หญิง,18-24,False,B04,บางนา,2025-06-20,2025-06,086-xxx-1464,False,True,2025-07-05,5,665
C01517,ธีร,หญิง,35-44,False,B01,สยาม,2026-03-12,2026-03,081-xxx-7779,False,True,2026-03-21,6,953
C01518,รัตนา,หญิง,45-54,False,B05,มหาวิทยาลัย,2026-08-06,2026-08,087-xxx-4191,False,True,2026-08-31,1,89
C01519,พิม,หญิง,45-54,False,B02,สีลม,2026-02-16,2026-02,084-xxx-7615,False,True,2026-03-20,3,510
C01520,ชนา,หญิง,25-34,False,B01,สยาม,2026-04-15,2026-04,087-xxx-2207,False,True,2026-04-26,2,180
C01521,ทิพย์,หญิง,25-34,False,B01,สยาม,2025-05-26,2025-05,081-xxx-3814,False,False,,0,0
C01522,อัญชลี,หญิง,18-24,False,B04,บางนา,2026-03-28,2026-03,081-xxx-3514,False,True,2026-05-26,2,400
C01523,ปิยะ,ชาย,55+,False,B05,มหาวิทยาลัย,2025-07-18,2025-07,083-xxx-4524,False,False,,0,0
C01524,วรรณ,ชาย,35-44,False,B05,มหาวิทยาลัย,2025-09-06,2025-09,088-xxx-2976,False,True,2025-09-17,2,195
C01525,ธีร,ชาย,45-54,False,B05,มหาวิทยาลัย,2025-09-29,2025-09,085-xxx-2582,False,True,2025-10-24,8,950
C01526,กมล,ชาย,45-54,False,B03,อารีย์,2026-02-05,2026-02,086-xxx-4100,False,True,2026-03-09,4,608
C01527,สุดา,หญิง,25-34,False,B02,สีลม,2025-09-22,2025-09,084-xxx-9155,False,True,2025-10-10,9,1121
C01528,ปวีณ,ชาย,25-34,False,B01,สยาม,2026-02-12,2026-02,088-xxx-7550,False,True,2026-04-05,3,305
C01529,ธนา,ชาย,25-34,False,B02,สีลม,2026-07-18,2026-07,085-xxx-8851,False,True,2026-09-16,1,234
C01530,ศิริ,ชาย,45-54,False,B03,อารีย์,2026-07-17,2026-07,088-xxx-9674,False,True,2026-07-27,3,333
C01531,ภัทร,หญิง,35-44,False,B01,สยาม,2025-07-12,2025-07,085-xxx-7220,False,True,2025-07-14,6,710
C01532,ภัทร,ชาย,18-24,False,B01,สยาม,2025-11-30,2025-11,085-xxx-7054,False,True,2025-12-04,2,160
C01533,ภูมิ,ชาย,25-34,False,B05,มหาวิทยาลัย,2026-04-29,2026-04,081-xxx-3311,False,True,2026-06-29,4,390
C01534,ชนา,หญิง,18-24,False,B02,สีลม,2025-08-15,2025-08,084-xxx-5785,False,True,2025-09-16,10,1049
C01535,ธีร,ชาย,18-24,False,B01,สยาม,2025-10-24,2025-10,086-xxx-4050,False,True,2026-01-29,14,2038
C01536,กมล,หญิง,45-54,False,B01,สยาม,2025-10-05,2025-10,087-xxx-7685,True,True,2025-12-11,2,240
C01537,ทิพย์,หญิง,35-44,False,B04,บางนา,2025-12-20,2025-12,088-xxx-7415,False,True,2026-02-14,10,1175
C01538,วรรณ,หญิง,45-54,False,B01,สยาม,2025-08-14,2025-08,082-xxx-1297,False,True,2025-08-17,27,3168
C01539,สุดา,ชาย,18-24,False,B03,อารีย์,2025-12-25,2025-12,089-xxx-6164,False,True,2026-01-22,12,1230
C01540,พิม,หญิง,45-54,False,B05,มหาวิทยาลัย,2026-07-08,2026-07,088-xxx-2622,False,True,2026-07-27,3,385
C01541,ธีร,หญิง,25-34,False,B05,มหาวิทยาลัย,2026-03-03,2026-03,082-xxx-1222,False,True,2026-07-08,1,65
C01542,รัตนา,หญิง,18-24,False,B04,บางนา,2026-08-28,2026-08,089-xxx-5523,False,True,2026-09-17,1,170
C01543,พิม,หญิง,55+,False,B05,มหาวิทยาลัย,2025-11-17,2025-11,082-xxx-4879,False,True,2025-12-12,13,1625
C01544,วีระ,ชาย,18-24,False,B01,สยาม,2025-12-01,2025-12,086-xxx-7367,False,True,2025-12-25,4,425
C01545,ภัทร,หญิง,ต่ำกว่า 18,True,B02,สีลม,2026-04-27,2026-04,089-xxx-6535,False,True,2026-05-02,3,250
C01546,ชนา,ชาย,18-24,False,B04,บางนา,2026-01-11,2026-01,084-xxx-1266,True,True,2026-02-21,4,363
C01547,กิตติ,ชาย,35-44,False,B05,มหาวิทยาลัย,2025-10-15,2025-10,083-xxx-2010,False,False,,0,0
C01548,ธีร,ชาย,35-44,False,B03,อารีย์,2026-01-08,2026-01,081-xxx-3904,False,True,2026-01-09,12,1484
C01549,ภัทร,หญิง,45-54,False,B02,สีลม,2025-09-14,2025-09,081-xxx-5316,False,True,2025-09-22,10,1144
C01550,วีระ,หญิง,35-44,False,B02,สีลม,2026-01-27,2026-01,086-xxx-9612,False,True,2026-02-17,1,65
C01551,ภูมิ,หญิง,55+,False,B04,บางนา,2025-09-27,2025-09,087-xxx-1485,False,True,2026-01-13,2,240
C01552,วรรณ,หญิง,45-54,False,B05,มหาวิทยาลัย,2026-01-24,2026-01,087-xxx-1116,False,True,2026-02-17,1,95
C01553,เกศ,หญิง,25-34,False,B01,สยาม,2026-03-30,2026-03,089-xxx-7685,False,True,2026-04-27,1,178
C01554,ภัทร,ชาย,35-44,False,B05,มหาวิทยาลัย,2025-05-26,2025-05,089-xxx-9636,False,True,2025-07-25,3,623
C01555,ปิยะ,หญิง,35-44,False,B01,สยาม,2025-12-22,2025-12,084-xxx-2355,False,True,2026-01-23,4,904
C01556,ปวีณ,หญิง,18-24,False,B01,สยาม,2026-07-31,2026-07,087-xxx-3245,False,True,2026-08-03,2,200
C01557,ปิยะ,หญิง,35-44,False,B02,สีลม,2025-06-26,2025-06,086-xxx-2889,False,False,,0,0
C01558,ธีร,หญิง,25-34,False,B01,สยาม,2025-05-24,2025-05,087-xxx-4644,False,True,2025-07-06,5,808
C01559,ชนา,ชาย,18-24,False,B03,อารีย์,2026-08-11,2026-08,086-xxx-3140,False,True,2026-09-16,1,75
C01560,ณัฐ,หญิง,25-34,False,B02,สีลม,2025-10-28,2025-10,081-xxx-9063,False,False,,0,0
C01561,อัญชลี,หญิง,ต่ำกว่า 18,True,B02,สีลม,2026-02-02,2026-02,084-xxx-3970,False,True,2026-02-19,3,255
C01562,ภัทร,ชาย,25-34,False,B05,มหาวิทยาลัย,2025-05-02,2025-05,081-xxx-7536,False,True,2025-06-14,5,480
C01563,ชนา,หญิง,ต่ำกว่า 18,True,B02,สีลม,2025-09-17,2025-09,089-xxx-7733,False,True,2025-11-21,7,1035
C01564,ปิยะ,ชาย,35-44,False,B05,มหาวิทยาลัย,2025-06-15,2025-06,087-xxx-9297,False,True,2025-11-11,9,1032
C01565,จิรา,หญิง,18-24,False,B02,สีลม,2026-09-05,2026-09,087-xxx-2727,False,False,,0,0
C01566,ภูมิ,ชาย,18-24,False,B04,บางนา,2025-12-14,2025-12,085-xxx-2798,False,True,2025-12-14,8,655
C01567,ธีร,หญิง,45-54,False,B01,สยาม,2026-06-12,2026-06,086-xxx-3053,False,True,2026-06-16,3,284
C01568,เกศ,หญิง,25-34,False,B04,บางนา,2025-04-17,2025-04,081-xxx-4615,False,True,2025-04-17,7,919
C01569,ชนา,ชาย,18-24,False,B04,บางนา,2026-08-28,2026-08,084-xxx-6987,False,False,,0,0
C01570,อรุณ,หญิง,18-24,False,B02,สีลม,2026-08-23,2026-08,089-xxx-8611,False,False,,0,0
C01571,ทิพย์,ชาย,25-34,False,B05,มหาวิทยาลัย,2026-05-13,2026-05,082-xxx-4182,False,True,2026-06-22,2,224
C01572,เกศ,ชาย,35-44,False,B04,บางนา,2026-04-26,2026-04,088-xxx-6719,False,True,2026-04-26,4,370
C01573,วีระ,หญิง,ต่ำกว่า 18,True,B02,สีลม,2026-06-03,2026-06,085-xxx-1669,False,True,2026-06-16,4,270
C01574,จิรา,หญิง,45-54,False,B05,มหาวิทยาลัย,2025-04-15,2025-04,089-xxx-1754,False,True,2025-04-28,13,1289
C01575,ปวีณ,ชาย,18-24,False,B02,สีลม,2026-09-11,2026-09,081-xxx-6387,False,True,2026-09-13,2,205
C01576,สุดา,หญิง,25-34,False,B02,สีลม,2026-05-11,2026-05,081-xxx-4667,False,True,2026-05-22,9,819
C01577,ปิยะ,ชาย,18-24,False,B02,สีลม,2026-08-10,2026-08,083-xxx-6474,False,False,,0,0
C01578,ภูมิ,หญิง,35-44,False,B05,มหาวิทยาลัย,2026-07-05,2026-07,088-xxx-6157,False,False,,0,0
C01579,ชนา,หญิง,45-54,False,B04,บางนา,2026-05-14,2026-05,083-xxx-7777,False,True,2026-09-20,1,129
C01580,ภูมิ,หญิง,18-24,False,B03,อารีย์,2025-12-07,2025-12,083-xxx-8342,False,True,2026-01-26,8,692
C01581,กมล,ชาย,35-44,False,B05,มหาวิทยาลัย,2025-04-06,2025-04,082-xxx-4538,False,True,2025-04-08,9,893
C01582,ภัทร,ชาย,35-44,False,B04,บางนา,2026-04-27,2026-04,084-xxx-6302,False,True,2026-05-05,3,260
C01583,วรรณ,ชาย,55+,False,B02,สีลม,2026-08-16,2026-08,081-xxx-9135,False,True,2026-08-30,2,230
C01584,ธนา,ชาย,25-34,False,B05,มหาวิทยาลัย,2026-01-20,2026-01,081-xxx-4184,False,True,2026-03-23,4,545
C01585,อรุณ,ชาย,25-34,False,B04,บางนา,2026-04-16,2026-04,085-xxx-3169,False,True,2026-06-11,7,1238
C01586,ภัทร,หญิง,18-24,False,B05,มหาวิทยาลัย,2026-05-01,2026-05,086-xxx-1846,False,True,2026-08-17,1,125
C01587,ภัทร,ชาย,18-24,False,B04,บางนา,2026-06-23,2026-06,089-xxx-4837,False,True,2026-08-22,1,145
C01588,กิตติ,หญิง,18-24,False,B05,มหาวิทยาลัย,2025-10-02,2025-10,087-xxx-9549,False,True,2026-03-23,2,165
C01589,ทิพย์,หญิง,ต่ำกว่า 18,True,B05,มหาวิทยาลัย,2026-02-03,2026-02,084-xxx-7481,False,True,2026-08-15,1,65
C01590,กิตติ,ชาย,25-34,False,B05,มหาวิทยาลัย,2026-05-06,2026-05,089-xxx-1810,False,True,2026-05-14,4,420
C01591,เกศ,หญิง,45-54,False,B05,มหาวิทยาลัย,2025-12-05,2025-12,082-xxx-5944,False,False,,0,0
C01592,รัตนา,หญิง,45-54,False,B05,มหาวิทยาลัย,2025-09-10,2025-09,087-xxx-4856,False,True,2025-10-09,2,324
C01593,กมล,หญิง,18-24,False,B02,สีลม,2026-09-01,2026-09,085-xxx-8533,False,True,2026-09-06,1,255
C01594,สมชาย,ชาย,25-34,False,B05,มหาวิทยาลัย,2026-04-18,2026-04,086-xxx-9858,False,True,2026-06-05,1,260
C01595,กิตติ,ชาย,45-54,False,B05,มหาวิทยาลัย,2026-08-16,2026-08,081-xxx-1339,False,False,,0,0
C01596,นภัส,ชาย,18-24,False,B02,สีลม,2026-03-13,2026-03,084-xxx-2534,False,True,2026-03-17,3,239
C01597,รัตนา,ชาย,25-34,False,B01,สยาม,2025-11-22,2025-11,084-xxx-8049,False,True,2025-11-30,3,299
C01598,ธีร,หญิง,25-34,False,B01,สยาม,2025-11-07,2025-11,084-xxx-3969,False,True,2025-12-17,2,140
C01599,ภัทร,หญิง,45-54,False,B02,สีลม,2026-03-15,2026-03,086-xxx-4738,False,True,2026-05-19,3,395
C01600,จิรา,หญิง,35-44,False,B01,สยาม,2025-09-28,2025-09,083-xxx-7110,False,True,2025-09-30,18,2000
C01601,ภัทร,ชาย,35-44,False,B04,บางนา,2026-03-30,2026-03,088-xxx-9635,False,True,2026-07-11,1,75
C01602,นภัส,หญิง,45-54,False,B01,สยาม,2026-01-21,2026-01,084-xxx-9320,False,True,2026-07-11,1,120
C01603,สมชาย,หญิง,18-24,False,B01,สยาม,2026-06-01,2026-06,087-xxx-1751,False,True,2026-06-06,7,940
C01604,กมล,ชาย,18-24,False,B02,สีลม,2026-09-13,2026-09,083-xxx-1816,False,False,,0,0
C01605,สุดา,หญิง,45-54,False,B02,สีลม,2026-03-20,2026-03,088-xxx-7594,False,True,2026-03-27,8,1173
C01606,ธีร,ชาย,25-34,False,B01,สยาม,2025-06-23,2025-06,081-xxx-7687,False,True,2025-07-16,15,2063
C01607,สมชาย,หญิง,35-44,False,B02,สีลม,2026-06-23,2026-06,087-xxx-8068,False,False,,0,0
C01608,จิรา,ชาย,25-34,False,B01,สยาม,2025-09-05,2025-09,081-xxx-9450,False,True,2025-09-28,10,2034
C01609,วีระ,หญิง,45-54,False,B01,สยาม,2025-11-10,2025-11,089-xxx-9508,False,True,2026-01-06,2,109
C01610,กิตติ,ชาย,45-54,False,B01,สยาม,2025-07-02,2025-07,087-xxx-2779,False,True,2025-07-13,2,382
C01611,วีระ,ชาย,35-44,False,B04,บางนา,2025-12-05,2025-12,089-xxx-8564,False,True,2025-12-14,7,829
C01612,นภัส,ชาย,25-34,False,B05,มหาวิทยาลัย,2025-12-13,2025-12,087-xxx-7186,False,True,2026-03-17,1,110
C01613,สุดา,หญิง,18-24,False,B01,สยาม,2026-05-02,2026-05,085-xxx-9212,False,False,,0,0
C01614,ธนา,ไม่ระบุ,45-54,False,B04,บางนา,2025-07-20,2025-07,088-xxx-4837,False,True,2025-08-09,16,2417
C01615,สุดา,ชาย,18-24,False,B04,บางนา,2026-04-30,2026-04,085-xxx-1911,False,True,2026-05-16,1,60
C01616,นภัส,ชาย,25-34,False,B03,อารีย์,2026-01-07,2026-01,087-xxx-7795,False,True,2026-02-24,9,685
C01617,เกศ,หญิง,25-34,False,B03,อารีย์,2026-04-18,2026-04,088-xxx-1515,False,True,2026-04-28,5,593
C01618,สุดา,ชาย,ต่ำกว่า 18,True,B04,บางนา,2026-09-08,2026-09,088-xxx-7640,False,False,,0,0
C01619,ชนา,ชาย,18-24,False,B01,สยาม,2025-10-28,2025-10,082-xxx-3694,False,True,2025-11-02,11,1077
C01620,มานพ,ชาย,35-44,False,B02,สีลม,2025-05-14,2025-05,081-xxx-7144,False,True,2025-05-30,20,2607
C01621,ธนา,หญิง,35-44,False,B03,อารีย์,2026-05-31,2026-05,088-xxx-9405,False,True,2026-06-11,2,425
C01622,สุดา,ไม่ระบุ,25-34,False,B04,บางนา,2026-03-18,2026-03,083-xxx-3291,False,True,2026-05-30,1,190
C01623,ธีร,หญิง,35-44,False,B01,สยาม,2026-04-02,2026-04,085-xxx-8928,True,True,2026-04-12,12,1379
C01624,จิรา,หญิง,18-24,False,B01,สยาม,2025-12-11,2025-12,084-xxx-7205,False,True,2026-02-09,3,494
C01625,ณัฐ,ไม่ระบุ,ต่ำกว่า 18,True,B03,อารีย์,2026-02-16,2026-02,081-xxx-1272,False,True,2026-02-16,6,929
C01626,ภัทร,ชาย,18-24,False,B02,สีลม,2026-08-16,2026-08,082-xxx-2824,False,True,2026-08-29,1,85
C01627,ธนา,หญิง,18-24,False,B05,มหาวิทยาลัย,2026-02-13,2026-02,085-xxx-4429,False,True,2026-03-06,2,150
C01628,ทิพย์,ชาย,25-34,False,B03,อารีย์,2026-07-06,2026-07,082-xxx-1770,False,False,,0,0
C01629,ภูมิ,ไม่ระบุ,18-24,False,B04,บางนา,2026-02-15,2026-02,082-xxx-7791,False,False,,0,0
C01630,อัญชลี,ชาย,55+,False,B01,สยาม,2025-07-27,2025-07,085-xxx-7448,False,True,2025-08-16,7,1007
C01631,อัญชลี,หญิง,18-24,False,B02,สีลม,2025-06-15,2025-06,085-xxx-2102,False,True,2025-06-17,3,260
C01632,ณัฐ,หญิง,ต่ำกว่า 18,True,B05,มหาวิทยาลัย,2026-08-26,2026-08,089-xxx-3952,False,False,,0,0
C01633,กมล,หญิง,45-54,False,B05,มหาวิทยาลัย,2025-08-05,2025-08,081-xxx-9642,False,True,2025-08-21,22,2488
C01634,กิตติ,หญิง,18-24,False,B05,มหาวิทยาลัย,2025-09-26,2025-09,087-xxx-7518,False,True,2025-11-18,5,733
C01635,ธีร,หญิง,18-24,False,B01,สยาม,2026-04-28,2026-04,081-xxx-8023,True,False,,0,0
C01636,ชนา,หญิง,ต่ำกว่า 18,True,B05,มหาวิทยาลัย,2025-04-09,2025-04,089-xxx-8972,False,True,2025-06-06,9,771
C01637,นภัส,ชาย,35-44,False,B02,สีลม,2026-08-11,2026-08,081-xxx-7786,False,False,,0,0
C01638,ภูมิ,หญิง,25-34,False,B01,สยาม,2026-03-11,2026-03,085-xxx-4243,False,True,2026-03-14,9,1074
C01639,ทิพย์,หญิง,18-24,False,B02,สีลม,2026-02-04,2026-02,087-xxx-2429,False,True,2026-02-17,3,270
C01640,ชนา,ชาย,35-44,False,B04,บางนา,2026-06-29,2026-06,087-xxx-8811,False,True,2026-07-07,1,280
C01641,ธนา,หญิง,35-44,False,B02,สีลม,2025-08-07,2025-08,083-xxx-5803,False,True,2025-09-29,6,1099
C01642,อรุณ,หญิง,25-34,False,B03,อารีย์,2026-09-13,2026-09,082-xxx-6059,False,False,,0,0
C01643,อรุณ,ชาย,18-24,False,B05,มหาวิทยาลัย,2026-08-11,2026-08,083-xxx-9131,False,True,2026-09-02,1,220
C01644,ณัฐ,หญิง,25-34,False,B01,สยาม,2025-04-22,2025-04,084-xxx-1203,False,True,2025-05-28,14,1723
C01645,พิม,หญิง,35-44,False,B03,อารีย์,2026-01-26,2026-01,089-xxx-6442,False,True,2026-01-28,1,45
C01646,วรรณ,ชาย,35-44,False,B01,สยาม,2026-07-27,2026-07,084-xxx-4145,False,False,,0,0
C01647,ปวีณ,หญิง,25-34,False,B04,บางนา,2025-08-20,2025-08,086-xxx-9481,False,True,2025-09-07,1,90
C01648,ณัฐ,ชาย,18-24,False,B02,สีลม,2025-07-07,2025-07,083-xxx-4687,False,False,,0,0
C01649,ทิพย์,หญิง,25-34,False,B05,มหาวิทยาลัย,2025-12-30,2025-12,089-xxx-7387,False,True,2026-02-14,2,225
C01650,สุดา,ไม่ระบุ,35-44,False,B03,อารีย์,2026-07-05,2026-07,082-xxx-8763,False,True,2026-08-10,1,65
C01651,ภัทร,หญิง,35-44,False,B03,อารีย์,2025-12-27,2025-12,082-xxx-2536,False,True,2025-12-28,10,1188
C01652,อัญชลี,ไม่ระบุ,45-54,False,B05,มหาวิทยาลัย,2026-02-14,2026-02,085-xxx-2390,False,True,2026-03-17,6,1183
C01653,จิรา,ชาย,25-34,False,B04,บางนา,2025-10-21,2025-10,082-xxx-8408,False,True,2025-10-27,1,50
C01654,กมล,ไม่ระบุ,45-54,False,B01,สยาม,2025-12-23,2025-12,089-xxx-3909,False,True,2026-01-31,5,420
C01655,สมชาย,หญิง,45-54,False,B05,มหาวิทยาลัย,2026-07-20,2026-07,083-xxx-2786,False,True,2026-07-26,1,300
C01656,ภัทร,หญิง,55+,False,B02,สีลม,2025-06-20,2025-06,088-xxx-5136,False,True,2025-07-10,28,4362
C01657,อัญชลี,หญิง,18-24,False,B03,อารีย์,2026-08-01,2026-08,081-xxx-1630,False,True,2026-08-22,2,140
C01658,ปิยะ,ไม่ระบุ,25-34,False,B01,สยาม,2025-09-15,2025-09,085-xxx-5988,False,True,2025-09-19,3,284
C01659,รัตนา,หญิง,35-44,False,B02,สีลม,2026-01-21,2026-01,081-xxx-4963,False,True,2026-03-10,12,1649
C01660,ภัทร,หญิง,35-44,False,B01,สยาม,2025-06-14,2025-06,084-xxx-3170,False,False,,0,0
C01661,ณัฐ,หญิง,25-34,False,B04,บางนา,2026-07-21,2026-07,087-xxx-3481,False,False,,0,0
C01662,ภูมิ,ชาย,18-24,False,B05,มหาวิทยาลัย,2026-09-02,2026-09,082-xxx-3844,False,False,,0,0
C01663,ศิริ,หญิง,45-54,False,B05,มหาวิทยาลัย,2025-12-30,2025-12,085-xxx-7006,False,True,2026-02-20,1,170
C01664,กมล,หญิง,25-34,False,B01,สยาม,2025-06-16,2025-06,089-xxx-5470,False,True,2025-06-28,24,3842
C01665,ธีร,หญิง,18-24,False,B03,อารีย์,2025-12-02,2025-12,088-xxx-3192,False,True,2025-12-10,7,1260
C01666,วรรณ,ชาย,18-24,False,B03,อารีย์,2026-03-18,2026-03,087-xxx-2665,False,True,2026-03-28,7,649
C01667,กมล,หญิง,25-34,False,B01,สยาม,2025-04-05,2025-04,082-xxx-9417,False,True,2025-04-10,15,2200
C01668,ทิพย์,หญิง,18-24,False,B04,บางนา,2025-04-21,2025-04,088-xxx-3038,False,True,2025-04-24,14,2393
C01669,พิม,หญิง,35-44,False,B05,มหาวิทยาลัย,2025-04-10,2025-04,087-xxx-8915,False,True,2025-04-12,19,3178
C01670,กมล,หญิง,18-24,False,B01,สยาม,2026-02-07,2026-02,081-xxx-1016,False,True,2026-05-10,4,320
C01671,พิม,หญิง,18-24,False,B04,บางนา,2025-06-16,2025-06,088-xxx-3107,False,True,2025-07-07,19,2309
C01672,วีระ,ชาย,25-34,False,B02,สีลม,2026-07-04,2026-07,083-xxx-7925,False,False,,0,0
C01673,เกศ,ชาย,25-34,False,B02,สีลม,2025-07-21,2025-07,082-xxx-5671,False,True,2025-08-14,2,350
C01674,เกศ,หญิง,25-34,False,B05,มหาวิทยาลัย,2026-04-26,2026-04,085-xxx-2095,False,True,2026-05-24,3,300
C01675,นภัส,ชาย,25-34,False,B02,สีลม,2025-07-16,2025-07,081-xxx-6017,False,True,2025-08-10,2,165
C01676,ณัฐ,หญิง,35-44,False,B03,อารีย์,2025-12-11,2025-12,084-xxx-4159,False,True,2026-01-24,1,95
C01677,ศิริ,หญิง,18-24,False,B04,บางนา,2026-02-20,2026-02,081-xxx-1453,False,True,2026-02-24,8,1089
C01678,จิรา,ชาย,18-24,False,B05,มหาวิทยาลัย,2025-08-24,2025-08,089-xxx-8633,False,False,,0,0
C01679,อัญชลี,หญิง,55+,False,B02,สีลม,2026-04-28,2026-04,085-xxx-7147,False,True,2026-05-02,1,75
C01680,เกศ,หญิง,35-44,False,B05,มหาวิทยาลัย,2026-06-14,2026-06,081-xxx-1126,False,True,2026-06-28,1,180
C01681,ธนา,ชาย,18-24,False,B01,สยาม,2026-02-15,2026-02,081-xxx-2255,False,True,2026-03-02,4,505
C01682,ภูมิ,หญิง,25-34,False,B05,มหาวิทยาลัย,2026-07-13,2026-07,088-xxx-9918,False,True,2026-07-16,2,385
C01683,ธีร,ไม่ระบุ,25-34,False,B03,อารีย์,2025-12-21,2025-12,087-xxx-9868,False,True,2026-02-25,3,230
C01684,สุดา,หญิง,35-44,False,B01,สยาม,2026-01-13,2026-01,088-xxx-2262,False,True,2026-03-02,5,630
C01685,อัญชลี,หญิง,ต่ำกว่า 18,True,B05,มหาวิทยาลัย,2026-01-31,2026-01,086-xxx-6312,False,False,,0,0
C01686,สมชาย,หญิง,45-54,False,B05,มหาวิทยาลัย,2025-04-08,2025-04,086-xxx-5070,False,True,2025-06-05,6,874
C01687,จิรา,ชาย,18-24,False,B04,บางนา,2025-05-04,2025-05,082-xxx-4554,False,True,2025-05-08,11,1380
C01688,อรุณ,ชาย,18-24,False,B04,บางนา,2026-05-08,2026-05,089-xxx-2371,False,True,2026-05-17,8,820
C01689,ณัฐ,หญิง,25-34,False,B04,บางนา,2026-05-12,2026-05,088-xxx-4079,False,True,2026-05-18,3,365
C01690,ธีร,หญิง,35-44,False,B01,สยาม,2025-04-18,2025-04,086-xxx-7152,False,True,2025-05-22,4,539
C01691,ภูมิ,หญิง,25-34,False,B05,มหาวิทยาลัย,2025-04-17,2025-04,087-xxx-1215,False,False,,0,0
C01692,ศิริ,หญิง,25-34,False,B01,สยาม,2025-05-09,2025-05,086-xxx-5669,False,False,,0,0
C01693,ชนา,หญิง,35-44,False,B01,สยาม,2026-02-22,2026-02,081-xxx-1879,False,False,,0,0
C01694,รัตนา,หญิง,35-44,False,B01,สยาม,2026-04-05,2026-04,087-xxx-9809,False,True,2026-04-11,5,705
C01695,อัญชลี,ชาย,25-34,False,B05,มหาวิทยาลัย,2026-02-28,2026-02,088-xxx-4993,False,True,2026-03-03,2,140
C01696,ปวีณ,หญิง,35-44,False,B01,สยาม,2026-01-18,2026-01,082-xxx-4401,False,True,2026-01-20,2,190
C01697,ภัทร,ชาย,35-44,False,B02,สีลม,2025-12-06,2025-12,088-xxx-4768,False,True,2026-03-10,3,978
C01698,นภัส,หญิง,35-44,False,B02,สีลม,2025-07-20,2025-07,089-xxx-1264,False,True,2025-07-26,1,80
C01699,ทิพย์,หญิง,18-24,False,B03,อารีย์,2026-06-18,2026-06,083-xxx-8403,False,True,2026-06-21,1,65
C01700,ณัฐ,ชาย,45-54,False,B05,มหาวิทยาลัย,2025-09-25,2025-09,083-xxx-4446,False,True,2025-09-30,8,774
C01701,พิม,หญิง,35-44,False,B04,บางนา,2026-09-05,2026-09,082-xxx-5138,False,False,,0,0
C01702,จิรา,หญิง,ต่ำกว่า 18,True,B05,มหาวิทยาลัย,2026-04-01,2026-04,081-xxx-3870,False,True,2026-04-01,3,215
C01703,วีระ,หญิง,35-44,False,B05,มหาวิทยาลัย,2026-08-27,2026-08,084-xxx-8727,False,True,2026-09-16,1,65
C01704,ธีร,หญิง,35-44,False,B01,สยาม,2026-07-18,2026-07,088-xxx-8247,False,True,2026-08-01,2,210
C01705,มานพ,ชาย,35-44,False,B05,มหาวิทยาลัย,2026-03-09,2026-03,088-xxx-5206,False,True,2026-03-25,1,45
C01706,จิรา,หญิง,18-24,False,B02,สีลม,2026-02-09,2026-02,085-xxx-7812,False,True,2026-03-14,4,470
C01707,รัตนา,ชาย,18-24,False,B03,อารีย์,2026-09-07,2026-09,088-xxx-9840,True,False,,0,0
C01708,รัตนา,หญิง,35-44,False,B01,สยาม,2025-09-05,2025-09,084-xxx-3486,False,True,2025-10-12,9,1790
C01709,ศิริ,ชาย,25-34,False,B02,สีลม,2025-04-25,2025-04,081-xxx-4252,False,True,2025-04-29,8,880
C01710,ธนา,ชาย,25-34,False,B05,มหาวิทยาลัย,2025-12-16,2025-12,084-xxx-6906,False,True,2026-03-09,3,245
C01711,ภูมิ,หญิง,55+,False,B02,สีลม,2025-08-15,2025-08,089-xxx-4572,False,True,2025-10-14,10,1165
C01712,กมล,หญิง,25-34,False,B03,อารีย์,2026-08-21,2026-08,089-xxx-9112,False,False,,0,0
C01713,ศิริ,หญิง,18-24,False,B05,มหาวิทยาลัย,2026-01-04,2026-01,082-xxx-5590,False,True,2026-01-10,5,910
C01714,ธีร,หญิง,18-24,False,B05,มหาวิทยาลัย,2026-09-05,2026-09,082-xxx-1515,False,True,2026-09-11,2,140
C01715,อรุณ,ชาย,55+,False,B01,สยาม,2025-05-27,2025-05,087-xxx-9429,False,True,2025-06-07,1,205
C01716,ชนา,ไม่ระบุ,ต่ำกว่า 18,True,B02,สีลม,2026-04-18,2026-04,082-xxx-3039,False,False,,0,0
C01717,เกศ,ชาย,45-54,False,B01,สยาม,2026-09-07,2026-09,081-xxx-1981,False,True,2026-09-17,1,65
C01718,จิรา,หญิง,18-24,False,B01,สยาม,2026-06-09,2026-06,084-xxx-6742,False,True,2026-07-16,1,150
C01719,ปิยะ,หญิง,35-44,False,B01,สยาม,2025-10-16,2025-10,083-xxx-9378,False,False,,0,0
C01720,ภัทร,หญิง,25-34,False,B05,มหาวิทยาลัย,2025-10-31,2025-10,085-xxx-2047,False,True,2025-11-05,5,450
C01721,ศิริ,ชาย,25-34,False,B04,บางนา,2026-01-24,2026-01,081-xxx-7952,False,True,2026-01-30,5,1005
C01722,อรุณ,ชาย,18-24,False,B02,สีลม,2025-11-10,2025-11,082-xxx-2372,False,True,2025-11-14,5,535
C01723,กิตติ,ชาย,25-34,False,B01,สยาม,2026-01-11,2026-01,083-xxx-5546,False,True,2026-03-05,9,994
C01724,ปวีณ,หญิง,35-44,False,B02,สีลม,2026-06-07,2026-06,081-xxx-2516,False,False,,0,0
C01725,ทิพย์,หญิง,25-34,False,B02,สีลม,2025-11-12,2025-11,089-xxx-6211,False,True,2025-12-19,7,639
C01726,ภูมิ,ชาย,18-24,False,B02,สีลม,2025-08-17,2025-08,086-xxx-9763,False,True,2025-08-20,4,760
C01727,ธนา,หญิง,35-44,False,B01,สยาม,2025-12-28,2025-12,082-xxx-5056,False,True,2026-01-06,4,590
C01728,กมล,หญิง,18-24,False,B05,มหาวิทยาลัย,2025-10-04,2025-10,083-xxx-2017,False,True,2025-11-13,2,97
C01729,อรุณ,หญิง,35-44,False,B01,สยาม,2026-05-27,2026-05,083-xxx-8491,False,True,2026-05-31,5,620
C01730,จิรา,ชาย,25-34,False,B01,สยาม,2026-01-03,2026-01,083-xxx-2247,False,True,2026-03-02,2,370
C01731,นภัส,หญิง,25-34,False,B04,บางนา,2025-04-10,2025-04,086-xxx-1133,False,True,2025-04-21,12,1380
C01732,พิม,หญิง,ต่ำกว่า 18,True,B01,สยาม,2025-10-21,2025-10,082-xxx-5432,False,True,2025-10-28,27,3741
C01733,สุดา,หญิง,25-34,False,B01,สยาม,2026-05-25,2026-05,082-xxx-2003,False,False,,0,0
C01734,นภัส,ชาย,18-24,False,B01,สยาม,2026-07-24,2026-07,085-xxx-7873,False,False,,0,0
C01735,พิม,หญิง,ต่ำกว่า 18,True,B03,อารีย์,2026-08-06,2026-08,089-xxx-5860,False,True,2026-08-18,2,405
C01736,ธนา,ชาย,25-34,False,B01,สยาม,2026-08-19,2026-08,084-xxx-2325,False,False,,0,0
C01737,สุดา,หญิง,ต่ำกว่า 18,True,B03,อารีย์,2026-07-11,2026-07,087-xxx-9772,False,False,,0,0
C01738,วีระ,หญิง,18-24,False,B03,อารีย์,2026-06-05,2026-06,082-xxx-8697,False,True,2026-06-06,4,1205
C01739,สมชาย,หญิง,18-24,False,B02,สีลม,2026-01-21,2026-01,088-xxx-3111,False,True,2026-02-10,8,1142
C01740,พิม,หญิง,35-44,False,B01,สยาม,2026-08-30,2026-08,081-xxx-9879,False,True,2026-09-06,1,90
C01741,ชนา,ไม่ระบุ,18-24,False,B02,สีลม,2026-05-21,2026-05,083-xxx-2065,True,True,2026-06-11,2,130
C01742,อัญชลี,ชาย,35-44,False,B04,บางนา,2025-12-17,2025-12,086-xxx-2291,False,False,,0,0
C01743,วรรณ,ชาย,25-34,False,B05,มหาวิทยาลัย,2025-04-29,2025-04,081-xxx-2249,False,True,2025-05-13,18,2197
C01744,อรุณ,ชาย,25-34,False,B01,สยาม,2026-04-05,2026-04,084-xxx-7651,False,False,,0,0
C01745,กิตติ,หญิง,35-44,False,B04,บางนา,2026-08-17,2026-08,088-xxx-1693,False,True,2026-09-19,1,75
C01746,ชนา,ชาย,18-24,False,B04,บางนา,2026-06-26,2026-06,083-xxx-7165,False,False,,0,0
C01747,พิม,ชาย,25-34,False,B05,มหาวิทยาลัย,2025-12-12,2025-12,085-xxx-6837,False,True,2026-02-01,1,89
C01748,ภูมิ,ชาย,18-24,False,B04,บางนา,2026-08-29,2026-08,082-xxx-9072,False,False,,0,0
C01749,อัญชลี,ชาย,25-34,False,B03,อารีย์,2025-12-06,2025-12,088-xxx-6511,False,True,2025-12-20,17,1814
C01750,อัญชลี,หญิง,45-54,False,B02,สีลม,2026-06-20,2026-06,081-xxx-8326,False,False,,0,0
C01751,กมล,หญิง,35-44,False,B02,สีลม,2026-02-24,2026-02,081-xxx-2126,False,True,2026-03-09,8,975
C01752,อัญชลี,ชาย,18-24,False,B05,มหาวิทยาลัย,2026-02-20,2026-02,082-xxx-2689,False,True,2026-03-20,2,199
C01753,พิม,หญิง,25-34,False,B01,สยาม,2025-10-20,2025-10,087-xxx-7592,False,True,2025-10-20,1,65
C01754,ทิพย์,ชาย,35-44,False,B05,มหาวิทยาลัย,2026-08-18,2026-08,088-xxx-1058,False,False,,0,0
C01755,วรรณ,หญิง,25-34,False,B03,อารีย์,2026-03-02,2026-03,081-xxx-9209,False,True,2026-04-05,1,95
C01756,จิรา,หญิง,35-44,False,B02,สีลม,2026-08-29,2026-08,087-xxx-8563,False,False,,0,0
C01757,อัญชลี,ชาย,18-24,False,B05,มหาวิทยาลัย,2026-08-17,2026-08,084-xxx-8385,False,True,2026-08-26,2,345
C01758,สุดา,หญิง,25-34,False,B05,มหาวิทยาลัย,2026-01-08,2026-01,086-xxx-7127,True,False,,0,0
C01759,ศิริ,หญิง,18-24,False,B01,สยาม,2025-09-27,2025-09,088-xxx-6767,False,True,2025-09-29,13,2126
C01760,ปวีณ,หญิง,25-34,False,B03,อารีย์,2026-02-08,2026-02,087-xxx-2029,False,True,2026-03-19,4,574
C01761,ศิริ,หญิง,18-24,False,B01,สยาม,2026-06-07,2026-06,089-xxx-1139,False,False,,0,0
C01762,อรุณ,ชาย,25-34,False,B05,มหาวิทยาลัย,2026-03-21,2026-03,082-xxx-4420,False,True,2026-04-08,2,285
C01763,อัญชลี,ชาย,25-34,False,B02,สีลม,2026-02-13,2026-02,081-xxx-2887,False,True,2026-03-05,2,310
C01764,ชนา,หญิง,55+,False,B05,มหาวิทยาลัย,2025-09-22,2025-09,082-xxx-2047,False,True,2025-11-06,3,384
C01765,สมชาย,หญิง,45-54,False,B03,อารีย์,2026-06-20,2026-06,086-xxx-6395,False,True,2026-06-25,3,500
C01766,กมล,ชาย,25-34,False,B03,อารีย์,2025-12-30,2025-12,084-xxx-8035,False,True,2026-01-08,2,460
C01767,นภัส,หญิง,18-24,False,B04,บางนา,2026-07-16,2026-07,083-xxx-3833,False,False,,0,0
C01768,ชนา,หญิง,25-34,False,B01,สยาม,2026-04-04,2026-04,082-xxx-7231,False,True,2026-05-30,2,154
C01769,วีระ,หญิง,35-44,False,B05,มหาวิทยาลัย,2025-10-22,2025-10,083-xxx-8520,False,True,2025-11-03,1,60
C01770,รัตนา,ชาย,35-44,False,B02,สีลม,2025-11-11,2025-11,082-xxx-8593,False,True,2025-11-14,2,220
C01771,มานพ,หญิง,25-34,False,B02,สีลม,2026-02-24,2026-02,082-xxx-1957,False,True,2026-04-01,3,420
C01772,สุดา,หญิง,25-34,False,B05,มหาวิทยาลัย,2026-07-29,2026-07,086-xxx-7441,False,False,,0,0
C01773,อรุณ,หญิง,55+,False,B02,สีลม,2026-01-29,2026-01,082-xxx-9132,False,True,2026-02-11,3,320
C01774,อรุณ,หญิง,18-24,False,B04,บางนา,2026-09-06,2026-09,084-xxx-1951,False,False,,0,0
C01775,ปวีณ,ชาย,35-44,False,B05,มหาวิทยาลัย,2025-12-18,2025-12,081-xxx-1975,False,True,2026-02-17,5,425
C01776,สุดา,หญิง,18-24,False,B03,อารีย์,2026-01-04,2026-01,087-xxx-5842,False,True,2026-01-04,12,1596
C01777,มานพ,ชาย,25-34,False,B01,สยาม,2025-12-29,2025-12,089-xxx-8005,False,True,2026-01-01,16,2505
C01778,พิม,ไม่ระบุ,45-54,False,B02,สีลม,2025-09-22,2025-09,081-xxx-9410,False,True,2025-09-24,11,975
C01779,รัตนา,ชาย,45-54,False,B04,บางนา,2025-08-09,2025-08,087-xxx-9420,False,True,2025-09-15,14,2039
C01780,ภัทร,หญิง,18-24,False,B04,บางนา,2025-10-11,2025-10,082-xxx-1558,False,True,2025-10-31,13,1155
C01781,ศิริ,หญิง,45-54,False,B01,สยาม,2025-04-27,2025-04,083-xxx-1869,False,True,2025-05-08,25,3602
C01782,ภัทร,หญิง,25-34,False,B02,สีลม,2025-10-18,2025-10,081-xxx-9799,False,True,2025-11-09,14,1963
C01783,ภูมิ,หญิง,18-24,False,B02,สีลม,2026-02-18,2026-02,089-xxx-7040,False,True,2026-03-18,3,605
C01784,อัญชลี,หญิง,18-24,False,B02,สีลม,2026-01-11,2026-01,082-xxx-2023,False,True,2026-01-14,2,205
C01785,ณัฐ,หญิง,25-34,False,B02,สีลม,2026-04-10,2026-04,088-xxx-1445,False,True,2026-05-13,2,100
C01786,อัญชลี,ชาย,18-24,False,B05,มหาวิทยาลัย,2026-09-06,2026-09,081-xxx-9139,False,False,,0,0
C01787,สุดา,ชาย,18-24,False,B02,สีลม,2026-04-05,2026-04,084-xxx-5263,False,True,2026-04-08,4,379
C01788,วรรณ,ชาย,45-54,False,B02,สีลม,2025-11-12,2025-11,081-xxx-3166,False,True,2025-12-19,2,440
C01789,เกศ,หญิง,18-24,False,B01,สยาม,2025-11-11,2025-11,085-xxx-4727,False,True,2026-02-14,12,1054
C01790,ชนา,หญิง,45-54,False,B03,อารีย์,2026-01-08,2026-01,082-xxx-8047,False,True,2026-01-16,11,1788
C01791,มานพ,ชาย,25-34,False,B05,มหาวิทยาลัย,2026-02-22,2026-02,087-xxx-5087,False,True,2026-03-24,2,260
C01792,รัตนา,หญิง,18-24,False,B02,สีลม,2025-08-07,2025-08,083-xxx-6646,False,False,,0,0
C01793,ณัฐ,หญิง,45-54,False,B01,สยาม,2025-05-18,2025-05,087-xxx-3972,False,True,2025-06-11,8,1409
C01794,ภูมิ,ชาย,18-24,False,B04,บางนา,2026-04-10,2026-04,085-xxx-6127,False,True,2026-07-14,1,120
C01795,ศิริ,ไม่ระบุ,18-24,False,B01,สยาม,2025-06-05,2025-06,082-xxx-6128,False,True,2025-06-09,7,947
C01796,ชนา,ชาย,55+,False,B02,สีลม,2025-05-05,2025-05,082-xxx-9604,False,True,2025-05-12,20,2543
C01797,จิรา,ชาย,25-34,False,B01,สยาม,2025-12-11,2025-12,088-xxx-1045,False,True,2025-12-28,5,420
C01798,นภัส,ชาย,35-44,False,B02,สีลม,2026-06-03,2026-06,087-xxx-1544,False,False,,0,0
C01799,ทิพย์,หญิง,35-44,False,B01,สยาม,2025-11-07,2025-11,081-xxx-5915,False,True,2025-11-13,9,827
C01800,กมล,ชาย,35-44,False,B05,มหาวิทยาลัย,2026-04-23,2026-04,088-xxx-7596,False,True,2026-09-10,1,65
C01801,อรุณ,ชาย,25-34,False,B02,สีลม,2026-02-16,2026-02,085-xxx-9047,False,True,2026-03-04,2,310
C01802,ภูมิ,หญิง,18-24,False,B04,บางนา,2025-07-14,2025-07,083-xxx-8910,False,True,2025-07-22,11,1625
C01803,กมล,ไม่ระบุ,25-34,False,B02,สีลม,2025-12-12,2025-12,089-xxx-7445,False,True,2026-03-20,2,395
C01804,ชนา,ชาย,25-34,False,B02,สีลม,2025-10-10,2025-10,088-xxx-5123,False,True,2025-10-21,4,495
C01805,สมชาย,หญิง,35-44,False,B04,บางนา,2025-12-06,2025-12,086-xxx-3828,False,True,2026-01-11,20,3178
C01806,ธีร,หญิง,25-34,False,B03,อารีย์,2026-01-21,2026-01,089-xxx-4235,False,True,2026-01-24,16,2227
C01807,พิม,หญิง,25-34,False,B01,สยาม,2026-07-15,2026-07,087-xxx-4213,False,True,2026-08-12,1,270
C01808,มานพ,หญิง,55+,False,B04,บางนา,2026-05-18,2026-05,084-xxx-3890,False,True,2026-05-26,4,660
C01809,กิตติ,หญิง,25-34,False,B01,สยาม,2025-10-24,2025-10,082-xxx-1984,False,True,2026-01-12,3,395
C01810,ภูมิ,หญิง,18-24,False,B02,สีลม,2026-01-21,2026-01,086-xxx-5717,False,True,2026-02-24,4,415
C01811,ภูมิ,ชาย,55+,False,B05,มหาวิทยาลัย,2026-01-20,2026-01,089-xxx-2281,False,True,2026-03-11,1,85
C01812,ศิริ,ชาย,35-44,False,B02,สีลม,2026-08-26,2026-08,084-xxx-1234,False,False,,0,0
C01813,ทิพย์,ไม่ระบุ,35-44,False,B05,มหาวิทยาลัย,2026-04-02,2026-04,081-xxx-1621,False,True,2026-04-26,4,620
C01814,ณัฐ,ชาย,18-24,False,B01,สยาม,2026-03-01,2026-03,085-xxx-9288,False,True,2026-03-14,4,550
C01815,พิม,หญิง,35-44,False,B04,บางนา,2026-06-27,2026-06,088-xxx-8637,False,False,,0,0
C01816,ภูมิ,ชาย,25-34,False,B02,สีลม,2025-06-12,2025-06,081-xxx-9010,False,True,2025-07-08,5,549
C01817,ธีร,หญิง,25-34,False,B05,มหาวิทยาลัย,2025-06-04,2025-06,087-xxx-5284,False,True,2025-06-12,13,1340
C01818,พิม,ไม่ระบุ,25-34,False,B05,มหาวิทยาลัย,2025-07-20,2025-07,084-xxx-1186,False,True,2025-09-25,7,1003
C01819,อรุณ,หญิง,18-24,False,B01,สยาม,2025-04-24,2025-04,088-xxx-2883,False,False,,0,0
C01820,รัตนา,หญิง,25-34,False,B01,สยาม,2025-09-12,2025-09,083-xxx-6391,False,True,2025-09-27,19,1971
C01821,อรุณ,ชาย,25-34,False,B03,อารีย์,2025-12-31,2025-12,087-xxx-6227,False,True,2026-05-01,2,184
C01822,อัญชลี,หญิง,18-24,False,B02,สีลม,2026-01-29,2026-01,085-xxx-2325,False,True,2026-02-11,2,338
C01823,ธนา,หญิง,45-54,False,B02,สีลม,2026-02-16,2026-02,085-xxx-2555,False,True,2026-03-04,10,1449
C01824,ธนา,หญิง,35-44,False,B03,อารีย์,2026-08-14,2026-08,084-xxx-2473,False,False,,0,0
C01825,กิตติ,หญิง,ต่ำกว่า 18,True,B03,อารีย์,2026-03-08,2026-03,089-xxx-7376,False,True,2026-03-09,5,963
C01826,อรุณ,ชาย,18-24,False,B02,สีลม,2026-03-17,2026-03,089-xxx-4016,False,True,2026-04-01,1,65
C01827,ธนา,ชาย,55+,False,B02,สีลม,2026-01-30,2026-01,085-xxx-2257,False,True,2026-01-31,12,1674
C01828,รัตนา,หญิง,18-24,False,B02,สีลม,2026-07-31,2026-07,081-xxx-8586,False,True,2026-08-19,2,229
C01829,กิตติ,หญิง,35-44,False,B05,มหาวิทยาลัย,2026-06-02,2026-06,087-xxx-5119,False,True,2026-06-11,3,405
C01830,กมล,หญิง,25-34,False,B05,มหาวิทยาลัย,2025-07-13,2025-07,086-xxx-2042,False,True,2025-07-23,1,75
C01831,ชนา,หญิง,45-54,False,B02,สีลม,2025-11-14,2025-11,086-xxx-9991,False,True,2025-12-14,2,154
C01832,มานพ,ชาย,25-34,False,B04,บางนา,2025-08-30,2025-08,082-xxx-8849,False,True,2025-08-31,2,145
C01833,ปิยะ,หญิง,18-24,False,B03,อารีย์,2026-02-26,2026-02,089-xxx-9990,False,True,2026-08-18,1,75
C01834,ธีร,หญิง,25-34,False,B03,อารีย์,2026-05-11,2026-05,083-xxx-2884,False,True,2026-05-21,8,1113
C01835,สมชาย,หญิง,35-44,False,B03,อารีย์,2025-11-08,2025-11,086-xxx-7696,False,True,2025-11-17,12,1654
C01836,กิตติ,หญิง,18-24,False,B02,สีลม,2025-06-08,2025-06,089-xxx-9653,False,True,2025-06-25,8,795
C01837,อัญชลี,หญิง,18-24,False,B02,สีลม,2026-07-28,2026-07,084-xxx-7032,False,True,2026-08-01,2,250
C01838,เกศ,หญิง,18-24,False,B03,อารีย์,2026-05-24,2026-05,085-xxx-1017,False,True,2026-07-04,2,194
C01839,ภัทร,ชาย,45-54,False,B01,สยาม,2026-04-02,2026-04,083-xxx-1675,False,False,,0,0
C01840,วรรณ,หญิง,25-34,False,B02,สีลม,2026-07-17,2026-07,086-xxx-4206,False,True,2026-07-23,4,579
C01841,ณัฐ,หญิง,ต่ำกว่า 18,True,B02,สีลม,2026-05-01,2026-05,087-xxx-8263,False,True,2026-05-25,2,150
C01842,สุดา,หญิง,45-54,False,B03,อารีย์,2026-07-22,2026-07,081-xxx-2702,False,True,2026-09-09,1,50
C01843,สมชาย,ชาย,55+,False,B04,บางนา,2025-05-13,2025-05,086-xxx-2404,False,True,2025-06-07,13,1403
C01844,วีระ,หญิง,35-44,False,B03,อารีย์,2026-06-08,2026-06,089-xxx-6285,False,True,2026-07-22,4,560
C01845,ทิพย์,ชาย,18-24,False,B05,มหาวิทยาลัย,2026-07-30,2026-07,082-xxx-8261,False,True,2026-08-13,1,310
C01846,มานพ,ชาย,25-34,False,B02,สีลม,2026-04-10,2026-04,086-xxx-8480,False,True,2026-04-21,6,767
C01847,สมชาย,หญิง,45-54,False,B04,บางนา,2025-10-20,2025-10,084-xxx-9678,False,True,2026-01-01,12,1767
C01848,มานพ,หญิง,35-44,False,B01,สยาม,2025-12-01,2025-12,088-xxx-2114,False,True,2025-12-09,4,350
C01849,ทิพย์,ชาย,45-54,False,B05,มหาวิทยาลัย,2026-07-03,2026-07,088-xxx-1891,False,False,,0,0
C01850,ธีร,ชาย,25-34,False,B05,มหาวิทยาลัย,2025-04-21,2025-04,082-xxx-1777,False,True,2025-07-20,13,1469
C01851,ณัฐ,ชาย,55+,False,B01,สยาม,2025-08-27,2025-08,088-xxx-1525,False,True,2025-10-01,6,955
C01852,รัตนา,หญิง,18-24,False,B05,มหาวิทยาลัย,2026-06-05,2026-06,087-xxx-9599,False,False,,0,0
C01853,รัตนา,ชาย,25-34,False,B05,มหาวิทยาลัย,2026-08-29,2026-08,085-xxx-3192,False,False,,0,0
C01854,กิตติ,หญิง,45-54,False,B05,มหาวิทยาลัย,2025-11-25,2025-11,082-xxx-5840,False,True,2025-12-09,6,725
C01855,สุดา,หญิง,35-44,False,B02,สีลม,2025-07-25,2025-07,081-xxx-6719,False,True,2025-10-14,2,160
C01856,อรุณ,ชาย,25-34,False,B01,สยาม,2025-12-10,2025-12,081-xxx-9080,False,True,2026-01-07,2,175
C01857,อัญชลี,หญิง,25-34,False,B02,สีลม,2025-09-20,2025-09,089-xxx-1673,False,True,2025-09-24,15,2073
C01858,ชนา,ชาย,25-34,False,B03,อารีย์,2026-03-21,2026-03,087-xxx-8298,False,True,2026-03-28,11,1410
C01859,อัญชลี,หญิง,25-34,False,B01,สยาม,2026-05-31,2026-05,083-xxx-3006,False,True,2026-06-01,2,230
C01860,รัตนา,หญิง,18-24,False,B02,สีลม,2025-12-27,2025-12,084-xxx-7196,False,True,2026-01-31,8,839
C01861,ปิยะ,หญิง,25-34,False,B01,สยาม,2025-10-07,2025-10,086-xxx-8371,False,True,2025-10-17,3,240
C01862,สุดา,หญิง,35-44,False,B02,สีลม,2026-03-11,2026-03,088-xxx-6424,False,True,2026-03-27,7,744
C01863,นภัส,หญิง,35-44,False,B02,สีลม,2026-04-16,2026-04,088-xxx-8060,False,True,2026-04-21,3,230
C01864,อัญชลี,หญิง,18-24,False,B01,สยาม,2025-12-18,2025-12,082-xxx-3513,False,True,2025-12-29,4,500
C01865,พิม,ชาย,25-34,False,B01,สยาม,2026-03-01,2026-03,083-xxx-7237,False,True,2026-03-03,2,349
C01866,รัตนา,ชาย,25-34,False,B02,สีลม,2025-11-21,2025-11,087-xxx-8126,False,True,2025-12-15,3,215
C01867,รัตนา,ชาย,35-44,False,B01,สยาม,2026-09-14,2026-09,081-xxx-6850,False,False,,0,0
C01868,ธนา,หญิง,25-34,False,B05,มหาวิทยาลัย,2026-01-08,2026-01,087-xxx-1353,False,True,2026-04-02,1,240
C01869,ธีร,หญิง,45-54,False,B05,มหาวิทยาลัย,2026-02-06,2026-02,085-xxx-3525,False,False,,0,0
C01870,จิรา,ชาย,25-34,False,B04,บางนา,2025-10-20,2025-10,087-xxx-6412,False,True,2025-11-16,5,564
C01871,สมชาย,ไม่ระบุ,25-34,False,B02,สีลม,2026-02-28,2026-02,085-xxx-1984,False,True,2026-04-27,2,190
C01872,ณัฐ,ชาย,ต่ำกว่า 18,True,B04,บางนา,2026-05-27,2026-05,083-xxx-5711,False,False,,0,0
C01873,รัตนา,หญิง,35-44,False,B04,บางนา,2026-09-14,2026-09,087-xxx-1922,False,False,,0,0
C01874,ภัทร,ชาย,25-34,False,B04,บางนา,2026-06-13,2026-06,088-xxx-1807,False,True,2026-07-27,3,240
C01875,ณัฐ,หญิง,18-24,False,B04,บางนา,2026-09-11,2026-09,088-xxx-6121,False,True,2026-09-15,2,125
C01876,มานพ,หญิง,18-24,False,B02,สีลม,2025-05-26,2025-05,086-xxx-6146,False,True,2025-08-08,19,2407
C01877,ศิริ,หญิง,35-44,False,B04,บางนา,2026-08-14,2026-08,084-xxx-6996,False,False,,0,0
C01878,สมชาย,ชาย,25-34,False,B03,อารีย์,2026-05-15,2026-05,085-xxx-7143,True,True,2026-05-21,8,471
C01879,มานพ,หญิง,45-54,False,B02,สีลม,2025-06-25,2025-06,087-xxx-7397,False,True,2025-07-02,4,600
C01880,นภัส,ชาย,18-24,False,B04,บางนา,2025-07-05,2025-07,087-xxx-5971,False,True,2025-07-06,12,1459
C01881,กมล,หญิง,45-54,False,B01,สยาม,2026-07-01,2026-07,085-xxx-2859,False,True,2026-07-05,2,140
C01882,ทิพย์,หญิง,18-24,False,B05,มหาวิทยาลัย,2025-06-24,2025-06,088-xxx-6171,False,True,2025-07-02,1,65
C01883,รัตนา,ชาย,35-44,False,B04,บางนา,2025-08-01,2025-08,089-xxx-5548,True,True,2025-09-13,3,360
C01884,สุดา,หญิง,18-24,False,B03,อารีย์,2026-02-04,2026-02,089-xxx-4844,False,True,2026-03-01,5,555
C01885,กมล,หญิง,35-44,False,B02,สีลม,2026-05-06,2026-05,086-xxx-2978,False,True,2026-05-06,4,508
C01886,ชนา,ชาย,25-34,False,B01,สยาม,2025-11-01,2025-11,081-xxx-3049,False,True,2025-12-16,4,335
C01887,กมล,ชาย,18-24,False,B05,มหาวิทยาลัย,2025-07-31,2025-07,084-xxx-4849,False,True,2025-08-10,12,1455
C01888,วรรณ,หญิง,45-54,False,B02,สีลม,2025-04-15,2025-04,082-xxx-8178,False,True,2025-04-21,8,824
C01889,ธีร,หญิง,25-34,False,B02,สีลม,2025-07-18,2025-07,082-xxx-4303,False,True,2025-08-08,10,1100
C01890,วรรณ,ชาย,55+,False,B03,อารีย์,2026-01-15,2026-01,085-xxx-6757,False,True,2026-01-20,16,2168
C01891,รัตนา,ชาย,18-24,False,B03,อารีย์,2026-07-01,2026-07,089-xxx-1905,False,True,2026-07-10,2,210
C01892,อรุณ,หญิง,18-24,False,B01,สยาม,2025-05-15,2025-05,082-xxx-9690,False,True,2025-05-26,7,980
C01893,ชนา,ชาย,35-44,False,B02,สีลม,2026-07-20,2026-07,082-xxx-1687,True,False,,0,0
C01894,อรุณ,หญิง,25-34,False,B05,มหาวิทยาลัย,2025-06-20,2025-06,089-xxx-8510,False,True,2025-06-21,34,4522
C01895,จิรา,ชาย,25-34,False,B04,บางนา,2025-10-11,2025-10,089-xxx-1023,False,True,2025-11-23,9,614
C01896,สมชาย,ชาย,18-24,False,B05,มหาวิทยาลัย,2025-09-26,2025-09,089-xxx-6888,False,True,2025-10-04,5,735
C01897,ธนา,หญิง,35-44,False,B03,อารีย์,2026-07-26,2026-07,085-xxx-2908,False,False,,0,0
C01898,กมล,หญิง,25-34,False,B03,อารีย์,2026-04-21,2026-04,088-xxx-3648,False,True,2026-04-24,5,1020
C01899,ณัฐ,ชาย,25-34,False,B02,สีลม,2025-12-23,2025-12,088-xxx-7057,False,False,,0,0
C01900,เกศ,ชาย,35-44,False,B05,มหาวิทยาลัย,2026-07-13,2026-07,085-xxx-7374,False,True,2026-07-14,2,330
C01901,ปิยะ,ชาย,55+,False,B02,สีลม,2025-10-15,2025-10,082-xxx-3574,False,True,2025-10-30,6,695
C01902,มานพ,ชาย,18-24,False,B05,มหาวิทยาลัย,2026-07-08,2026-07,085-xxx-1150,False,True,2026-07-10,1,65
C01903,สุดา,ชาย,18-24,False,B04,บางนา,2025-08-24,2025-08,087-xxx-2942,False,True,2025-09-11,2,294
C01904,ปวีณ,หญิง,45-54,False,B02,สีลม,2026-09-05,2026-09,083-xxx-4911,False,False,,0,0
C01905,นภัส,ชาย,25-34,False,B01,สยาม,2026-03-25,2026-03,081-xxx-4977,False,True,2026-03-30,3,710
C01906,รัตนา,ชาย,35-44,False,B02,สีลม,2026-06-18,2026-06,086-xxx-4552,False,True,2026-06-19,6,825
C01907,ศิริ,หญิง,25-34,False,B03,อารีย์,2026-03-31,2026-03,081-xxx-6451,True,True,2026-05-06,3,525
C01908,อรุณ,ชาย,25-34,False,B04,บางนา,2025-04-19,2025-04,087-xxx-7729,False,True,2025-04-28,21,2360
C01909,ทิพย์,หญิง,35-44,False,B01,สยาม,2025-11-22,2025-11,083-xxx-6607,False,True,2026-02-19,2,245
C01910,ภัทร,หญิง,35-44,False,B05,มหาวิทยาลัย,2026-08-09,2026-08,085-xxx-6304,False,False,,0,0
C01911,ภูมิ,หญิง,35-44,False,B02,สีลม,2025-05-26,2025-05,081-xxx-2720,False,True,2025-05-29,8,885
C01912,ปวีณ,หญิง,25-34,False,B04,บางนา,2025-10-31,2025-10,081-xxx-2643,False,True,2025-11-30,1,89
C01913,ภูมิ,ชาย,18-24,False,B01,สยาม,2026-08-23,2026-08,085-xxx-5568,False,False,,0,0
C01914,ธีร,ชาย,25-34,False,B01,สยาม,2026-07-13,2026-07,089-xxx-1834,False,False,,0,0
C01915,ภูมิ,หญิง,35-44,False,B02,สีลม,2025-08-11,2025-08,087-xxx-7525,False,True,2025-08-21,5,540
C01916,ธีร,ชาย,45-54,False,B01,สยาม,2026-07-13,2026-07,083-xxx-4862,False,True,2026-07-29,1,130
C01917,ธีร,หญิง,18-24,False,B05,มหาวิทยาลัย,2025-09-11,2025-09,089-xxx-7490,False,True,2025-09-12,5,700
C01918,อัญชลี,หญิง,35-44,False,B03,อารีย์,2025-11-06,2025-11,087-xxx-4095,False,True,2025-11-14,13,1284
C01919,ธีร,หญิง,18-24,False,B05,มหาวิทยาลัย,2025-06-02,2025-06,082-xxx-9472,False,True,2025-06-25,13,1299
C01920,อรุณ,หญิง,25-34,False,B04,บางนา,2025-12-26,2025-12,083-xxx-9996,False,True,2026-01-14,2,350
C01921,พิม,ชาย,25-34,False,B02,สีลม,2026-01-02,2026-01,086-xxx-4069,False,True,2026-01-28,1,130
C01922,นภัส,ชาย,45-54,False,B02,สีลม,2026-07-22,2026-07,083-xxx-8568,False,True,2026-09-08,1,140
C01923,นภัส,หญิง,18-24,False,B03,อารีย์,2026-07-05,2026-07,088-xxx-3734,False,True,2026-07-20,1,245
C01924,สุดา,หญิง,18-24,False,B05,มหาวิทยาลัย,2026-03-25,2026-03,082-xxx-7962,False,True,2026-03-25,6,785
C01925,อรุณ,ชาย,25-34,False,B04,บางนา,2026-07-22,2026-07,085-xxx-7316,False,True,2026-08-23,1,65
C01926,ภัทร,หญิง,18-24,False,B05,มหาวิทยาลัย,2025-12-23,2025-12,085-xxx-2428,False,True,2026-01-13,9,999
C01927,อัญชลี,ชาย,35-44,False,B02,สีลม,2025-08-12,2025-08,085-xxx-7483,False,True,2025-09-08,7,1040
C01928,เกศ,หญิง,45-54,False,B04,บางนา,2025-05-01,2025-05,087-xxx-7516,False,True,2025-05-04,13,1377
C01929,ภัทร,ชาย,35-44,False,B01,สยาม,2026-03-10,2026-03,081-xxx-4845,False,True,2026-04-26,5,535
C01930,วีระ,หญิง,45-54,False,B02,สีลม,2026-04-22,2026-04,087-xxx-7520,True,True,2026-05-15,2,235
C01931,ทิพย์,หญิง,18-24,False,B01,สยาม,2025-08-14,2025-08,085-xxx-9873,False,True,2025-09-29,10,1440
C01932,มานพ,หญิง,25-34,False,B02,สีลม,2025-08-06,2025-08,081-xxx-1467,False,True,2025-10-29,17,2445
C01933,ชนา,ชาย,18-24,False,B02,สีลม,2026-01-25,2026-01,083-xxx-7182,False,True,2026-02-20,5,800
C01934,กิตติ,ชาย,35-44,False,B02,สีลม,2026-07-24,2026-07,088-xxx-2171,False,True,2026-07-27,1,145
C01935,ทิพย์,หญิง,18-24,False,B01,สยาม,2025-05-13,2025-05,082-xxx-2398,False,True,2025-05-21,19,2191
C01936,วรรณ,หญิง,18-24,False,B03,อารีย์,2026-03-19,2026-03,084-xxx-6835,False,True,2026-03-21,3,420
C01937,เกศ,หญิง,25-34,False,B03,อารีย์,2026-09-03,2026-09,089-xxx-1299,False,True,2026-09-14,2,399
C01938,เกศ,หญิง,35-44,False,B05,มหาวิทยาลัย,2025-08-22,2025-08,081-xxx-3031,False,True,2025-09-10,8,1355
C01939,กิตติ,ชาย,18-24,False,B03,อารีย์,2026-04-28,2026-04,086-xxx-1923,False,True,2026-05-17,3,295
C01940,อัญชลี,ชาย,25-34,False,B04,บางนา,2026-08-26,2026-08,087-xxx-1790,False,False,,0,0
C01941,พิม,หญิง,25-34,False,B05,มหาวิทยาลัย,2025-11-04,2025-11,083-xxx-1931,False,False,,0,0
C01942,อรุณ,หญิง,18-24,False,B01,สยาม,2026-04-03,2026-04,088-xxx-4551,False,False,,0,0
C01943,เกศ,หญิง,18-24,False,B04,บางนา,2026-02-04,2026-02,085-xxx-1219,False,True,2026-02-15,3,434
C01944,ชนา,ชาย,25-34,False,B03,อารีย์,2025-12-18,2025-12,084-xxx-8652,False,True,2026-01-20,10,1093
C01945,ปวีณ,หญิง,55+,False,B04,บางนา,2026-07-01,2026-07,085-xxx-3243,False,False,,0,0
C01946,พิม,ชาย,35-44,False,B02,สีลม,2025-08-28,2025-08,086-xxx-4764,False,True,2025-08-29,10,969
C01947,จิรา,หญิง,25-34,False,B01,สยาม,2026-07-05,2026-07,088-xxx-1866,False,True,2026-07-12,3,250
C01948,ปวีณ,หญิง,45-54,False,B02,สีลม,2025-09-02,2025-09,084-xxx-3042,True,True,2025-10-02,1,95
C01949,วรรณ,ชาย,25-34,False,B02,สีลม,2026-01-25,2026-01,084-xxx-4873,False,True,2026-02-20,9,1115
C01950,เกศ,ชาย,25-34,False,B02,สีลม,2025-05-20,2025-05,086-xxx-5034,False,True,2025-05-30,11,1850
C01951,วรรณ,หญิง,45-54,False,B01,สยาม,2026-05-04,2026-05,087-xxx-5753,False,True,2026-05-13,4,495
C01952,ภูมิ,ชาย,45-54,False,B01,สยาม,2025-10-17,2025-10,088-xxx-1981,False,True,2025-11-18,10,1049
C01953,ภัทร,ชาย,25-34,False,B05,มหาวิทยาลัย,2026-02-21,2026-02,085-xxx-5507,False,True,2026-04-18,2,185
C01954,ธีร,หญิง,18-24,False,B01,สยาม,2025-07-13,2025-07,088-xxx-5687,False,True,2025-08-10,12,1409
C01955,จิรา,หญิง,25-34,False,B02,สีลม,2026-07-13,2026-07,085-xxx-1910,False,True,2026-07-23,1,65
C01956,จิรา,หญิง,18-24,False,B02,สีลม,2026-05-14,2026-05,081-xxx-1069,False,True,2026-07-07,4,770
C01957,ณัฐ,หญิง,55+,False,B03,อารีย์,2026-06-20,2026-06,083-xxx-8734,False,False,,0,0
C01958,ชนา,ชาย,25-34,False,B03,อารีย์,2026-01-16,2026-01,081-xxx-6533,False,True,2026-01-17,20,2554
C01959,เกศ,หญิง,35-44,False,B02,สีลม,2026-01-11,2026-01,082-xxx-8630,False,True,2026-01-15,5,505
C01960,ภูมิ,ชาย,18-24,False,B02,สีลม,2026-09-08,2026-09,088-xxx-2520,False,False,,0,0
C01961,ทิพย์,ไม่ระบุ,25-34,False,B01,สยาม,2026-03-03,2026-03,089-xxx-3385,False,True,2026-04-12,3,320
C01962,พิม,ชาย,55+,False,B04,บางนา,2025-11-09,2025-11,088-xxx-5478,False,True,2025-11-21,3,320
C01963,รัตนา,หญิง,45-54,False,B02,สีลม,2025-06-03,2025-06,083-xxx-6469,False,True,2025-06-11,4,539
C01964,ณัฐ,หญิง,25-34,False,B04,บางนา,2025-09-19,2025-09,083-xxx-3207,False,True,2025-10-31,5,534
C01965,ชนา,หญิง,55+,False,B01,สยาม,2025-07-16,2025-07,087-xxx-6737,False,True,2025-07-18,4,235
C01966,จิรา,ชาย,25-34,False,B02,สีลม,2026-08-15,2026-08,081-xxx-6859,False,True,2026-08-27,1,75
C01967,กิตติ,หญิง,35-44,False,B02,สีลม,2025-12-15,2025-12,084-xxx-7247,False,True,2025-12-19,14,2097
C01968,ทิพย์,หญิง,25-34,False,B05,มหาวิทยาลัย,2026-06-17,2026-06,088-xxx-7747,False,False,,0,0
C01969,พิม,หญิง,25-34,False,B05,มหาวิทยาลัย,2025-05-13,2025-05,082-xxx-8400,False,True,2025-06-09,11,1320
C01970,นภัส,ชาย,18-24,False,B01,สยาม,2025-12-29,2025-12,081-xxx-1979,False,True,2026-01-18,3,235
C01971,ปิยะ,ชาย,ต่ำกว่า 18,True,B04,บางนา,2025-10-03,2025-10,085-xxx-9150,False,True,2025-11-02,5,355
C01972,ปิยะ,หญิง,18-24,False,B01,สยาม,2025-09-18,2025-09,085-xxx-6149,False,True,2025-10-19,13,1590
C01973,ธีร,หญิง,25-34,False,B02,สีลม,2026-02-28,2026-02,085-xxx-7994,False,True,2026-03-03,3,645
C01974,เกศ,ชาย,18-24,False,B01,สยาม,2026-08-21,2026-08,085-xxx-6216,False,False,,0,0
C01975,กิตติ,ชาย,35-44,False,B02,สีลม,2026-03-02,2026-03,086-xxx-8672,False,True,2026-03-26,6,660
C01976,ธีร,ชาย,45-54,False,B01,สยาม,2025-11-21,2025-11,082-xxx-2868,False,True,2025-12-19,8,1129
C01977,พิม,ไม่ระบุ,25-34,False,B01,สยาม,2025-08-03,2025-08,089-xxx-3884,False,True,2025-11-29,5,654
C01978,กมล,ชาย,35-44,False,B03,อารีย์,2026-05-20,2026-05,089-xxx-2605,False,True,2026-05-25,7,948
C01979,ทิพย์,ชาย,45-54,False,B02,สีลม,2026-05-06,2026-05,082-xxx-4959,False,True,2026-07-20,2,220
C01980,สมชาย,หญิง,25-34,False,B03,อารีย์,2025-12-27,2025-12,087-xxx-8339,False,True,2025-12-31,10,1360
C01981,ชนา,ไม่ระบุ,45-54,False,B05,มหาวิทยาลัย,2025-12-23,2025-12,087-xxx-6550,False,True,2025-12-24,1,75
C01982,กมล,หญิง,45-54,False,B02,สีลม,2026-06-23,2026-06,081-xxx-6853,False,True,2026-07-02,2,335
C01983,ทิพย์,หญิง,18-24,False,B01,สยาม,2025-05-01,2025-05,086-xxx-3241,False,True,2025-05-19,8,1287
C01984,ณัฐ,ชาย,25-34,False,B02,สีลม,2025-10-16,2025-10,083-xxx-2298,False,True,2025-10-27,10,1617
C01985,ปิยะ,ไม่ระบุ,45-54,False,B02,สีลม,2026-05-15,2026-05,084-xxx-1316,False,True,2026-05-17,8,1094
C01986,ศิริ,หญิง,35-44,False,B02,สีลม,2026-06-18,2026-06,084-xxx-7373,False,False,,0,0
C01987,วรรณ,ชาย,18-24,False,B01,สยาม,2026-03-17,2026-03,082-xxx-3480,False,True,2026-07-10,2,195
C01988,กิตติ,หญิง,25-34,False,B04,บางนา,2025-08-07,2025-08,083-xxx-4890,False,True,2025-08-27,12,1948
C01989,วีระ,หญิง,25-34,False,B01,สยาม,2025-04-24,2025-04,085-xxx-3198,False,True,2025-06-28,9,1264
C01990,กิตติ,หญิง,18-24,False,B02,สีลม,2025-06-22,2025-06,084-xxx-3313,False,True,2025-07-30,6,658
C01991,วรรณ,ชาย,35-44,False,B01,สยาม,2026-01-25,2026-01,084-xxx-3293,False,True,2026-06-05,1,145
C01992,ชนา,หญิง,18-24,False,B04,บางนา,2025-07-30,2025-07,081-xxx-3135,False,True,2025-08-29,31,4113
C01993,ภัทร,หญิง,35-44,False,B05,มหาวิทยาลัย,2026-06-16,2026-06,086-xxx-5332,False,False,,0,0
C01994,สมชาย,หญิง,25-34,False,B04,บางนา,2026-08-02,2026-08,084-xxx-8767,False,True,2026-08-08,3,450
C01995,ชนา,หญิง,25-34,False,B01,สยาม,2026-04-29,2026-04,085-xxx-5057,False,True,2026-04-30,1,65
C01996,ธนา,ชาย,18-24,False,B01,สยาม,2026-02-14,2026-02,086-xxx-7412,False,True,2026-02-18,4,570
C01997,สมชาย,ชาย,25-34,False,B01,สยาม,2025-08-11,2025-08,084-xxx-2504,False,True,2025-08-19,9,1029
C01998,ภูมิ,หญิง,55+,False,B01,สยาม,2026-01-12,2026-01,083-xxx-9849,False,True,2026-03-24,1,65
C01999,ปวีณ,หญิง,35-44,False,B01,สยาม,2026-05-23,2026-05,081-xxx-3211,False,True,2026-07-03,1,65
C02000,วีระ,ชาย,45-54,False,B05,มหาวิทยาลัย,2025-07-14,2025-07,087-xxx-3738,False,True,2025-07-29,11,989
C02001,ชนา,ชาย,45-54,False,B02,สีลม,2026-06-21,2026-06,086-xxx-5740,False,True,2026-07-20,5,730
C02002,มานพ,ไม่ระบุ,35-44,False,B01,สยาม,2026-08-04,2026-08,085-xxx-6421,False,False,,0,0
C02003,ชนา,หญิง,18-24,False,B01,สยาม,2025-08-27,2025-08,088-xxx-3289,False,True,2025-08-28,3,334
C02004,จิรา,ไม่ระบุ,35-44,False,B03,อารีย์,2026-07-14,2026-07,086-xxx-3563,False,True,2026-08-14,1,89
C02005,ปิยะ,ชาย,25-34,False,B05,มหาวิทยาลัย,2026-07-03,2026-07,084-xxx-6426,False,True,2026-07-28,1,235
C02006,ทิพย์,ชาย,35-44,False,B05,มหาวิทยาลัย,2025-12-31,2025-12,081-xxx-4965,False,True,2026-02-20,16,1648
C02007,เกศ,หญิง,25-34,False,B01,สยาม,2026-03-10,2026-03,089-xxx-5861,False,True,2026-05-08,1,160
C02008,พิม,ชาย,18-24,False,B04,บางนา,2026-04-08,2026-04,086-xxx-7358,False,True,2026-06-13,2,130
C02009,อัญชลี,หญิง,25-34,False,B05,มหาวิทยาลัย,2025-08-07,2025-08,083-xxx-5157,False,True,2025-08-21,12,2192
C02010,ศิริ,ชาย,18-24,False,B04,บางนา,2025-05-30,2025-05,089-xxx-7123,True,True,2025-06-13,12,1489
C02011,ชนา,หญิง,35-44,False,B02,สีลม,2026-03-12,2026-03,085-xxx-7213,False,True,2026-03-19,1,75
C02012,ชนา,ชาย,25-34,False,B05,มหาวิทยาลัย,2026-06-06,2026-06,083-xxx-6338,False,True,2026-06-25,1,95
C02013,นภัส,หญิง,45-54,False,B02,สีลม,2025-12-23,2025-12,086-xxx-1822,False,True,2025-12-31,3,445
C02014,ธนา,หญิง,18-24,False,B05,มหาวิทยาลัย,2026-04-12,2026-04,089-xxx-9105,False,True,2026-05-04,1,130
C02015,ปวีณ,หญิง,25-34,False,B02,สีลม,2025-11-17,2025-11,084-xxx-6604,False,False,,0,0
C02016,นภัส,หญิง,18-24,False,B02,สีลม,2025-06-07,2025-06,085-xxx-8845,False,True,2025-08-01,14,2268
C02017,พิม,หญิง,18-24,False,B04,บางนา,2026-01-28,2026-01,085-xxx-8168,False,True,2026-05-13,8,755
C02018,ภัทร,ชาย,18-24,False,B04,บางนา,2025-12-10,2025-12,082-xxx-6366,False,True,2026-01-06,6,795
C02019,สุดา,ชาย,ต่ำกว่า 18,True,B05,มหาวิทยาลัย,2025-10-23,2025-10,086-xxx-7073,False,True,2025-10-28,11,1145
C02020,นภัส,ชาย,18-24,False,B05,มหาวิทยาลัย,2026-08-24,2026-08,083-xxx-8972,False,False,,0,0
C02021,อัญชลี,ชาย,25-34,False,B02,สีลม,2025-06-25,2025-06,086-xxx-9251,False,True,2025-08-01,2,385
C02022,ทิพย์,หญิง,25-34,False,B02,สีลม,2025-11-18,2025-11,081-xxx-7210,False,True,2026-01-28,5,683
C02023,ธนา,ชาย,ต่ำกว่า 18,True,B05,มหาวิทยาลัย,2025-10-03,2025-10,082-xxx-3670,False,True,2025-11-07,5,440
C02024,เกศ,หญิง,18-24,False,B01,สยาม,2026-07-24,2026-07,086-xxx-7165,False,True,2026-08-17,1,75
C02025,อัญชลี,ชาย,ต่ำกว่า 18,True,B02,สีลม,2025-11-05,2025-11,083-xxx-3987,False,True,2025-11-17,5,710
C02026,ธนา,หญิง,35-44,False,B05,มหาวิทยาลัย,2026-04-26,2026-04,083-xxx-8017,False,True,2026-07-06,1,240
C02027,พิม,หญิง,18-24,False,B05,มหาวิทยาลัย,2026-03-04,2026-03,084-xxx-3954,False,False,,0,0
C02028,ณัฐ,ชาย,45-54,False,B01,สยาม,2026-05-21,2026-05,082-xxx-9858,False,True,2026-07-12,3,598
C02029,ธนา,ชาย,25-34,False,B05,มหาวิทยาลัย,2026-05-19,2026-05,084-xxx-8150,False,False,,0,0
C02030,ทิพย์,หญิง,35-44,False,B03,อารีย์,2026-09-08,2026-09,082-xxx-9188,False,True,2026-09-18,1,160
C02031,ณัฐ,ชาย,35-44,False,B05,มหาวิทยาลัย,2026-06-15,2026-06,086-xxx-5653,False,True,2026-07-07,1,65
C02032,รัตนา,หญิง,35-44,False,B01,สยาม,2026-06-15,2026-06,088-xxx-6930,False,True,2026-07-02,2,340
C02033,กิตติ,หญิง,25-34,False,B01,สยาม,2026-05-31,2026-05,083-xxx-7405,False,True,2026-07-17,1,55
C02034,รัตนา,ชาย,25-34,False,B05,มหาวิทยาลัย,2026-05-20,2026-05,082-xxx-5167,False,True,2026-06-22,1,299
C02035,ศิริ,หญิง,18-24,False,B02,สีลม,2026-08-17,2026-08,087-xxx-8186,False,True,2026-09-19,1,120
C02036,ธนา,หญิง,18-24,False,B01,สยาม,2026-02-14,2026-02,087-xxx-6354,False,True,2026-02-23,5,350
C02037,ธนา,หญิง,25-34,False,B05,มหาวิทยาลัย,2025-05-21,2025-05,086-xxx-8728,False,True,2025-06-06,8,1165
C02038,มานพ,ชาย,45-54,False,B05,มหาวิทยาลัย,2026-07-20,2026-07,087-xxx-7912,False,False,,0,0
C02039,ณัฐ,หญิง,18-24,False,B04,บางนา,2025-04-12,2025-04,085-xxx-4536,False,True,2025-04-24,8,1140
C02040,ธนา,ชาย,45-54,False,B01,สยาม,2025-04-02,2025-04,085-xxx-3451,False,True,2025-04-07,22,3253
C02041,วีระ,ชาย,25-34,False,B03,อารีย์,2026-01-18,2026-01,084-xxx-2272,False,True,2026-01-26,8,830
C02042,กมล,หญิง,55+,False,B04,บางนา,2025-09-01,2025-09,087-xxx-7454,False,True,2025-09-27,8,1040
C02043,จิรา,หญิง,45-54,False,B01,สยาม,2025-12-06,2025-12,084-xxx-1074,False,True,2026-01-06,13,1891
C02044,ณัฐ,หญิง,18-24,False,B05,มหาวิทยาลัย,2025-08-10,2025-08,089-xxx-1272,False,True,2025-08-21,5,868
C02045,อรุณ,หญิง,35-44,False,B01,สยาม,2025-06-14,2025-06,083-xxx-9915,False,True,2026-04-18,3,505
C02046,ภัทร,หญิง,45-54,False,B04,บางนา,2026-06-02,2026-06,087-xxx-7666,False,True,2026-06-19,1,165
C02047,ศิริ,ชาย,25-34,False,B02,สีลม,2026-05-28,2026-05,086-xxx-9146,False,True,2026-06-22,2,465
C02048,มานพ,หญิง,25-34,False,B05,มหาวิทยาลัย,2025-04-07,2025-04,081-xxx-8826,False,True,2025-04-12,30,4582
C02049,อรุณ,ชาย,35-44,False,B03,อารีย์,2026-02-13,2026-02,085-xxx-4250,False,True,2026-02-13,9,820
C02050,วรรณ,ชาย,25-34,False,B05,มหาวิทยาลัย,2026-08-31,2026-08,089-xxx-9001,False,True,2026-09-05,1,90
C02051,ณัฐ,หญิง,35-44,False,B01,สยาม,2025-11-13,2025-11,085-xxx-7815,False,True,2025-11-16,14,2254
C02052,สุดา,ชาย,18-24,False,B03,อารีย์,2026-01-08,2026-01,084-xxx-2529,False,True,2026-01-25,3,365
C02053,จิรา,ชาย,45-54,False,B02,สีลม,2026-05-19,2026-05,086-xxx-3392,False,True,2026-08-04,3,425
C02054,ณัฐ,หญิง,18-24,False,B04,บางนา,2026-01-06,2026-01,085-xxx-3973,False,True,2026-02-02,11,1390
C02055,อรุณ,หญิง,25-34,False,B02,สีลม,2025-12-28,2025-12,087-xxx-5464,False,True,2026-01-31,1,144
C02056,ณัฐ,หญิง,35-44,False,B02,สีลม,2025-05-14,2025-05,089-xxx-2821,False,True,2025-05-15,7,735
C02057,ภูมิ,ชาย,25-34,False,B02,สีลม,2025-04-15,2025-04,086-xxx-2207,False,True,2025-04-18,13,1779
C02058,ปิยะ,หญิง,45-54,False,B03,อารีย์,2025-12-15,2025-12,089-xxx-9171,False,True,2025-12-20,4,380
C02059,ปิยะ,หญิง,25-34,False,B04,บางนา,2026-09-11,2026-09,083-xxx-7455,False,False,,0,0
C02060,มานพ,ไม่ระบุ,18-24,False,B04,บางนา,2025-08-27,2025-08,085-xxx-9766,True,True,2025-11-04,6,735
C02061,จิรา,ชาย,35-44,False,B01,สยาม,2025-06-08,2025-06,084-xxx-3225,False,True,2025-07-09,11,1578
C02062,ทิพย์,หญิง,35-44,False,B05,มหาวิทยาลัย,2026-04-07,2026-04,087-xxx-8200,False,False,,0,0
C02063,ปิยะ,ชาย,18-24,False,B05,มหาวิทยาลัย,2025-09-20,2025-09,089-xxx-4567,False,True,2025-10-05,10,1205
C02064,ทิพย์,ชาย,18-24,False,B04,บางนา,2025-04-19,2025-04,083-xxx-6226,False,True,2025-06-08,22,2386
C02065,กมล,ชาย,25-34,False,B05,มหาวิทยาลัย,2025-06-03,2025-06,089-xxx-8080,False,False,,0,0
C02066,ธีร,หญิง,25-34,False,B01,สยาม,2026-05-18,2026-05,082-xxx-9374,False,True,2026-07-04,1,170
C02067,ทิพย์,ชาย,45-54,False,B05,มหาวิทยาลัย,2025-10-11,2025-10,081-xxx-6637,False,True,2025-10-15,6,695
C02068,นภัส,ชาย,45-54,False,B02,สีลม,2025-11-17,2025-11,089-xxx-1256,False,True,2025-12-15,19,2534
C02069,พิม,หญิง,25-34,False,B01,สยาม,2025-04-15,2025-04,088-xxx-9131,False,True,2025-05-05,6,833
C02070,กมล,หญิง,55+,False,B02,สีลม,2025-11-19,2025-11,083-xxx-7994,False,True,2025-12-19,5,455
C02071,ภูมิ,หญิง,25-34,False,B05,มหาวิทยาลัย,2026-06-05,2026-06,089-xxx-5088,False,True,2026-07-11,4,439
C02072,นภัส,หญิง,25-34,False,B03,อารีย์,2026-03-11,2026-03,084-xxx-5213,False,True,2026-03-19,5,530
C02073,วรรณ,หญิง,18-24,False,B05,มหาวิทยาลัย,2025-11-22,2025-11,086-xxx-2887,False,True,2026-02-02,7,725
C02074,สุดา,หญิง,18-24,False,B03,อารีย์,2025-11-12,2025-11,087-xxx-3216,False,True,2025-12-22,8,1150
C02075,พิม,ชาย,18-24,False,B04,บางนา,2026-02-16,2026-02,082-xxx-7907,False,True,2026-02-20,8,940
C02076,พิม,ชาย,ต่ำกว่า 18,True,B05,มหาวิทยาลัย,2025-12-03,2025-12,089-xxx-4319,False,True,2025-12-15,1,225
C02077,ธนา,หญิง,18-24,False,B04,บางนา,2025-12-06,2025-12,088-xxx-4575,False,True,2025-12-07,8,919
C02078,ปวีณ,หญิง,55+,False,B02,สีลม,2026-08-07,2026-08,086-xxx-3783,False,False,,0,0
C02079,ธนา,ชาย,18-24,False,B03,อารีย์,2026-06-06,2026-06,084-xxx-2091,False,True,2026-06-15,3,385
C02080,วรรณ,หญิง,45-54,False,B05,มหาวิทยาลัย,2026-03-15,2026-03,084-xxx-4029,False,True,2026-03-30,1,65
C02081,ปิยะ,หญิง,45-54,False,B02,สีลม,2026-08-01,2026-08,084-xxx-2701,True,True,2026-08-13,1,65
C02082,วรรณ,หญิง,25-34,False,B02,สีลม,2026-01-24,2026-01,085-xxx-5702,False,True,2026-01-28,3,360
C02083,ณัฐ,หญิง,25-34,False,B01,สยาม,2026-08-09,2026-08,087-xxx-5669,False,False,,0,0
C02084,ณัฐ,หญิง,35-44,False,B01,สยาม,2026-02-15,2026-02,089-xxx-9344,False,True,2026-04-18,1,70
C02085,ภูมิ,หญิง,18-24,False,B01,สยาม,2025-06-02,2025-06,083-xxx-3286,False,True,2025-06-18,2,444
C02086,ธนา,ชาย,18-24,False,B01,สยาม,2025-10-15,2025-10,088-xxx-3037,False,False,,0,0
C02087,รัตนา,หญิง,ต่ำกว่า 18,True,B03,อารีย์,2026-07-20,2026-07,085-xxx-2711,False,True,2026-08-12,1,194
C02088,อรุณ,ชาย,18-24,False,B04,บางนา,2025-05-31,2025-05,084-xxx-5534,False,True,2025-06-07,13,1495
C02089,ธนา,หญิง,25-34,False,B02,สีลม,2025-04-11,2025-04,084-xxx-5507,False,True,2025-04-11,15,1802
C02090,ธนา,ชาย,18-24,False,B04,บางนา,2026-03-18,2026-03,088-xxx-1096,False,True,2026-03-30,1,65
C02091,ภูมิ,ชาย,45-54,False,B05,มหาวิทยาลัย,2025-12-01,2025-12,083-xxx-7429,False,True,2025-12-16,4,400
C02092,ปวีณ,ชาย,35-44,False,B01,สยาม,2025-06-27,2025-06,086-xxx-5030,False,True,2025-07-17,2,534
C02093,นภัส,ชาย,25-34,False,B04,บางนา,2025-04-26,2025-04,089-xxx-1952,False,True,2025-04-26,19,2685
C02094,อรุณ,หญิง,35-44,False,B01,สยาม,2026-07-16,2026-07,088-xxx-5887,False,False,,0,0
C02095,จิรา,หญิง,35-44,False,B02,สีลม,2026-06-14,2026-06,088-xxx-8884,False,False,,0,0
C02096,พิม,ไม่ระบุ,35-44,False,B05,มหาวิทยาลัย,2026-07-07,2026-07,085-xxx-4922,False,False,,0,0
C02097,ธีร,หญิง,55+,False,B02,สีลม,2026-06-09,2026-06,085-xxx-9736,False,False,,0,0
C02098,มานพ,หญิง,18-24,False,B02,สีลม,2025-05-15,2025-05,087-xxx-1627,False,True,2025-05-16,13,1884
C02099,กมล,ชาย,25-34,False,B02,สีลม,2026-03-06,2026-03,086-xxx-8056,False,True,2026-03-24,2,420
C02100,กิตติ,หญิง,25-34,False,B05,มหาวิทยาลัย,2025-06-15,2025-06,086-xxx-5790,False,True,2025-06-29,9,1897
C02101,สุดา,หญิง,ต่ำกว่า 18,True,B04,บางนา,2025-06-15,2025-06,087-xxx-6650,False,True,2025-06-29,7,824
C02102,ปวีณ,หญิง,35-44,False,B04,บางนา,2026-05-10,2026-05,087-xxx-7035,False,False,,0,0
C02103,วีระ,หญิง,18-24,False,B05,มหาวิทยาลัย,2025-06-22,2025-06,083-xxx-1681,False,True,2025-06-23,1,60
C02104,วรรณ,ชาย,18-24,False,B04,บางนา,2026-06-07,2026-06,089-xxx-3653,False,True,2026-08-03,1,85
C02105,ณัฐ,หญิง,35-44,False,B04,บางนา,2026-08-16,2026-08,088-xxx-1282,False,True,2026-08-27,1,75
C02106,พิม,ชาย,45-54,False,B04,บางนา,2026-08-25,2026-08,087-xxx-8473,False,False,,0,0
C02107,ศิริ,ชาย,35-44,False,B01,สยาม,2026-06-03,2026-06,084-xxx-6295,False,True,2026-07-08,2,270
C02108,ธีร,หญิง,45-54,False,B05,มหาวิทยาลัย,2026-05-05,2026-05,088-xxx-6242,False,True,2026-05-10,5,370
C02109,จิรา,ชาย,25-34,False,B01,สยาม,2026-08-27,2026-08,081-xxx-5910,False,True,2026-09-12,1,80
C02110,ณัฐ,ชาย,25-34,False,B05,มหาวิทยาลัย,2025-12-04,2025-12,087-xxx-1145,False,True,2026-01-09,17,2476
C02111,ปิยะ,ชาย,18-24,False,B01,สยาม,2025-08-11,2025-08,088-xxx-3526,False,True,2025-08-12,11,1633
C02112,ทิพย์,ชาย,18-24,False,B02,สีลม,2025-09-20,2025-09,087-xxx-5395,False,True,2025-09-20,1,65
C02113,พิม,ชาย,18-24,False,B01,สยาม,2025-08-11,2025-08,081-xxx-2374,False,True,2025-08-20,11,1878
C02114,ศิริ,หญิง,18-24,False,B04,บางนา,2025-06-16,2025-06,081-xxx-3926,False,False,,0,0
C02115,ภัทร,ชาย,45-54,False,B04,บางนา,2025-09-09,2025-09,089-xxx-7088,False,True,2025-09-22,18,2283
C02116,จิรา,หญิง,ต่ำกว่า 18,True,B05,มหาวิทยาลัย,2025-08-20,2025-08,088-xxx-2967,False,True,2025-08-28,18,2353
C02117,มานพ,หญิง,25-34,False,B02,สีลม,2026-05-01,2026-05,083-xxx-6824,False,True,2026-05-15,1,165
C02118,ธนา,หญิง,55+,False,B03,อารีย์,2026-07-14,2026-07,089-xxx-1783,False,True,2026-07-30,3,440
C02119,กิตติ,หญิง,45-54,False,B01,สยาม,2026-04-04,2026-04,089-xxx-2894,True,True,2026-04-26,4,470
C02120,มานพ,ไม่ระบุ,18-24,False,B02,สีลม,2026-08-25,2026-08,084-xxx-2443,False,True,2026-08-29,1,65
C02121,ภัทร,หญิง,35-44,False,B03,อารีย์,2025-11-26,2025-11,082-xxx-1749,False,True,2025-11-26,5,559
C02122,เกศ,หญิง,45-54,False,B05,มหาวิทยาลัย,2026-02-04,2026-02,083-xxx-2731,False,True,2026-03-21,1,75
C02123,ปวีณ,ชาย,18-24,False,B01,สยาม,2026-07-16,2026-07,084-xxx-3030,False,True,2026-09-09,1,65
C02124,วีระ,ชาย,18-24,False,B02,สีลม,2025-09-29,2025-09,086-xxx-7498,False,True,2025-10-07,3,703
C02125,ทิพย์,หญิง,35-44,False,B01,สยาม,2026-04-18,2026-04,084-xxx-6176,False,True,2026-07-31,1,80
C02126,ภัทร,ชาย,35-44,False,B02,สีลม,2025-05-18,2025-05,087-xxx-4262,False,True,2025-05-18,12,2008
C02127,ปวีณ,หญิง,45-54,False,B01,สยาม,2026-06-15,2026-06,086-xxx-4821,False,True,2026-08-24,1,110
C02128,อรุณ,ชาย,25-34,False,B01,สยาม,2026-05-16,2026-05,089-xxx-9779,False,True,2026-07-03,2,235
C02129,ภัทร,หญิง,18-24,False,B05,มหาวิทยาลัย,2026-03-08,2026-03,087-xxx-3222,False,False,,0,0
C02130,ปิยะ,หญิง,55+,False,B01,สยาม,2025-05-17,2025-05,085-xxx-5140,False,True,2025-05-25,14,1884
C02131,พิม,ไม่ระบุ,18-24,False,B01,สยาม,2025-04-13,2025-04,086-xxx-6022,False,True,2025-05-13,19,2901
C02132,เกศ,ไม่ระบุ,35-44,False,B03,อารีย์,2026-01-30,2026-01,089-xxx-2197,False,True,2026-02-01,6,803
C02133,อรุณ,ชาย,45-54,False,B05,มหาวิทยาลัย,2025-08-13,2025-08,081-xxx-5016,False,False,,0,0
C02134,อรุณ,หญิง,25-34,False,B02,สีลม,2025-08-12,2025-08,086-xxx-2227,False,True,2025-08-17,7,805
C02135,มานพ,ชาย,25-34,False,B05,มหาวิทยาลัย,2026-08-07,2026-08,086-xxx-2540,False,False,,0,0
C02136,ณัฐ,หญิง,18-24,False,B03,อารีย์,2026-04-15,2026-04,089-xxx-4458,False,True,2026-04-29,3,201
C02137,ศิริ,หญิง,18-24,False,B02,สีลม,2026-08-17,2026-08,082-xxx-1725,False,False,,0,0
C02138,มานพ,หญิง,18-24,False,B05,มหาวิทยาลัย,2025-05-15,2025-05,086-xxx-2400,False,True,2025-06-14,11,1400
C02139,สมชาย,หญิง,35-44,False,B02,สีลม,2026-04-24,2026-04,084-xxx-5267,False,False,,0,0
C02140,กมล,หญิง,18-24,False,B01,สยาม,2025-08-07,2025-08,087-xxx-6870,False,True,2025-09-02,4,675
C02141,ปิยะ,หญิง,25-34,False,B02,สีลม,2025-07-19,2025-07,082-xxx-2202,False,False,,0,0
C02142,ธีร,หญิง,25-34,False,B01,สยาม,2026-08-14,2026-08,088-xxx-6564,False,False,,0,0
C02143,กมล,ชาย,45-54,False,B01,สยาม,2026-05-16,2026-05,089-xxx-2612,False,True,2026-07-05,1,65
C02144,สุดา,ชาย,25-34,False,B01,สยาม,2026-06-14,2026-06,087-xxx-9960,False,False,,0,0
C02145,อัญชลี,ชาย,25-34,False,B01,สยาม,2026-05-17,2026-05,089-xxx-7202,False,True,2026-05-31,1,75
C02146,กมล,ชาย,35-44,False,B02,สีลม,2025-08-02,2025-08,082-xxx-4443,False,True,2025-08-07,23,3226
C02147,ศิริ,หญิง,18-24,False,B03,อารีย์,2026-08-08,2026-08,084-xxx-7342,False,True,2026-09-20,1,285
C02148,วีระ,ไม่ระบุ,35-44,False,B04,บางนา,2026-07-05,2026-07,082-xxx-4553,False,True,2026-07-26,3,380
C02149,ภัทร,ชาย,18-24,False,B05,มหาวิทยาลัย,2026-06-03,2026-06,088-xxx-3154,False,True,2026-07-13,3,370
C02150,ภัทร,หญิง,18-24,False,B01,สยาม,2025-04-21,2025-04,082-xxx-9358,False,True,2025-05-01,15,1778
C02151,กมล,ชาย,55+,False,B01,สยาม,2026-09-13,2026-09,088-xxx-7989,False,True,2026-09-19,1,65
C02152,ภูมิ,หญิง,25-34,False,B02,สีลม,2026-07-27,2026-07,084-xxx-5468,False,False,,0,0
C02153,มานพ,หญิง,25-34,False,B05,มหาวิทยาลัย,2026-04-12,2026-04,086-xxx-8001,False,True,2026-04-22,6,753
C02154,ธนา,หญิง,18-24,False,B02,สีลม,2026-04-08,2026-04,089-xxx-8541,False,True,2026-05-07,9,1679
C02155,สมชาย,หญิง,18-24,False,B03,อารีย์,2026-04-13,2026-04,084-xxx-2003,False,False,,0,0
C02156,นภัส,หญิง,45-54,False,B01,สยาม,2025-08-30,2025-08,086-xxx-3913,False,True,2025-09-06,12,1674
C02157,มานพ,ไม่ระบุ,45-54,False,B05,มหาวิทยาลัย,2026-05-27,2026-05,082-xxx-4704,False,False,,0,0
C02158,กิตติ,ชาย,25-34,False,B04,บางนา,2025-07-15,2025-07,086-xxx-4247,False,True,2025-07-15,15,1830
C02159,กิตติ,หญิง,18-24,False,B03,อารีย์,2026-02-24,2026-02,089-xxx-3665,False,True,2026-03-13,7,605
C02160,ชนา,ชาย,55+,False,B02,สีลม,2025-11-09,2025-11,089-xxx-8328,False,True,2025-11-18,10,1313
C02161,อัญชลี,หญิง,35-44,False,B05,มหาวิทยาลัย,2026-03-03,2026-03,083-xxx-8468,False,False,,0,0
C02162,กิตติ,หญิง,18-24,False,B05,มหาวิทยาลัย,2025-09-14,2025-09,087-xxx-9773,False,True,2025-10-04,18,2122
C02163,ณัฐ,หญิง,35-44,False,B04,บางนา,2025-10-28,2025-10,083-xxx-1414,False,True,2025-11-05,13,1812
C02164,ธีร,หญิง,25-34,False,B03,อารีย์,2026-08-22,2026-08,082-xxx-3817,False,False,,0,0
C02165,นภัส,ชาย,ต่ำกว่า 18,True,B05,มหาวิทยาลัย,2026-09-06,2026-09,084-xxx-3852,False,False,,0,0
C02166,วรรณ,ชาย,18-24,False,B05,มหาวิทยาลัย,2025-12-21,2025-12,083-xxx-5871,False,True,2026-01-08,6,650
C02167,กิตติ,หญิง,25-34,False,B01,สยาม,2026-04-01,2026-04,085-xxx-1069,False,False,,0,0
C02168,กมล,หญิง,25-34,False,B05,มหาวิทยาลัย,2025-10-27,2025-10,083-xxx-7695,False,True,2025-11-20,19,2004
C02169,นภัส,หญิง,55+,False,B04,บางนา,2026-05-31,2026-05,088-xxx-8085,False,True,2026-06-24,1,95
C02170,มานพ,หญิง,25-34,False,B05,มหาวิทยาลัย,2026-04-23,2026-04,081-xxx-1176,False,True,2026-05-15,2,165
C02171,ธีร,หญิง,25-34,False,B03,อารีย์,2025-11-13,2025-11,088-xxx-8496,False,True,2025-11-14,8,1187
C02172,ปิยะ,ชาย,45-54,False,B05,มหาวิทยาลัย,2025-09-17,2025-09,088-xxx-7144,False,True,2025-09-21,12,1629
C02173,ศิริ,หญิง,25-34,False,B04,บางนา,2025-12-10,2025-12,087-xxx-4087,False,True,2025-12-15,4,415
C02174,กิตติ,ชาย,25-34,False,B03,อารีย์,2026-04-10,2026-04,082-xxx-1388,False,True,2026-04-12,6,1120
C02175,วีระ,หญิง,18-24,False,B05,มหาวิทยาลัย,2025-06-23,2025-06,087-xxx-5775,False,False,,0,0
C02176,จิรา,หญิง,35-44,False,B01,สยาม,2026-05-02,2026-05,081-xxx-4157,False,True,2026-05-06,2,244
C02177,อรุณ,ชาย,35-44,False,B02,สีลม,2025-06-25,2025-06,081-xxx-7130,False,True,2025-08-24,4,320
C02178,ชนา,ชาย,25-34,False,B04,บางนา,2025-09-22,2025-09,087-xxx-3196,False,True,2025-12-06,8,853
C02179,อัญชลี,หญิง,25-34,False,B01,สยาม,2025-06-24,2025-06,081-xxx-5843,True,True,2025-07-21,13,1978
C02180,เกศ,หญิง,25-34,False,B02,สีลม,2025-09-10,2025-09,082-xxx-7339,False,True,2025-10-17,2,135
C02181,พิม,ชาย,35-44,False,B03,อารีย์,2026-05-13,2026-05,085-xxx-5665,False,True,2026-05-22,1,130
C02182,ศิริ,หญิง,35-44,False,B05,มหาวิทยาลัย,2026-03-31,2026-03,082-xxx-8524,False,True,2026-04-20,2,349
C02183,ชนา,หญิง,45-54,False,B04,บางนา,2026-05-27,2026-05,088-xxx-9312,False,True,2026-06-09,4,720
C02184,กมล,หญิง,25-34,False,B05,มหาวิทยาลัย,2025-12-22,2025-12,089-xxx-5062,False,True,2026-02-26,6,739
C02185,จิรา,หญิง,35-44,False,B05,มหาวิทยาลัย,2025-07-08,2025-07,088-xxx-6227,False,True,2025-07-17,21,2794
C02186,สมชาย,ชาย,25-34,False,B04,บางนา,2025-09-23,2025-09,088-xxx-1516,False,True,2025-09-26,13,1682
C02187,สมชาย,ชาย,35-44,False,B04,บางนา,2026-09-07,2026-09,083-xxx-6770,False,False,,0,0
C02188,ทิพย์,ชาย,25-34,False,B02,สีลม,2026-05-12,2026-05,082-xxx-5657,False,True,2026-05-14,5,805
C02189,ปวีณ,หญิง,25-34,False,B05,มหาวิทยาลัย,2025-07-28,2025-07,084-xxx-2943,False,True,2025-08-04,1,258
C02190,นภัส,ชาย,25-34,False,B01,สยาม,2025-06-17,2025-06,087-xxx-8333,False,True,2025-06-28,8,920
C02191,ชนา,ชาย,25-34,False,B04,บางนา,2026-04-01,2026-04,083-xxx-1052,False,True,2026-04-29,4,635
C02192,วรรณ,ชาย,18-24,False,B01,สยาม,2025-07-16,2025-07,084-xxx-4524,True,False,,0,0
C02193,เกศ,ไม่ระบุ,45-54,False,B03,อารีย์,2026-06-06,2026-06,089-xxx-1611,False,True,2026-07-05,2,150
C02194,ธีร,หญิง,25-34,False,B05,มหาวิทยาลัย,2025-10-02,2025-10,084-xxx-7771,False,True,2025-10-15,9,1160
C02195,นภัส,หญิง,45-54,False,B05,มหาวิทยาลัย,2025-05-21,2025-05,085-xxx-7150,False,True,2025-06-12,4,530
C02196,ศิริ,ชาย,35-44,False,B02,สีลม,2026-04-08,2026-04,081-xxx-3497,False,True,2026-05-21,5,639
C02197,ปิยะ,หญิง,35-44,False,B04,บางนา,2026-03-25,2026-03,083-xxx-3402,False,True,2026-03-25,10,1054
C02198,ปวีณ,ชาย,25-34,False,B01,สยาม,2025-06-04,2025-06,083-xxx-2396,False,True,2025-07-12,4,614
C02199,วีระ,ชาย,35-44,False,B05,มหาวิทยาลัย,2026-05-21,2026-05,084-xxx-5831,False,True,2026-06-24,7,995
C02200,ธนา,ชาย,35-44,False,B05,มหาวิทยาลัย,2025-08-27,2025-08,086-xxx-5349,False,True,2025-09-22,8,1079
C02201,สมชาย,หญิง,25-34,False,B05,มหาวิทยาลัย,2025-12-17,2025-12,083-xxx-7845,False,True,2025-12-29,15,1704
C02202,ภัทร,ชาย,ต่ำกว่า 18,True,B04,บางนา,2026-01-20,2026-01,084-xxx-1565,False,True,2026-01-25,8,1039
C02203,ปวีณ,หญิง,25-34,False,B03,อารีย์,2025-11-13,2025-11,081-xxx-3260,False,True,2025-11-23,12,1369
C02204,ธนา,หญิง,25-34,False,B02,สีลม,2025-04-01,2025-04,085-xxx-3373,False,True,2025-04-21,19,2971
C02205,ปิยะ,ชาย,55+,False,B02,สีลม,2025-09-27,2025-09,084-xxx-9156,False,True,2025-10-01,17,1590
C02206,เกศ,หญิง,25-34,False,B01,สยาม,2026-03-07,2026-03,085-xxx-2155,False,False,,0,0
C02207,ทิพย์,ชาย,35-44,False,B02,สีลม,2025-04-14,2025-04,081-xxx-4308,True,True,2025-05-29,13,1475
C02208,ศิริ,หญิง,18-24,False,B03,อารีย์,2026-03-16,2026-03,088-xxx-1259,False,True,2026-03-29,11,1785
C02209,ทิพย์,หญิง,55+,False,B04,บางนา,2025-06-11,2025-06,089-xxx-8534,False,True,2025-06-15,5,555
C02210,เกศ,ชาย,55+,False,B04,บางนา,2026-04-26,2026-04,087-xxx-9071,False,True,2026-04-30,4,464
C02211,ภูมิ,ชาย,25-34,False,B05,มหาวิทยาลัย,2026-03-17,2026-03,083-xxx-2411,False,True,2026-03-25,4,535
C02212,ศิริ,หญิง,55+,False,B04,บางนา,2026-06-04,2026-06,081-xxx-7638,False,True,2026-06-07,2,148
C02213,รัตนา,หญิง,25-34,False,B04,บางนา,2026-06-28,2026-06,085-xxx-6259,False,True,2026-08-31,1,130
C02214,ศิริ,หญิง,ต่ำกว่า 18,True,B03,อารีย์,2026-07-29,2026-07,087-xxx-3597,False,True,2026-08-01,2,385
C02215,ธนา,หญิง,45-54,False,B02,สีลม,2025-05-16,2025-05,087-xxx-6322,False,True,2025-05-24,10,1209
C02216,เกศ,หญิง,18-24,False,B04,บางนา,2026-03-26,2026-03,085-xxx-7239,False,True,2026-07-02,3,334
C02217,ภูมิ,ชาย,25-34,False,B05,มหาวิทยาลัย,2025-07-07,2025-07,081-xxx-3264,False,True,2025-07-14,19,2486
C02218,ศิริ,ชาย,45-54,False,B05,มหาวิทยาลัย,2025-10-02,2025-10,087-xxx-3835,False,True,2025-10-02,7,895
C02219,นภัส,หญิง,18-24,False,B02,สีลม,2026-09-08,2026-09,087-xxx-2577,False,False,,0,0
C02220,ปวีณ,หญิง,25-34,False,B04,บางนา,2025-11-17,2025-11,084-xxx-1286,False,True,2025-11-23,9,1330
C02221,ปิยะ,หญิง,25-34,False,B01,สยาม,2026-04-07,2026-04,086-xxx-1789,False,True,2026-04-10,3,350
C02222,วรรณ,หญิง,25-34,False,B02,สีลม,2026-08-25,2026-08,087-xxx-9979,False,True,2026-09-04,1,60
C02223,จิรา,ชาย,25-34,False,B03,อารีย์,2026-08-05,2026-08,086-xxx-8553,False,True,2026-08-10,2,230
C02224,ทิพย์,หญิง,25-34,False,B05,มหาวิทยาลัย,2025-12-14,2025-12,087-xxx-4221,False,True,2025-12-15,2,225
C02225,ธนา,หญิง,25-34,False,B05,มหาวิทยาลัย,2025-07-23,2025-07,088-xxx-6044,False,True,2025-08-15,2,150
C02226,สมชาย,ชาย,35-44,False,B01,สยาม,2026-05-25,2026-05,089-xxx-3064,False,True,2026-05-31,1,280
C02227,ภัทร,ชาย,55+,False,B05,มหาวิทยาลัย,2025-11-23,2025-11,084-xxx-3260,False,True,2025-12-19,4,404
C02228,รัตนา,หญิง,45-54,False,B05,มหาวิทยาลัย,2026-01-08,2026-01,084-xxx-5853,False,True,2026-04-23,1,150
C02229,ทิพย์,หญิง,25-34,False,B05,มหาวิทยาลัย,2026-06-14,2026-06,086-xxx-7038,False,True,2026-06-23,2,155
C02230,สุดา,หญิง,18-24,False,B02,สีลม,2026-03-16,2026-03,085-xxx-4984,False,False,,0,0
C02231,ณัฐ,ชาย,25-34,False,B04,บางนา,2026-07-08,2026-07,082-xxx-6980,False,True,2026-08-09,1,85
C02232,นภัส,หญิง,35-44,False,B04,บางนา,2026-03-10,2026-03,084-xxx-5885,False,True,2026-03-10,2,300
C02233,ณัฐ,หญิง,35-44,False,B03,อารีย์,2026-03-23,2026-03,089-xxx-9703,False,True,2026-03-25,4,848
C02234,รัตนา,ชาย,18-24,False,B01,สยาม,2025-10-28,2025-10,085-xxx-1874,False,True,2025-12-16,6,1045
C02235,กมล,หญิง,55+,False,B02,สีลม,2025-08-15,2025-08,087-xxx-2333,False,True,2025-08-17,10,1654
C02236,อัญชลี,หญิง,25-34,False,B05,มหาวิทยาลัย,2025-10-06,2025-10,082-xxx-4498,False,True,2025-10-31,9,1533
C02237,ปิยะ,หญิง,18-24,False,B02,สีลม,2025-07-27,2025-07,086-xxx-4358,False,True,2025-09-10,11,1988
C02238,วีระ,หญิง,25-34,False,B01,สยาม,2026-04-18,2026-04,088-xxx-7260,False,True,2026-04-21,7,770
C02239,สมชาย,หญิง,25-34,False,B01,สยาม,2025-12-31,2025-12,088-xxx-7151,False,True,2026-03-01,4,470
C02240,อัญชลี,ชาย,35-44,False,B04,บางนา,2025-06-02,2025-06,084-xxx-7249,False,True,2025-06-14,15,1744
C02241,จิรา,ชาย,35-44,False,B05,มหาวิทยาลัย,2026-01-03,2026-01,081-xxx-5544,False,False,,0,0
C02242,ธนา,ไม่ระบุ,45-54,False,B01,สยาม,2026-07-05,2026-07,088-xxx-1194,False,True,2026-07-17,1,75
C02243,ภูมิ,หญิง,35-44,False,B02,สีลม,2025-07-28,2025-07,081-xxx-8912,False,True,2025-08-02,3,424
C02244,กมล,ไม่ระบุ,55+,False,B02,สีลม,2025-05-04,2025-05,086-xxx-9965,False,True,2025-06-06,14,1829
C02245,กิตติ,ชาย,18-24,False,B02,สีลม,2026-09-03,2026-09,085-xxx-1660,False,False,,0,0
C02246,กมล,หญิง,25-34,False,B01,สยาม,2026-01-12,2026-01,083-xxx-9260,False,True,2026-01-12,5,609
C02247,จิรา,ชาย,25-34,False,B05,มหาวิทยาลัย,2026-03-16,2026-03,083-xxx-4319,False,True,2026-03-24,9,1189
C02248,อัญชลี,ชาย,35-44,False,B02,สีลม,2026-03-15,2026-03,081-xxx-4308,True,True,2026-04-09,3,730
C02249,ณัฐ,หญิง,35-44,False,B04,บางนา,2025-05-29,2025-05,082-xxx-5093,False,True,2025-06-10,2,214
C02250,กมล,ชาย,25-34,False,B05,มหาวิทยาลัย,2025-08-24,2025-08,086-xxx-6113,False,True,2025-09-16,3,219
C02251,วรรณ,ชาย,35-44,False,B02,สีลม,2026-01-31,2026-01,081-xxx-9881,False,True,2026-06-07,1,95
C02252,วรรณ,หญิง,25-34,False,B01,สยาม,2025-09-17,2025-09,086-xxx-1526,False,True,2025-10-17,16,2404
C02253,เกศ,ชาย,45-54,False,B05,มหาวิทยาลัย,2026-01-28,2026-01,089-xxx-2773,False,True,2026-03-28,3,464
C02254,รัตนา,หญิง,25-34,False,B05,มหาวิทยาลัย,2026-01-23,2026-01,089-xxx-7522,False,False,,0,0
C02255,ศิริ,หญิง,25-34,False,B01,สยาม,2025-08-20,2025-08,083-xxx-7272,False,True,2025-09-02,7,1119
C02256,กิตติ,หญิง,25-34,False,B02,สีลม,2025-09-29,2025-09,082-xxx-5978,False,True,2025-10-13,17,2831
C02257,ปวีณ,หญิง,25-34,False,B05,มหาวิทยาลัย,2026-01-04,2026-01,084-xxx-6300,False,True,2026-01-14,9,1139
C02258,นภัส,หญิง,25-34,False,B01,สยาม,2026-01-03,2026-01,083-xxx-6295,False,True,2026-01-11,9,1328
C02259,วีระ,หญิง,35-44,False,B03,อารีย์,2025-11-29,2025-11,086-xxx-9768,False,True,2025-12-11,4,640
C02260,สุดา,หญิง,25-34,False,B03,อารีย์,2025-12-29,2025-12,089-xxx-3340,False,True,2026-01-15,11,1416
C02261,เกศ,หญิง,25-34,False,B02,สีลม,2025-04-10,2025-04,082-xxx-1753,False,True,2025-07-26,10,1698
C02262,ธีร,หญิง,18-24,False,B05,มหาวิทยาลัย,2025-04-26,2025-04,087-xxx-7520,True,True,2025-04-29,15,1918
C02263,เกศ,ชาย,35-44,False,B03,อารีย์,2026-06-30,2026-06,081-xxx-9821,False,True,2026-07-03,3,410
C02264,อรุณ,ชาย,55+,False,B05,มหาวิทยาลัย,2025-11-17,2025-11,087-xxx-1832,False,True,2026-01-07,2,180
C02265,รัตนา,หญิง,35-44,False,B04,บางนา,2026-04-13,2026-04,083-xxx-3066,False,True,2026-06-01,2,485
C02266,มานพ,หญิง,45-54,False,B02,สีลม,2026-08-22,2026-08,087-xxx-2695,False,True,2026-08-24,2,145
C02267,ปิยะ,ชาย,25-34,False,B01,สยาม,2025-05-04,2025-05,082-xxx-5499,False,True,2025-06-15,26,3089
C02268,ศิริ,หญิง,45-54,False,B04,บางนา,2025-09-21,2025-09,088-xxx-4182,False,True,2025-09-27,11,1500
C02269,จิรา,ชาย,18-24,False,B02,สีลม,2026-03-28,2026-03,086-xxx-2639,False,True,2026-05-20,3,310
C02270,นภัส,ชาย,55+,False,B03,อารีย์,2026-01-13,2026-01,086-xxx-4680,False,True,2026-01-18,14,1299
C02271,ทิพย์,ชาย,45-54,False,B01,สยาม,2025-09-07,2025-09,083-xxx-2390,False,True,2025-09-19,8,1284
C02272,ณัฐ,ไม่ระบุ,55+,False,B05,มหาวิทยาลัย,2025-07-15,2025-07,089-xxx-8833,False,True,2025-07-30,9,1186
C02273,รัตนา,หญิง,25-34,False,B05,มหาวิทยาลัย,2025-08-07,2025-08,087-xxx-9970,False,True,2025-09-05,5,540
C02274,ปิยะ,หญิง,ต่ำกว่า 18,True,B05,มหาวิทยาลัย,2025-07-27,2025-07,081-xxx-1816,False,True,2025-08-22,8,1303
C02275,ศิริ,ไม่ระบุ,35-44,False,B04,บางนา,2026-01-26,2026-01,086-xxx-7092,False,True,2026-02-08,8,1060
C02276,กมล,ชาย,18-24,False,B01,สยาม,2026-08-17,2026-08,084-xxx-2691,False,True,2026-09-11,2,145
C02277,ทิพย์,หญิง,35-44,False,B05,มหาวิทยาลัย,2026-08-24,2026-08,084-xxx-2819,False,True,2026-09-06,1,65
C02278,วีระ,ชาย,25-34,False,B01,สยาม,2026-05-14,2026-05,087-xxx-5492,False,True,2026-05-31,1,65
C02279,นภัส,ชาย,18-24,False,B02,สีลม,2026-07-14,2026-07,088-xxx-8893,False,True,2026-07-17,1,270
C02280,รัตนา,ชาย,25-34,False,B02,สีลม,2025-09-15,2025-09,084-xxx-1434,False,True,2025-09-23,11,1020
C02281,กมล,หญิง,18-24,False,B03,อารีย์,2026-03-08,2026-03,084-xxx-9547,False,True,2026-03-30,12,1370
C02282,ปวีณ,หญิง,25-34,False,B02,สีลม,2025-05-08,2025-05,082-xxx-4357,True,True,2025-05-08,19,2632
C02283,กมล,ชาย,18-24,False,B02,สีลม,2025-12-28,2025-12,082-xxx-6913,False,True,2026-01-26,2,145
C02284,อรุณ,หญิง,18-24,False,B04,บางนา,2025-04-18,2025-04,089-xxx-1389,False,True,2025-04-26,30,3425
C02285,ปิยะ,ชาย,ต่ำกว่า 18,True,B03,อารีย์,2025-11-01,2025-11,087-xxx-6734,False,True,2025-11-04,14,1277
C02286,สุดา,ชาย,35-44,False,B01,สยาม,2025-07-02,2025-07,081-xxx-3078,False,True,2025-07-16,9,1335
C02287,นภัส,ชาย,35-44,False,B01,สยาม,2026-04-11,2026-04,082-xxx-3706,True,True,2026-04-16,1,75
C02288,ณัฐ,หญิง,25-34,False,B01,สยาม,2026-08-09,2026-08,084-xxx-4975,False,True,2026-08-14,1,313
C02289,จิรา,ชาย,25-34,False,B05,มหาวิทยาลัย,2026-06-03,2026-06,089-xxx-6549,False,True,2026-06-27,2,339
C02290,ณัฐ,ชาย,35-44,False,B02,สีลม,2025-04-13,2025-04,083-xxx-6792,False,True,2025-05-14,35,4339
C02291,ธนา,หญิง,55+,False,B05,มหาวิทยาลัย,2026-07-05,2026-07,084-xxx-8292,False,False,,0,0
C02292,ปวีณ,หญิง,45-54,False,B03,อารีย์,2026-02-27,2026-02,084-xxx-2022,False,True,2026-03-27,3,440
C02293,ศิริ,ชาย,25-34,False,B03,อารีย์,2026-03-28,2026-03,085-xxx-4015,False,True,2026-04-01,14,2382
C02294,อรุณ,หญิง,55+,False,B01,สยาม,2025-05-24,2025-05,084-xxx-6990,False,True,2025-06-01,6,840
C02295,อัญชลี,หญิง,35-44,False,B01,สยาม,2026-06-13,2026-06,083-xxx-4382,False,True,2026-08-08,3,335
C02296,นภัส,หญิง,25-34,False,B03,อารีย์,2026-02-02,2026-02,083-xxx-9170,False,True,2026-02-26,11,1454
C02297,ทิพย์,ชาย,35-44,False,B01,สยาม,2026-01-31,2026-01,081-xxx-9597,False,True,2026-03-11,2,150
C02298,วีระ,ชาย,35-44,False,B05,มหาวิทยาลัย,2026-05-22,2026-05,081-xxx-9073,False,True,2026-08-11,1,150
C02299,นภัส,ชาย,55+,False,B04,บางนา,2025-09-12,2025-09,088-xxx-8137,False,False,,0,0
C02300,ภัทร,หญิง,25-34,False,B01,สยาม,2025-09-15,2025-09,086-xxx-7124,False,True,2025-12-29,8,695
C02301,กิตติ,หญิง,25-34,False,B02,สีลม,2026-04-09,2026-04,088-xxx-7052,False,True,2026-05-05,2,250
C02302,อรุณ,ชาย,ต่ำกว่า 18,True,B04,บางนา,2025-08-16,2025-08,086-xxx-1722,False,True,2025-08-19,18,2144
C02303,ชนา,ชาย,25-34,False,B04,บางนา,2025-12-15,2025-12,089-xxx-2714,False,True,2026-01-10,19,2295
C02304,วรรณ,ชาย,18-24,False,B04,บางนา,2026-02-12,2026-02,082-xxx-9312,False,True,2026-03-13,4,429
C02305,ศิริ,หญิง,35-44,False,B05,มหาวิทยาลัย,2025-06-17,2025-06,088-xxx-5894,False,True,2025-07-02,20,2385
C02306,มานพ,หญิง,45-54,False,B01,สยาม,2026-03-24,2026-03,083-xxx-7349,False,True,2026-04-06,5,754
C02307,ภูมิ,ชาย,45-54,False,B05,มหาวิทยาลัย,2025-04-27,2025-04,083-xxx-4269,False,True,2025-05-16,10,1359
C02308,นภัส,หญิง,18-24,False,B03,อารีย์,2026-01-12,2026-01,082-xxx-1494,False,True,2026-01-17,11,938
C02309,กิตติ,หญิง,25-34,False,B05,มหาวิทยาลัย,2025-06-27,2025-06,085-xxx-3028,False,True,2025-07-03,2,120
C02310,กิตติ,หญิง,35-44,False,B01,สยาม,2025-07-13,2025-07,089-xxx-5574,False,True,2025-09-08,2,248
C02311,ณัฐ,ชาย,18-24,False,B01,สยาม,2025-06-23,2025-06,081-xxx-2060,False,True,2025-07-05,2,225
C02312,พิม,หญิง,25-34,False,B05,มหาวิทยาลัย,2026-01-29,2026-01,084-xxx-9358,False,True,2026-02-19,2,185
C02313,อรุณ,ชาย,25-34,False,B04,บางนา,2025-07-02,2025-07,086-xxx-1517,False,True,2025-07-02,14,2185
C02314,เกศ,หญิง,18-24,False,B02,สีลม,2026-02-28,2026-02,082-xxx-4989,False,True,2026-03-19,4,429
C02315,สุดา,ชาย,25-34,False,B02,สีลม,2026-03-16,2026-03,084-xxx-6577,False,True,2026-03-26,1,215
C02316,กมล,ไม่ระบุ,45-54,False,B05,มหาวิทยาลัย,2025-05-30,2025-05,082-xxx-9605,False,True,2025-06-10,14,1170
C02317,ณัฐ,หญิง,18-24,False,B04,บางนา,2025-05-04,2025-05,084-xxx-8225,False,True,2025-05-08,19,2364
C02318,เกศ,หญิง,55+,False,B04,บางนา,2026-04-05,2026-04,086-xxx-2064,False,True,2026-05-21,4,415
C02319,ทิพย์,หญิง,35-44,False,B05,มหาวิทยาลัย,2026-04-01,2026-04,087-xxx-6082,False,False,,0,0
C02320,ณัฐ,ชาย,55+,False,B05,มหาวิทยาลัย,2025-06-23,2025-06,081-xxx-7178,False,True,2025-07-11,5,1060
C02321,ธีร,ชาย,25-34,False,B03,อารีย์,2026-05-06,2026-05,089-xxx-1255,False,True,2026-05-11,3,359
C02322,อรุณ,หญิง,35-44,False,B05,มหาวิทยาลัย,2025-05-25,2025-05,086-xxx-9381,False,True,2025-06-10,4,464
C02323,เกศ,หญิง,45-54,False,B04,บางนา,2025-11-05,2025-11,088-xxx-6124,False,True,2025-11-07,5,375
C02324,มานพ,หญิง,18-24,False,B03,อารีย์,2026-06-24,2026-06,088-xxx-6284,False,False,,0,0
C02325,พิม,หญิง,45-54,False,B01,สยาม,2025-11-01,2025-11,089-xxx-8452,False,True,2026-02-15,5,515
C02326,เกศ,ชาย,18-24,False,B04,บางนา,2026-02-17,2026-02,088-xxx-6990,False,True,2026-02-27,6,1019
C02327,ทิพย์,หญิง,35-44,False,B04,บางนา,2026-06-29,2026-06,081-xxx-8179,False,True,2026-07-05,2,692
C02328,มานพ,ชาย,25-34,False,B01,สยาม,2025-09-09,2025-09,089-xxx-3346,False,True,2025-10-15,8,1253
C02329,พิม,หญิง,55+,False,B05,มหาวิทยาลัย,2026-04-11,2026-04,083-xxx-9405,False,False,,0,0
C02330,รัตนา,หญิง,25-34,False,B05,มหาวิทยาลัย,2025-04-04,2025-04,087-xxx-9704,False,True,2025-06-09,7,935
C02331,กมล,ชาย,35-44,False,B05,มหาวิทยาลัย,2026-03-13,2026-03,082-xxx-5010,False,True,2026-04-02,3,410
C02332,ปวีณ,ชาย,25-34,False,B03,อารีย์,2026-02-02,2026-02,081-xxx-2882,False,True,2026-02-25,13,1139
C02333,ชนา,ชาย,25-34,False,B05,มหาวิทยาลัย,2025-11-11,2025-11,089-xxx-5909,False,True,2025-11-21,5,725
C02334,วรรณ,ชาย,35-44,False,B01,สยาม,2026-04-03,2026-04,085-xxx-9424,False,True,2026-04-15,5,525
C02335,วรรณ,ไม่ระบุ,18-24,False,B05,มหาวิทยาลัย,2025-07-03,2025-07,082-xxx-8587,False,False,,0,0
C02336,รัตนา,ชาย,18-24,False,B01,สยาม,2025-04-17,2025-04,087-xxx-9622,False,True,2025-05-11,11,1315
C02337,สุดา,ชาย,25-34,False,B02,สีลม,2026-01-05,2026-01,084-xxx-1106,False,True,2026-01-19,11,1765
C02338,พิม,หญิง,35-44,False,B01,สยาม,2026-08-25,2026-08,087-xxx-4701,False,True,2026-09-01,1,55
C02339,ธีร,หญิง,25-34,False,B02,สีลม,2025-12-08,2025-12,082-xxx-3607,False,True,2026-01-01,18,2612
C02340,กิตติ,หญิง,18-24,False,B01,สยาม,2026-01-06,2026-01,082-xxx-3457,False,True,2026-01-11,5,885
C02341,อัญชลี,หญิง,45-54,False,B03,อารีย์,2026-06-04,2026-06,088-xxx-3207,False,True,2026-08-30,1,70
C02342,สุดา,ชาย,25-34,False,B02,สีลม,2026-04-16,2026-04,087-xxx-4076,False,True,2026-05-08,7,895
C02343,ณัฐ,หญิง,18-24,False,B03,อารีย์,2026-03-13,2026-03,082-xxx-7135,False,True,2026-04-08,8,864
C02344,ภัทร,ชาย,35-44,False,B04,บางนา,2025-08-23,2025-08,088-xxx-7980,False,True,2025-09-23,1,75
C02345,อัญชลี,ไม่ระบุ,35-44,False,B01,สยาม,2026-06-14,2026-06,087-xxx-2615,False,True,2026-06-21,6,1012
C02346,รัตนา,หญิง,18-24,False,B05,มหาวิทยาลัย,2025-11-06,2025-11,081-xxx-6912,False,True,2025-11-17,4,489
C02347,ธีร,ชาย,35-44,False,B02,สีลม,2025-12-28,2025-12,081-xxx-7043,False,True,2026-02-12,10,1388
C02348,อัญชลี,หญิง,25-34,False,B03,อารีย์,2026-01-01,2026-01,084-xxx-9536,False,True,2026-01-19,2,285
C02349,ธนา,หญิง,25-34,False,B05,มหาวิทยาลัย,2025-04-09,2025-04,081-xxx-3701,False,True,2025-04-11,4,583
C02350,กมล,หญิง,35-44,False,B02,สีลม,2026-01-05,2026-01,089-xxx-8013,False,True,2026-01-21,15,1947
C02351,กิตติ,หญิง,25-34,False,B05,มหาวิทยาลัย,2025-05-30,2025-05,082-xxx-3621,False,True,2025-06-17,14,2262
C02352,ชนา,หญิง,35-44,False,B05,มหาวิทยาลัย,2026-09-13,2026-09,087-xxx-1890,False,False,,0,0
C02353,อรุณ,หญิง,55+,False,B05,มหาวิทยาลัย,2026-08-12,2026-08,082-xxx-2375,False,False,,0,0
C02354,กมล,ชาย,18-24,False,B05,มหาวิทยาลัย,2025-07-27,2025-07,083-xxx-1825,False,True,2025-08-05,4,733
C02355,นภัส,ชาย,18-24,False,B05,มหาวิทยาลัย,2026-07-24,2026-07,083-xxx-3428,False,True,2026-08-03,3,687
C02356,พิม,ไม่ระบุ,35-44,False,B01,สยาม,2025-07-28,2025-07,086-xxx-7627,False,True,2025-08-05,16,2180
C02357,ณัฐ,ชาย,35-44,False,B05,มหาวิทยาลัย,2026-06-25,2026-06,088-xxx-6908,False,False,,0,0
C02358,อรุณ,ชาย,18-24,False,B01,สยาม,2025-04-07,2025-04,086-xxx-9585,False,True,2025-04-25,7,625
C02359,รัตนา,ชาย,25-34,False,B01,สยาม,2025-08-14,2025-08,086-xxx-2440,False,True,2025-08-19,12,1693
C02360,ธนา,ชาย,25-34,False,B01,สยาม,2026-02-27,2026-02,088-xxx-1215,False,False,,0,0
C02361,ศิริ,หญิง,45-54,False,B05,มหาวิทยาลัย,2025-11-09,2025-11,087-xxx-1283,False,True,2025-12-30,6,999
C02362,ปวีณ,ชาย,35-44,False,B01,สยาม,2025-07-18,2025-07,082-xxx-7086,False,True,2025-07-19,14,2323
C02363,สุดา,ชาย,55+,False,B02,สีลม,2025-11-30,2025-11,086-xxx-2766,False,True,2026-02-12,1,55
C02364,ธนา,ชาย,25-34,False,B01,สยาม,2025-06-23,2025-06,088-xxx-2370,False,True,2025-08-07,10,818
C02365,ปวีณ,หญิง,35-44,False,B04,บางนา,2026-06-21,2026-06,082-xxx-7868,False,True,2026-07-22,2,320
C02366,กมล,ชาย,45-54,False,B03,อารีย์,2026-01-25,2026-01,086-xxx-6634,False,True,2026-02-15,4,554
C02367,สุดา,หญิง,25-34,False,B04,บางนา,2026-05-21,2026-05,086-xxx-6102,False,True,2026-07-26,3,180
C02368,ปวีณ,หญิง,45-54,False,B04,บางนา,2025-11-17,2025-11,081-xxx-8378,False,True,2025-11-21,24,2934
C02369,ธนา,ชาย,25-34,False,B01,สยาม,2026-05-21,2026-05,088-xxx-9836,False,False,,0,0
C02370,สุดา,หญิง,25-34,False,B03,อารีย์,2026-01-31,2026-01,081-xxx-3274,False,True,2026-04-08,4,315
C02371,ทิพย์,หญิง,18-24,False,B05,มหาวิทยาลัย,2025-06-10,2025-06,087-xxx-7881,False,True,2025-06-15,6,725
C02372,กมล,หญิง,18-24,False,B05,มหาวิทยาลัย,2025-05-18,2025-05,087-xxx-8911,False,True,2025-06-04,14,1639
C02373,พิม,หญิง,25-34,False,B04,บางนา,2025-05-09,2025-05,086-xxx-2414,False,True,2025-05-12,26,3184
C02374,ชนา,ชาย,35-44,False,B05,มหาวิทยาลัย,2025-12-18,2025-12,087-xxx-8213,False,True,2026-02-27,3,490
C02375,อัญชลี,ชาย,45-54,False,B04,บางนา,2026-04-07,2026-04,089-xxx-1830,False,True,2026-05-03,1,175
C02376,ศิริ,หญิง,45-54,False,B05,มหาวิทยาลัย,2026-07-06,2026-07,085-xxx-1582,False,True,2026-07-25,1,335
C02377,ภัทร,หญิง,18-24,False,B02,สีลม,2025-10-23,2025-10,087-xxx-6594,False,True,2026-01-13,10,1184
C02378,รัตนา,ชาย,45-54,False,B03,อารีย์,2026-07-10,2026-07,087-xxx-3792,False,False,,0,0
C02379,ชนา,หญิง,35-44,False,B01,สยาม,2026-06-13,2026-06,087-xxx-2760,False,False,,0,0
C02380,กมล,ชาย,45-54,False,B02,สีลม,2026-03-08,2026-03,081-xxx-6903,False,True,2026-04-10,2,304
C02381,ปิยะ,ชาย,18-24,False,B01,สยาม,2026-03-15,2026-03,084-xxx-4000,False,True,2026-04-02,4,340
C02382,อรุณ,ชาย,25-34,False,B03,อารีย์,2026-03-01,2026-03,082-xxx-2512,False,True,2026-03-03,13,1685
C02383,ภูมิ,ชาย,18-24,False,B01,สยาม,2026-04-28,2026-04,088-xxx-4841,False,True,2026-05-05,5,980
C02384,กมล,ชาย,18-24,False,B01,สยาม,2026-06-19,2026-06,083-xxx-8136,False,True,2026-06-25,2,154
C02385,วีระ,หญิง,35-44,False,B03,อารีย์,2026-05-13,2026-05,087-xxx-5576,False,True,2026-05-16,6,440
C02386,ธนา,ชาย,35-44,False,B03,อารีย์,2026-05-21,2026-05,084-xxx-2173,False,True,2026-07-10,2,160
C02387,ปิยะ,หญิง,45-54,False,B05,มหาวิทยาลัย,2025-04-17,2025-04,084-xxx-6679,False,False,,0,0
C02388,ศิริ,หญิง,55+,False,B05,มหาวิทยาลัย,2025-06-01,2025-06,082-xxx-1586,False,True,2025-06-02,11,1774
C02389,อรุณ,ชาย,18-24,False,B03,อารีย์,2026-04-29,2026-04,086-xxx-1943,False,True,2026-05-04,5,320
C02390,ปิยะ,หญิง,18-24,False,B04,บางนา,2026-05-29,2026-05,084-xxx-2701,True,True,2026-09-17,1,65
C02391,นภัส,ชาย,25-34,False,B05,มหาวิทยาลัย,2025-12-02,2025-12,085-xxx-4411,False,True,2025-12-23,8,850
C02392,เกศ,ชาย,55+,False,B04,บางนา,2025-12-15,2025-12,088-xxx-4472,False,True,2026-01-03,4,623
C02393,รัตนา,ชาย,55+,False,B01,สยาม,2025-10-06,2025-10,083-xxx-5883,False,True,2025-10-28,9,864
C02394,พิม,หญิง,18-24,False,B03,อารีย์,2026-03-28,2026-03,083-xxx-8407,False,True,2026-05-25,2,238
C02395,วรรณ,ชาย,18-24,False,B04,บางนา,2026-06-09,2026-06,082-xxx-8567,False,True,2026-08-08,1,70
C02396,สุดา,หญิง,25-34,False,B03,อารีย์,2025-11-14,2025-11,083-xxx-4715,False,True,2025-11-27,10,1299
C02397,ศิริ,หญิง,45-54,False,B03,อารีย์,2026-05-05,2026-05,089-xxx-4162,False,True,2026-05-12,2,87
C02398,เกศ,หญิง,35-44,False,B05,มหาวิทยาลัย,2025-05-15,2025-05,087-xxx-3029,False,True,2025-07-12,8,705
C02399,กมล,ชาย,18-24,False,B02,สีลม,2025-09-30,2025-09,086-xxx-7445,False,True,2025-12-12,9,934
C02400,เกศ,หญิง,25-34,False,B01,สยาม,2026-07-10,2026-07,085-xxx-9127,False,False,,0,0
C02401,ศิริ,หญิง,18-24,False,B02,สีลม,2026-01-06,2026-01,082-xxx-9050,False,False,,0,0
C02402,ปวีณ,ชาย,55+,False,B01,สยาม,2025-10-15,2025-10,085-xxx-3475,False,False,,0,0
C02403,ปวีณ,หญิง,ต่ำกว่า 18,True,B01,สยาม,2026-01-10,2026-01,084-xxx-7629,False,True,2026-02-15,4,359
C02404,อรุณ,ชาย,25-34,False,B04,บางนา,2025-08-01,2025-08,089-xxx-2167,False,True,2025-08-13,14,2272
C02405,ทิพย์,ชาย,55+,False,B04,บางนา,2025-09-22,2025-09,082-xxx-8751,False,True,2025-09-29,7,1132
C02406,ปิยะ,ชาย,35-44,False,B02,สีลม,2025-12-19,2025-12,087-xxx-1451,False,False,,0,0
C02407,สมชาย,หญิง,18-24,False,B04,บางนา,2025-12-06,2025-12,088-xxx-2674,False,True,2025-12-10,1,95
C02408,ทิพย์,ชาย,ต่ำกว่า 18,True,B05,มหาวิทยาลัย,2026-04-22,2026-04,088-xxx-2147,False,True,2026-04-25,3,339
C02409,นภัส,ไม่ระบุ,45-54,False,B05,มหาวิทยาลัย,2026-06-25,2026-06,088-xxx-6771,False,False,,0,0
C02410,อรุณ,หญิง,35-44,False,B03,อารีย์,2026-01-07,2026-01,084-xxx-7846,False,True,2026-01-21,9,994
C02411,มานพ,หญิง,55+,False,B02,สีลม,2025-10-20,2025-10,087-xxx-7243,False,True,2025-10-29,9,987
C02412,อัญชลี,ชาย,45-54,False,B03,อารีย์,2026-01-06,2026-01,087-xxx-1663,False,True,2026-02-01,22,2319
C02413,จิรา,หญิง,18-24,False,B03,อารีย์,2026-07-06,2026-07,083-xxx-8099,False,True,2026-07-22,3,225
C02414,มานพ,หญิง,25-34,False,B02,สีลม,2026-06-30,2026-06,086-xxx-5983,False,True,2026-07-03,2,205
C02415,นภัส,ชาย,25-34,False,B05,มหาวิทยาลัย,2026-08-10,2026-08,082-xxx-8328,False,False,,0,0
C02416,ณัฐ,ชาย,18-24,False,B05,มหาวิทยาลัย,2026-01-13,2026-01,085-xxx-1089,False,True,2026-02-05,4,305
C02417,ภูมิ,หญิง,25-34,False,B03,อารีย์,2026-07-18,2026-07,084-xxx-7879,False,True,2026-08-11,2,480
C02418,ทิพย์,หญิง,55+,False,B03,อารีย์,2026-02-15,2026-02,081-xxx-8873,False,True,2026-03-11,10,1317
C02419,ธนา,ชาย,35-44,False,B05,มหาวิทยาลัย,2025-04-20,2025-04,086-xxx-5102,False,True,2025-05-09,1,95
C02420,สุดา,หญิง,45-54,False,B01,สยาม,2025-09-16,2025-09,081-xxx-4349,False,True,2025-10-04,3,370
C02421,ภูมิ,ชาย,25-34,False,B01,สยาม,2025-07-10,2025-07,089-xxx-4287,False,True,2025-07-23,11,1419
C02422,ปวีณ,หญิง,45-54,False,B03,อารีย์,2026-06-09,2026-06,083-xxx-7396,False,True,2026-06-16,2,435
C02423,ภูมิ,หญิง,25-34,False,B04,บางนา,2025-10-24,2025-10,087-xxx-9971,False,True,2025-11-01,4,315
C02424,นภัส,ชาย,35-44,False,B05,มหาวิทยาลัย,2025-08-18,2025-08,085-xxx-5826,False,True,2025-09-10,9,949
C02425,ปิยะ,หญิง,35-44,False,B04,บางนา,2025-10-25,2025-10,089-xxx-4049,False,True,2025-11-01,8,989
C02426,ทิพย์,ชาย,18-24,False,B02,สีลม,2025-09-04,2025-09,089-xxx-6634,False,True,2025-09-15,14,1813
C02427,กิตติ,ชาย,25-34,False,B01,สยาม,2026-08-13,2026-08,087-xxx-7597,False,False,,0,0
C02428,ภูมิ,ชาย,55+,False,B01,สยาม,2025-04-28,2025-04,086-xxx-8059,False,True,2025-04-30,6,730
C02429,สมชาย,หญิง,35-44,False,B02,สีลม,2026-04-23,2026-04,087-xxx-7267,False,True,2026-05-07,6,1470
C02430,ศิริ,ชาย,18-24,False,B05,มหาวิทยาลัย,2025-11-18,2025-11,083-xxx-9328,False,True,2025-12-12,3,285
C02431,ชนา,หญิง,18-24,False,B05,มหาวิทยาลัย,2026-08-22,2026-08,088-xxx-7803,False,False,,0,0
C02432,ศิริ,หญิง,ต่ำกว่า 18,True,B04,บางนา,2025-10-13,2025-10,088-xxx-8001,False,True,2025-10-21,16,2273
C02433,จิรา,หญิง,45-54,False,B05,มหาวิทยาลัย,2026-04-12,2026-04,087-xxx-6089,False,True,2026-05-01,6,960
C02434,ธีร,ชาย,18-24,False,B05,มหาวิทยาลัย,2025-06-24,2025-06,086-xxx-1678,False,True,2025-07-07,6,1006
C02435,ชนา,ชาย,18-24,False,B05,มหาวิทยาลัย,2025-09-29,2025-09,089-xxx-4729,False,True,2025-11-22,2,460
C02436,พิม,ชาย,18-24,False,B03,อารีย์,2026-06-10,2026-06,088-xxx-5773,False,True,2026-06-25,1,55
C02437,รัตนา,ชาย,ต่ำกว่า 18,True,B05,มหาวิทยาลัย,2025-08-08,2025-08,086-xxx-3705,False,True,2025-08-10,12,1680
C02438,ทิพย์,หญิง,18-24,False,B03,อารีย์,2025-12-05,2025-12,082-xxx-9054,False,True,2025-12-07,7,799
C02439,ปวีณ,หญิง,ต่ำกว่า 18,True,B01,สยาม,2026-03-19,2026-03,087-xxx-3004,False,True,2026-03-25,5,655
C02440,ภัทร,หญิง,25-34,False,B03,อารีย์,2026-01-24,2026-01,083-xxx-1373,False,True,2026-01-30,9,1198
C02441,รัตนา,หญิง,35-44,False,B05,มหาวิทยาลัย,2026-04-10,2026-04,089-xxx-9920,False,False,,0,0
C02442,มานพ,ชาย,35-44,False,B03,อารีย์,2025-12-29,2025-12,081-xxx-5430,False,True,2026-01-23,9,1224
C02443,ภูมิ,ชาย,25-34,False,B04,บางนา,2026-08-21,2026-08,085-xxx-8928,True,True,2026-08-24,2,155
C02444,ชนา,หญิง,18-24,False,B05,มหาวิทยาลัย,2026-04-14,2026-04,083-xxx-7588,False,False,,0,0
C02445,เกศ,หญิง,55+,False,B01,สยาม,2026-02-15,2026-02,083-xxx-7929,False,True,2026-02-21,3,335
C02446,รัตนา,หญิง,25-34,False,B01,สยาม,2025-04-02,2025-04,088-xxx-2642,False,True,2025-04-06,19,3264
C02447,จิรา,ชาย,18-24,False,B03,อารีย์,2026-05-21,2026-05,085-xxx-3438,False,True,2026-06-24,1,65
C02448,นภัส,หญิง,35-44,False,B02,สีลม,2026-05-11,2026-05,085-xxx-6619,False,True,2026-06-17,1,120
C02449,นภัส,หญิง,55+,False,B02,สีลม,2026-01-24,2026-01,081-xxx-2157,False,True,2026-02-23,3,185
C02450,ณัฐ,หญิง,45-54,False,B02,สีลม,2025-10-09,2025-10,086-xxx-3404,False,True,2025-10-21,1,60
C02451,ชนา,ชาย,25-34,False,B05,มหาวิทยาลัย,2026-04-09,2026-04,083-xxx-3415,False,True,2026-04-13,2,464
C02452,เกศ,หญิง,18-24,False,B05,มหาวิทยาลัย,2025-12-12,2025-12,087-xxx-6842,False,True,2025-12-18,1,20
C02453,จิรา,หญิง,45-54,False,B02,สีลม,2026-06-13,2026-06,083-xxx-1902,False,True,2026-07-01,4,405
C02454,พิม,หญิง,25-34,False,B03,อารีย์,2026-04-23,2026-04,087-xxx-1165,False,True,2026-05-02,12,1642
C02455,วรรณ,หญิง,45-54,False,B02,สีลม,2026-05-31,2026-05,084-xxx-8295,False,True,2026-08-17,4,767
C02456,ภัทร,ชาย,35-44,False,B01,สยาม,2025-09-21,2025-09,084-xxx-3785,False,True,2025-11-01,8,960
C02457,วรรณ,หญิง,35-44,False,B03,อารีย์,2026-09-01,2026-09,087-xxx-7886,False,False,,0,0
C02458,นภัส,หญิง,45-54,False,B02,สีลม,2026-03-16,2026-03,083-xxx-5576,False,True,2026-04-10,5,914
C02459,เกศ,หญิง,45-54,False,B05,มหาวิทยาลัย,2026-07-29,2026-07,088-xxx-3180,False,False,,0,0
C02460,ณัฐ,หญิง,55+,False,B01,สยาม,2026-02-03,2026-02,084-xxx-5183,False,True,2026-02-25,8,765
C02461,สมชาย,ชาย,18-24,False,B04,บางนา,2025-07-28,2025-07,082-xxx-6494,False,True,2025-08-23,3,383
C02462,สุดา,หญิง,35-44,False,B01,สยาม,2026-04-20,2026-04,088-xxx-4738,False,True,2026-04-24,1,45
C02463,กิตติ,ชาย,ต่ำกว่า 18,True,B04,บางนา,2026-02-03,2026-02,085-xxx-4175,False,True,2026-02-22,4,250
C02464,ธนา,ชาย,45-54,False,B04,บางนา,2025-11-27,2025-11,089-xxx-7818,False,True,2025-12-20,5,790
C02465,ภูมิ,หญิง,35-44,False,B02,สีลม,2026-08-23,2026-08,083-xxx-3554,False,True,2026-09-12,2,235
C02466,วีระ,หญิง,25-34,False,B01,สยาม,2025-12-31,2025-12,081-xxx-2925,False,False,,0,0
C02467,นภัส,หญิง,18-24,False,B02,สีลม,2026-05-02,2026-05,081-xxx-2289,False,True,2026-08-29,1,95
C02468,สุดา,หญิง,25-34,False,B02,สีลม,2026-08-20,2026-08,084-xxx-6955,False,False,,0,0
C02469,จิรา,หญิง,18-24,False,B05,มหาวิทยาลัย,2026-07-05,2026-07,083-xxx-9877,False,False,,0,0
C02470,ธนา,ชาย,45-54,False,B01,สยาม,2026-07-14,2026-07,086-xxx-2679,False,True,2026-07-16,2,95
C02471,วีระ,หญิง,25-34,False,B03,อารีย์,2026-07-06,2026-07,086-xxx-6841,False,True,2026-07-12,3,465
C02472,ธีร,ชาย,18-24,False,B05,มหาวิทยาลัย,2026-08-14,2026-08,086-xxx-8459,False,True,2026-08-20,1,210
C02473,ณัฐ,หญิง,25-34,False,B04,บางนา,2026-01-20,2026-01,089-xxx-3668,False,True,2026-01-24,2,130
C02474,กิตติ,ชาย,18-24,False,B05,มหาวิทยาลัย,2025-11-25,2025-11,089-xxx-7752,False,True,2025-12-01,6,825
C02475,ธีร,ชาย,35-44,False,B01,สยาม,2026-08-06,2026-08,087-xxx-2446,False,True,2026-08-11,6,715
C02476,ชนา,ชาย,35-44,False,B02,สีลม,2026-05-03,2026-05,087-xxx-2667,False,True,2026-05-05,7,694
C02477,ทิพย์,หญิง,ต่ำกว่า 18,True,B01,สยาม,2025-06-22,2025-06,083-xxx-6492,False,True,2025-06-28,8,1490
C02478,วรรณ,ชาย,25-34,False,B04,บางนา,2025-12-03,2025-12,085-xxx-6885,False,True,2025-12-10,13,1665
C02479,วรรณ,ชาย,18-24,False,B05,มหาวิทยาลัย,2026-06-09,2026-06,089-xxx-6138,False,False,,0,0
C02480,อรุณ,หญิง,35-44,False,B01,สยาม,2025-07-01,2025-07,084-xxx-7813,False,True,2025-07-07,12,1313
C02481,ปิยะ,หญิง,25-34,False,B04,บางนา,2026-01-19,2026-01,083-xxx-3164,False,True,2026-02-05,6,847
C02482,จิรา,หญิง,18-24,False,B04,บางนา,2025-07-11,2025-07,088-xxx-4262,False,True,2025-08-04,16,2254
C02483,สมชาย,หญิง,18-24,False,B01,สยาม,2026-03-12,2026-03,082-xxx-5945,False,True,2026-03-23,3,355
C02484,ภัทร,หญิง,35-44,False,B05,มหาวิทยาลัย,2026-01-29,2026-01,089-xxx-4881,False,True,2026-02-02,6,695
C02485,ปวีณ,หญิง,55+,False,B05,มหาวิทยาลัย,2025-08-26,2025-08,088-xxx-8522,False,True,2025-10-02,6,430
C02486,นภัส,หญิง,18-24,False,B01,สยาม,2025-05-29,2025-05,086-xxx-2826,False,True,2025-07-16,11,1639
C02487,อัญชลี,หญิง,45-54,False,B02,สีลม,2026-09-04,2026-09,083-xxx-5083,True,True,2026-09-18,1,65
C02488,มานพ,หญิง,25-34,False,B03,อารีย์,2026-01-13,2026-01,082-xxx-3682,False,True,2026-01-19,9,1510
C02489,จิรา,หญิง,35-44,False,B05,มหาวิทยาลัย,2026-07-06,2026-07,083-xxx-4056,False,True,2026-07-26,2,180
C02490,กมล,หญิง,35-44,False,B04,บางนา,2025-05-17,2025-05,085-xxx-9184,False,True,2025-05-19,3,240
C02491,ธนา,ไม่ระบุ,18-24,False,B01,สยาม,2025-12-29,2025-12,087-xxx-6324,False,True,2026-03-05,2,250
C02492,ภัทร,หญิง,18-24,False,B01,สยาม,2025-05-25,2025-05,088-xxx-6179,False,True,2025-06-06,15,1529
C02493,ภัทร,หญิง,18-24,False,B05,มหาวิทยาลัย,2025-08-24,2025-08,087-xxx-6141,False,True,2025-08-29,1,105
C02494,นภัส,ไม่ระบุ,35-44,False,B05,มหาวิทยาลัย,2026-06-11,2026-06,088-xxx-9309,False,False,,0,0
C02495,ภูมิ,หญิง,18-24,False,B05,มหาวิทยาลัย,2026-07-24,2026-07,086-xxx-2827,False,False,,0,0
C02496,ชนา,ชาย,35-44,False,B03,อารีย์,2026-05-24,2026-05,084-xxx-2215,False,True,2026-06-03,2,125
C02497,ภูมิ,หญิง,25-34,False,B02,สีลม,2026-08-14,2026-08,086-xxx-7915,False,False,,0,0
C02498,นภัส,ชาย,25-34,False,B01,สยาม,2025-11-14,2025-11,086-xxx-8193,False,True,2025-11-26,1,65
C02499,ภัทร,หญิง,18-24,False,B02,สีลม,2026-06-24,2026-06,081-xxx-6749,False,True,2026-07-21,1,234
C02500,ภูมิ,ชาย,35-44,False,B04,บางนา,2025-07-29,2025-07,083-xxx-9058,False,True,2025-08-29,6,763
C02501,ณัฐ,หญิง,25-34,False,B02,สีลม,2025-12-07,2025-12,081-xxx-9058,False,True,2026-01-21,8,890
C02502,วรรณ,หญิง,35-44,False,B03,อารีย์,2026-08-31,2026-08,086-xxx-4924,False,False,,0,0
C02503,จิรา,หญิง,25-34,False,B01,สยาม,2025-04-20,2025-04,089-xxx-1648,False,True,2025-05-03,7,873
C02504,ปวีณ,หญิง,35-44,False,B01,สยาม,2025-04-04,2025-04,087-xxx-2785,False,True,2025-05-25,11,1192
C02505,ธนา,หญิง,ต่ำกว่า 18,True,B01,สยาม,2026-08-05,2026-08,082-xxx-2425,False,False,,0,0
C02506,กิตติ,ชาย,25-34,False,B04,บางนา,2026-09-06,2026-09,086-xxx-3918,False,False,,0,0
C02507,ธีร,ชาย,25-34,False,B03,อารีย์,2025-12-03,2025-12,088-xxx-9257,False,True,2025-12-20,13,1999
C02508,อัญชลี,หญิง,55+,False,B01,สยาม,2026-01-30,2026-01,083-xxx-9869,False,False,,0,0
C02509,วรรณ,หญิง,35-44,False,B05,มหาวิทยาลัย,2025-09-20,2025-09,085-xxx-9228,False,True,2025-09-23,11,1194
C02510,ศิริ,ชาย,55+,False,B04,บางนา,2025-12-27,2025-12,088-xxx-4566,False,True,2026-02-22,9,1124
C02511,ธีร,หญิง,25-34,False,B01,สยาม,2026-08-16,2026-08,086-xxx-1566,False,False,,0,0
C02512,นภัส,ชาย,18-24,False,B02,สีลม,2025-12-24,2025-12,086-xxx-8664,False,True,2026-01-30,3,300
C02513,สมชาย,ชาย,25-34,False,B05,มหาวิทยาลัย,2026-02-26,2026-02,088-xxx-5048,False,True,2026-03-18,5,534
C02514,ธนา,ชาย,25-34,False,B01,สยาม,2026-02-01,2026-02,089-xxx-9741,False,True,2026-03-04,6,788
C02515,มานพ,หญิง,18-24,False,B01,สยาม,2025-09-07,2025-09,085-xxx-5315,False,True,2025-11-03,3,290
C02516,กิตติ,หญิง,25-34,False,B02,สีลม,2026-01-25,2026-01,087-xxx-6337,False,True,2026-02-19,11,1183
C02517,นภัส,หญิง,18-24,False,B01,สยาม,2026-08-07,2026-08,083-xxx-3248,False,True,2026-09-11,1,89
C02518,ปิยะ,ไม่ระบุ,45-54,False,B04,บางนา,2026-08-10,2026-08,087-xxx-1775,False,True,2026-08-31,2,350
C02519,วีระ,หญิง,18-24,False,B02,สีลม,2026-06-19,2026-06,086-xxx-6019,False,False,,0,0
C02520,นภัส,ชาย,55+,False,B03,อารีย์,2026-05-04,2026-05,083-xxx-8771,False,True,2026-08-17,1,120
C02521,สุดา,หญิง,25-34,False,B04,บางนา,2025-04-14,2025-04,087-xxx-2111,False,True,2025-04-18,32,3690
C02522,พิม,หญิง,35-44,False,B02,สีลม,2025-12-23,2025-12,082-xxx-2519,False,True,2025-12-25,1,160
C02523,ธีร,หญิง,25-34,False,B05,มหาวิทยาลัย,2025-05-03,2025-05,088-xxx-8387,False,True,2025-05-21,7,679
C02524,เกศ,ชาย,18-24,False,B05,มหาวิทยาลัย,2025-09-09,2025-09,085-xxx-7777,False,True,2025-09-24,6,535
C02525,ภูมิ,ไม่ระบุ,35-44,False,B03,อารีย์,2026-03-23,2026-03,085-xxx-2682,False,True,2026-03-24,12,1403
C02526,อัญชลี,หญิง,25-34,False,B03,อารีย์,2026-01-26,2026-01,082-xxx-8739,False,True,2026-02-13,15,2068
C02527,ณัฐ,ชาย,18-24,False,B01,สยาม,2025-11-09,2025-11,081-xxx-4012,False,True,2025-11-14,4,374
C02528,มานพ,หญิง,35-44,False,B04,บางนา,2025-07-06,2025-07,088-xxx-1165,False,True,2025-07-06,15,2143
C02529,อัญชลี,หญิง,55+,False,B05,มหาวิทยาลัย,2026-05-28,2026-05,085-xxx-4416,False,True,2026-07-13,1,65
C02530,ปิยะ,หญิง,25-34,False,B03,อารีย์,2026-02-01,2026-02,088-xxx-1439,False,True,2026-02-02,7,829
C02531,ปวีณ,หญิง,35-44,False,B02,สีลม,2025-05-20,2025-05,089-xxx-8395,False,True,2025-05-28,12,1375
C02532,ณัฐ,หญิง,18-24,False,B01,สยาม,2026-06-20,2026-06,082-xxx-8948,False,True,2026-07-05,3,633
C02533,สมชาย,ชาย,25-34,False,B03,อารีย์,2026-01-20,2026-01,084-xxx-6272,False,True,2026-01-22,8,1095
C02534,วรรณ,หญิง,45-54,False,B01,สยาม,2025-04-26,2025-04,089-xxx-4472,False,True,2025-05-17,4,480
C02535,วีระ,ชาย,25-34,False,B01,สยาม,2025-12-12,2025-12,086-xxx-3745,False,True,2025-12-15,7,1345
C02536,ธีร,ชาย,25-34,False,B01,สยาม,2026-06-06,2026-06,084-xxx-8238,False,True,2026-07-18,6,890
C02537,ปวีณ,หญิง,18-24,False,B05,มหาวิทยาลัย,2026-07-26,2026-07,088-xxx-1198,True,True,2026-07-30,1,125
C02538,ปวีณ,ชาย,45-54,False,B04,บางนา,2025-08-15,2025-08,081-xxx-4703,False,True,2025-08-20,15,2085
C02539,ณัฐ,หญิง,25-34,False,B05,มหาวิทยาลัย,2025-12-03,2025-12,082-xxx-3730,False,True,2025-12-19,4,570
C02540,วีระ,ชาย,18-24,False,B03,อารีย์,2026-01-24,2026-01,085-xxx-3913,False,True,2026-01-28,17,2456
C02541,รัตนา,ชาย,25-34,False,B04,บางนา,2025-10-10,2025-10,085-xxx-5801,False,True,2025-10-29,9,1105
C02542,อัญชลี,ชาย,55+,False,B03,อารีย์,2026-02-19,2026-02,081-xxx-1343,False,False,,0,0
C02543,จิรา,หญิง,18-24,False,B02,สีลม,2025-05-18,2025-05,087-xxx-9828,False,False,,0,0
C02544,ธีร,ชาย,18-24,False,B01,สยาม,2026-05-09,2026-05,086-xxx-1801,False,False,,0,0
C02545,วีระ,ชาย,18-24,False,B04,บางนา,2026-05-06,2026-05,085-xxx-9375,False,True,2026-06-03,4,390
C02546,กิตติ,ชาย,18-24,False,B03,อารีย์,2026-07-24,2026-07,089-xxx-9058,False,False,,0,0
C02547,วรรณ,หญิง,35-44,False,B03,อารีย์,2026-06-07,2026-06,089-xxx-4180,False,True,2026-06-07,7,948
C02548,เกศ,หญิง,35-44,False,B05,มหาวิทยาลัย,2026-03-07,2026-03,082-xxx-1298,False,True,2026-04-23,6,829
C02549,ทิพย์,ชาย,18-24,False,B05,มหาวิทยาลัย,2026-07-27,2026-07,081-xxx-9650,False,True,2026-08-19,1,85
C02550,ภัทร,หญิง,55+,False,B02,สีลม,2026-07-08,2026-07,087-xxx-1476,True,False,,0,0
C02551,มานพ,หญิง,25-34,False,B02,สีลม,2026-09-13,2026-09,083-xxx-7911,False,False,,0,0
C02552,พิม,หญิง,55+,False,B03,อารีย์,2026-06-05,2026-06,083-xxx-3699,False,True,2026-07-05,1,65
C02553,กมล,หญิง,55+,False,B02,สีลม,2025-09-15,2025-09,082-xxx-8085,False,True,2025-12-12,10,1238
C02554,ธนา,หญิง,25-34,False,B02,สีลม,2026-07-26,2026-07,089-xxx-3505,False,True,2026-08-06,2,224
C02555,ธนา,ชาย,25-34,False,B01,สยาม,2026-07-19,2026-07,087-xxx-9028,False,True,2026-09-08,1,65
C02556,วีระ,หญิง,18-24,False,B01,สยาม,2026-08-03,2026-08,085-xxx-1889,False,True,2026-09-04,1,75
C02557,ปิยะ,หญิง,55+,False,B04,บางนา,2025-08-02,2025-08,083-xxx-8479,False,True,2025-08-14,6,1215
C02558,ภัทร,ชาย,45-54,False,B03,อารีย์,2026-08-23,2026-08,083-xxx-3717,False,True,2026-08-26,1,140
C02559,มานพ,ชาย,18-24,False,B02,สีลม,2025-11-22,2025-11,082-xxx-3706,True,True,2026-01-09,6,555
C02560,ธีร,หญิง,45-54,False,B04,บางนา,2026-01-14,2026-01,086-xxx-6293,False,True,2026-01-22,7,1149
C02561,สมชาย,ชาย,25-34,False,B01,สยาม,2025-10-14,2025-10,087-xxx-3900,False,True,2025-10-15,6,858
C02562,ธนา,หญิง,35-44,False,B05,มหาวิทยาลัย,2025-08-20,2025-08,089-xxx-7992,False,True,2025-10-04,5,844
C02563,ธนา,ชาย,35-44,False,B01,สยาม,2026-05-28,2026-05,088-xxx-8105,False,True,2026-05-31,3,380
C02564,ปวีณ,ชาย,18-24,False,B04,บางนา,2026-01-04,2026-01,085-xxx-9380,False,False,,0,0
C02565,ปิยะ,หญิง,25-34,False,B01,สยาม,2025-12-11,2025-12,089-xxx-4799,False,False,,0,0
C02566,ศิริ,หญิง,35-44,False,B05,มหาวิทยาลัย,2026-08-04,2026-08,083-xxx-9586,False,False,,0,0
C02567,ปวีณ,หญิง,55+,False,B05,มหาวิทยาลัย,2026-04-08,2026-04,083-xxx-4604,False,True,2026-04-25,2,130
C02568,ธนา,หญิง,35-44,False,B02,สีลม,2025-07-28,2025-07,082-xxx-6868,False,True,2025-08-19,2,150
C02569,มานพ,ชาย,45-54,False,B02,สีลม,2026-09-04,2026-09,083-xxx-9950,False,True,2026-09-16,1,75
C02570,ธนา,ชาย,18-24,False,B05,มหาวิทยาลัย,2026-03-01,2026-03,085-xxx-7427,False,False,,0,0
C02571,พิม,ชาย,25-34,False,B05,มหาวิทยาลัย,2026-01-23,2026-01,086-xxx-6476,False,False,,0,0
C02572,รัตนา,ชาย,35-44,False,B05,มหาวิทยาลัย,2025-11-22,2025-11,084-xxx-8793,False,True,2025-12-14,2,270
C02573,ธีร,หญิง,45-54,False,B02,สีลม,2025-07-22,2025-07,085-xxx-1176,False,True,2025-11-08,3,385
C02574,ภัทร,หญิง,25-34,False,B01,สยาม,2025-08-19,2025-08,081-xxx-9201,False,True,2025-10-05,20,2386
C02575,ศิริ,หญิง,25-34,False,B04,บางนา,2025-10-01,2025-10,084-xxx-1266,True,True,2025-10-05,8,935
C02576,ภัทร,หญิง,18-24,False,B04,บางนา,2025-07-28,2025-07,083-xxx-3364,False,True,2025-08-10,21,3476
C02577,ปิยะ,หญิง,35-44,False,B01,สยาม,2025-08-13,2025-08,083-xxx-1809,False,True,2025-09-19,1,85
C02578,ชนา,ชาย,18-24,False,B03,อารีย์,2026-07-13,2026-07,088-xxx-7836,False,True,2026-07-30,1,85
C02579,ภูมิ,หญิง,25-34,False,B02,สีลม,2025-07-08,2025-07,081-xxx-4791,False,True,2025-10-21,3,390
C02580,ปวีณ,ชาย,35-44,False,B03,อารีย์,2026-05-27,2026-05,083-xxx-4038,False,True,2026-07-06,2,544
C02581,มานพ,ชาย,25-34,False,B03,อารีย์,2026-06-13,2026-06,083-xxx-7961,False,True,2026-07-08,2,319
C02582,ปิยะ,หญิง,25-34,False,B03,อารีย์,2026-01-29,2026-01,086-xxx-5995,False,True,2026-03-03,7,878
C02583,ศิริ,ชาย,18-24,False,B03,อารีย์,2026-06-18,2026-06,087-xxx-5995,False,True,2026-06-19,3,235
C02584,ณัฐ,ชาย,35-44,False,B03,อารีย์,2026-06-19,2026-06,081-xxx-5060,False,False,,0,0
C02585,ทิพย์,หญิง,35-44,False,B01,สยาม,2025-08-09,2025-08,088-xxx-3316,False,True,2025-09-08,19,2339
C02586,นภัส,หญิง,25-34,False,B02,สีลม,2026-07-22,2026-07,085-xxx-2435,False,True,2026-07-23,4,500
C02587,เกศ,หญิง,25-34,False,B04,บางนา,2025-10-03,2025-10,083-xxx-6103,False,True,2025-12-23,2,500
C02588,ศิริ,ชาย,35-44,False,B04,บางนา,2025-08-17,2025-08,086-xxx-5769,False,True,2025-09-29,2,170
C02589,ชนา,หญิง,18-24,False,B05,มหาวิทยาลัย,2026-04-23,2026-04,087-xxx-4286,False,False,,0,0
C02590,ชนา,หญิง,18-24,False,B02,สีลม,2026-04-20,2026-04,083-xxx-9403,False,True,2026-06-13,4,810
C02591,อรุณ,หญิง,18-24,False,B03,อารีย์,2026-09-10,2026-09,089-xxx-2724,False,False,,0,0
C02592,พิม,หญิง,45-54,False,B01,สยาม,2026-07-11,2026-07,088-xxx-9623,False,True,2026-08-16,1,210
C02593,จิรา,ชาย,45-54,False,B02,สีลม,2026-07-22,2026-07,086-xxx-9370,False,False,,0,0
C02594,จิรา,หญิง,25-34,False,B04,บางนา,2025-09-26,2025-09,081-xxx-2164,False,True,2025-10-11,26,3444
C02595,ชนา,ชาย,18-24,False,B05,มหาวิทยาลัย,2026-08-30,2026-08,081-xxx-4557,False,False,,0,0
C02596,ธีร,ชาย,35-44,False,B02,สีลม,2025-05-04,2025-05,082-xxx-1145,False,True,2025-05-06,5,660
C02597,นภัส,หญิง,35-44,False,B03,อารีย์,2026-07-27,2026-07,084-xxx-5750,False,True,2026-08-07,1,65
C02598,ชนา,หญิง,35-44,False,B01,สยาม,2026-01-16,2026-01,083-xxx-4378,False,False,,0,0
C02599,อรุณ,หญิง,35-44,False,B01,สยาม,2026-04-16,2026-04,082-xxx-4994,False,True,2026-05-26,7,699
C02600,ปวีณ,หญิง,35-44,False,B01,สยาม,2025-10-23,2025-10,082-xxx-8373,False,True,2025-10-25,2,229
C02601,รัตนา,หญิง,18-24,False,B01,สยาม,2025-10-26,2025-10,082-xxx-7091,False,True,2025-10-27,2,195
C02602,อรุณ,ชาย,25-34,False,B01,สยาม,2026-08-12,2026-08,087-xxx-5908,False,True,2026-08-21,2,435
C02603,กมล,หญิง,25-34,False,B02,สีลม,2025-06-10,2025-06,085-xxx-7301,False,True,2025-06-27,14,1385
C02604,ธีร,ชาย,45-54,False,B01,สยาม,2025-04-19,2025-04,081-xxx-6917,False,True,2025-05-09,10,975
C02605,ทิพย์,ชาย,18-24,False,B01,สยาม,2025-05-08,2025-05,089-xxx-6022,False,True,2025-05-11,8,1382
C02606,มานพ,ชาย,25-34,False,B02,สีลม,2025-08-13,2025-08,086-xxx-4839,False,True,2025-08-17,10,1190
C02607,จิรา,หญิง,ต่ำกว่า 18,True,B03,อารีย์,2026-03-15,2026-03,089-xxx-3285,False,True,2026-04-04,4,984
C02608,จิรา,หญิง,25-34,False,B02,สีลม,2025-08-09,2025-08,082-xxx-9565,False,True,2025-09-08,7,1012
C02609,ภัทร,หญิง,25-34,False,B05,มหาวิทยาลัย,2025-08-05,2025-08,081-xxx-5694,False,True,2025-08-07,6,779
C02610,ปวีณ,หญิง,25-34,False,B01,สยาม,2025-07-08,2025-07,082-xxx-6456,False,True,2025-07-08,1,60
C02611,พิม,หญิง,55+,False,B01,สยาม,2025-08-18,2025-08,081-xxx-4992,False,True,2025-09-13,9,1153
C02612,ภูมิ,หญิง,ต่ำกว่า 18,True,B04,บางนา,2026-08-12,2026-08,089-xxx-1194,False,True,2026-08-16,1,75
C02613,พิม,ไม่ระบุ,25-34,False,B05,มหาวิทยาลัย,2025-10-23,2025-10,082-xxx-1094,False,True,2025-11-12,9,1182
C02614,ทิพย์,หญิง,45-54,False,B02,สีลม,2026-04-17,2026-04,089-xxx-7349,False,True,2026-05-11,5,808
C02615,สุดา,หญิง,35-44,False,B02,สีลม,2025-05-30,2025-05,085-xxx-6088,False,True,2025-06-04,17,1964
C02616,อรุณ,หญิง,25-34,False,B03,อารีย์,2026-06-20,2026-06,083-xxx-9241,False,True,2026-07-18,2,120
C02617,ภูมิ,หญิง,35-44,False,B01,สยาม,2025-09-02,2025-09,085-xxx-6221,False,True,2025-09-21,6,750
C02618,ภูมิ,หญิง,35-44,False,B03,อารีย์,2026-04-03,2026-04,087-xxx-9355,False,True,2026-05-01,3,470
C02619,จิรา,หญิง,25-34,False,B05,มหาวิทยาลัย,2026-08-10,2026-08,088-xxx-9666,False,True,2026-08-17,1,130
C02620,รัตนา,ชาย,18-24,False,B04,บางนา,2026-06-06,2026-06,082-xxx-6119,False,True,2026-07-05,5,1270
C02621,ภัทร,หญิง,25-34,False,B02,สีลม,2025-06-23,2025-06,085-xxx-7015,False,True,2025-07-02,18,2016
C02622,สมชาย,หญิง,35-44,False,B01,สยาม,2026-01-23,2026-01,087-xxx-7051,False,True,2026-02-14,4,435
C02623,นภัส,หญิง,25-34,False,B03,อารีย์,2026-02-05,2026-02,085-xxx-6747,False,True,2026-03-09,3,490
C02624,จิรา,หญิง,45-54,False,B04,บางนา,2025-11-25,2025-11,087-xxx-3992,False,True,2025-11-28,5,575
C02625,ศิริ,หญิง,25-34,False,B01,สยาม,2026-08-26,2026-08,086-xxx-6793,False,True,2026-09-12,1,160
C02626,รัตนา,หญิง,25-34,False,B04,บางนา,2026-08-18,2026-08,089-xxx-3879,False,False,,0,0
C02627,สุดา,หญิง,35-44,False,B02,สีลม,2026-08-02,2026-08,081-xxx-7617,False,False,,0,0
C02628,ปวีณ,หญิง,25-34,False,B01,สยาม,2025-07-21,2025-07,081-xxx-2876,False,True,2025-09-09,17,2083
C02629,พิม,หญิง,18-24,False,B05,มหาวิทยาลัย,2025-11-09,2025-11,085-xxx-7888,False,True,2026-01-16,4,848
C02630,อัญชลี,หญิง,45-54,False,B02,สีลม,2026-06-21,2026-06,087-xxx-1147,False,True,2026-07-13,3,464
C02631,วีระ,ชาย,18-24,False,B03,อารีย์,2026-06-23,2026-06,082-xxx-1250,False,True,2026-08-05,1,65
C02632,วีระ,ไม่ระบุ,35-44,False,B02,สีลม,2025-12-29,2025-12,087-xxx-8214,False,True,2026-01-15,7,1533
C02633,ณัฐ,หญิง,55+,False,B05,มหาวิทยาลัย,2025-05-17,2025-05,086-xxx-2464,False,True,2025-06-01,16,2099
C02634,อรุณ,หญิง,18-24,False,B04,บางนา,2025-04-14,2025-04,087-xxx-2139,False,True,2025-04-17,36,4507
C02635,อรุณ,หญิง,18-24,False,B01,สยาม,2025-06-28,2025-06,087-xxx-9492,False,True,2025-06-29,33,4484
C02636,ปวีณ,หญิง,55+,False,B01,สยาม,2025-06-03,2025-06,084-xxx-4864,False,True,2025-06-14,9,814
C02637,พิม,ชาย,18-24,False,B03,อารีย์,2026-08-01,2026-08,086-xxx-9984,False,True,2026-08-14,2,344
C02638,ศิริ,หญิง,25-34,False,B04,บางนา,2025-06-29,2025-06,081-xxx-4715,False,True,2025-07-02,8,525
C02639,เกศ,หญิง,55+,False,B04,บางนา,2026-03-22,2026-03,087-xxx-1625,False,True,2026-05-19,6,816
C02640,ธีร,ชาย,18-24,False,B03,อารีย์,2026-03-01,2026-03,085-xxx-6439,False,True,2026-04-19,13,1419
C02641,ทิพย์,ชาย,18-24,False,B04,บางนา,2025-06-30,2025-06,086-xxx-6536,False,True,2025-07-11,19,2271
C02642,นภัส,ชาย,18-24,False,B05,มหาวิทยาลัย,2026-03-07,2026-03,083-xxx-4885,False,True,2026-03-12,2,395
C02643,ปิยะ,หญิง,18-24,False,B01,สยาม,2026-02-11,2026-02,084-xxx-3771,True,True,2026-06-12,1,55
C02644,ธีร,หญิง,ต่ำกว่า 18,True,B01,สยาม,2025-07-26,2025-07,086-xxx-5217,False,True,2025-08-12,8,635
C02645,วีระ,หญิง,25-34,False,B05,มหาวิทยาลัย,2026-07-07,2026-07,084-xxx-1911,False,False,,0,0
C02646,ปวีณ,หญิง,25-34,False,B04,บางนา,2025-09-06,2025-09,088-xxx-9741,False,True,2025-09-29,9,983
C02647,ปวีณ,หญิง,55+,False,B01,สยาม,2026-04-18,2026-04,082-xxx-8482,False,True,2026-06-22,2,160
C02648,จิรา,หญิง,45-54,False,B04,บางนา,2025-09-13,2025-09,089-xxx-9609,False,True,2025-10-09,4,589
C02649,พิม,หญิง,ต่ำกว่า 18,True,B01,สยาม,2025-11-25,2025-11,085-xxx-1106,False,True,2025-11-28,16,1937
C02650,วรรณ,ชาย,25-34,False,B01,สยาม,2026-05-26,2026-05,082-xxx-5135,False,True,2026-08-18,1,65
C02651,ปิยะ,ชาย,18-24,False,B02,สีลม,2025-04-18,2025-04,087-xxx-2192,False,True,2025-05-10,9,960
C02652,อรุณ,หญิง,25-34,False,B02,สีลม,2025-12-26,2025-12,082-xxx-4122,False,True,2026-04-02,1,85
C02653,กมล,ชาย,25-34,False,B05,มหาวิทยาลัย,2026-05-23,2026-05,085-xxx-7581,False,True,2026-09-06,1,65
C02654,ปวีณ,หญิง,25-34,False,B01,สยาม,2025-09-06,2025-09,081-xxx-6996,False,True,2025-09-20,6,600
C02655,วีระ,หญิง,18-24,False,B02,สีลม,2026-02-13,2026-02,087-xxx-6915,False,True,2026-03-11,7,880
C02656,ชนา,ชาย,55+,False,B01,สยาม,2026-03-19,2026-03,085-xxx-2942,False,True,2026-03-22,1,220
C02657,เกศ,หญิง,25-34,False,B01,สยาม,2026-08-09,2026-08,085-xxx-9097,False,True,2026-09-17,1,315
C02658,มานพ,ชาย,18-24,False,B01,สยาม,2025-11-25,2025-11,087-xxx-3419,False,True,2026-03-09,2,305
C02659,พิม,ชาย,25-34,False,B01,สยาม,2025-05-05,2025-05,089-xxx-7924,False,True,2025-05-12,22,2550
C02660,สุดา,หญิง,45-54,False,B05,มหาวิทยาลัย,2026-07-10,2026-07,087-xxx-6655,False,False,,0,0
C02661,สมชาย,ชาย,25-34,False,B02,สีลม,2025-11-29,2025-11,084-xxx-1218,False,False,,0,0
C02662,ธนา,หญิง,25-34,False,B05,มหาวิทยาลัย,2026-07-05,2026-07,088-xxx-4565,False,True,2026-07-13,2,300
C02663,สมชาย,หญิง,45-54,False,B02,สีลม,2026-01-02,2026-01,089-xxx-7977,False,True,2026-01-07,6,957
C02664,ศิริ,หญิง,18-24,False,B03,อารีย์,2026-07-19,2026-07,081-xxx-7677,False,True,2026-09-12,1,85
C02665,รัตนา,ชาย,55+,False,B02,สีลม,2025-12-07,2025-12,086-xxx-1298,False,True,2025-12-21,8,904
C02666,เกศ,หญิง,55+,False,B05,มหาวิทยาลัย,2025-11-04,2025-11,083-xxx-4621,False,True,2025-11-11,3,356
C02667,ภัทร,หญิง,18-24,False,B05,มหาวิทยาลัย,2026-01-28,2026-01,085-xxx-3399,False,True,2026-02-17,4,524
C02668,สุดา,ชาย,18-24,False,B01,สยาม,2026-06-01,2026-06,087-xxx-6342,False,True,2026-08-20,1,110
C02669,ศิริ,หญิง,25-34,False,B05,มหาวิทยาลัย,2025-06-05,2025-06,082-xxx-2321,False,True,2025-06-09,2,215
C02670,ภัทร,หญิง,45-54,False,B02,สีลม,2025-11-27,2025-11,086-xxx-8324,False,True,2026-02-16,5,449
C02671,ปวีณ,หญิง,18-24,False,B01,สยาม,2026-04-18,2026-04,083-xxx-9508,False,True,2026-05-15,4,654
C02672,ณัฐ,ชาย,25-34,False,B03,อารีย์,2026-08-16,2026-08,086-xxx-5592,False,True,2026-08-20,1,130
C02673,มานพ,หญิง,55+,False,B01,สยาม,2025-07-27,2025-07,087-xxx-8169,False,True,2025-08-29,12,2051
C02674,ภูมิ,ชาย,55+,False,B01,สยาม,2026-06-13,2026-06,085-xxx-5123,False,True,2026-07-27,1,195
C02675,ปวีณ,หญิง,35-44,False,B01,สยาม,2026-03-10,2026-03,087-xxx-8812,False,True,2026-03-15,4,440
C02676,กิตติ,ชาย,25-34,False,B01,สยาม,2026-05-14,2026-05,084-xxx-9784,False,True,2026-06-06,3,376
C02677,นภัส,หญิง,18-24,False,B01,สยาม,2025-11-01,2025-11,085-xxx-5549,False,True,2025-11-11,4,343
C02678,กิตติ,หญิง,55+,False,B04,บางนา,2026-02-24,2026-02,086-xxx-6235,False,True,2026-03-03,4,495
C02679,มานพ,ชาย,25-34,False,B01,สยาม,2026-05-25,2026-05,086-xxx-8250,False,True,2026-08-18,2,234
C02680,วีระ,ชาย,45-54,False,B04,บางนา,2025-04-12,2025-04,083-xxx-2266,False,True,2025-04-20,4,339
C02681,ปิยะ,หญิง,35-44,False,B01,สยาม,2025-10-22,2025-10,084-xxx-1075,False,True,2025-12-13,4,280
C02682,อรุณ,หญิง,25-34,False,B02,สีลม,2025-06-10,2025-06,084-xxx-8820,False,True,2025-09-16,9,1270
C02683,มานพ,หญิง,18-24,False,B02,สีลม,2026-04-16,2026-04,086-xxx-9614,False,True,2026-08-02,2,150
C02684,กมล,ชาย,25-34,False,B05,มหาวิทยาลัย,2026-08-21,2026-08,082-xxx-5477,False,False,,0,0
C02685,มานพ,หญิง,35-44,False,B01,สยาม,2025-07-10,2025-07,085-xxx-5839,False,True,2025-08-20,7,1389
C02686,ทิพย์,ชาย,55+,False,B05,มหาวิทยาลัย,2026-07-08,2026-07,083-xxx-3922,False,False,,0,0
C02687,นภัส,ไม่ระบุ,25-34,False,B05,มหาวิทยาลัย,2025-08-02,2025-08,083-xxx-7463,False,True,2025-08-21,16,1964
C02688,อรุณ,ชาย,45-54,False,B02,สีลม,2025-07-04,2025-07,081-xxx-9181,False,True,2025-08-18,5,398
C02689,ภูมิ,ชาย,18-24,False,B03,อารีย์,2026-05-10,2026-05,083-xxx-1901,False,True,2026-05-16,7,849
C02690,กิตติ,หญิง,45-54,False,B02,สีลม,2026-05-01,2026-05,085-xxx-4915,False,True,2026-05-25,2,350
C02691,ศิริ,หญิง,18-24,False,B02,สีลม,2025-06-13,2025-06,089-xxx-3164,False,True,2025-06-29,10,1183
C02692,ธีร,หญิง,25-34,False,B01,สยาม,2026-03-05,2026-03,081-xxx-5401,False,True,2026-05-20,1,40
C02693,ณัฐ,หญิง,35-44,False,B01,สยาม,2025-11-07,2025-11,088-xxx-1803,False,True,2025-11-30,7,725
C02694,ทิพย์,ชาย,45-54,False,B02,สีลม,2025-12-05,2025-12,082-xxx-4131,False,True,2026-01-02,10,1500
C02695,ธีร,ชาย,18-24,False,B05,มหาวิทยาลัย,2026-07-05,2026-07,084-xxx-3117,False,True,2026-07-08,2,130
C02696,เกศ,ชาย,25-34,False,B01,สยาม,2025-04-10,2025-04,085-xxx-4034,False,True,2025-04-21,14,2122
C02697,ชนา,ชาย,25-34,False,B04,บางนา,2026-05-02,2026-05,084-xxx-2419,False,True,2026-05-19,3,403
C02698,กิตติ,ชาย,45-54,False,B01,สยาม,2025-07-10,2025-07,084-xxx-8269,False,True,2025-07-22,25,3997
C02699,ธนา,หญิง,25-34,False,B03,อารีย์,2026-08-03,2026-08,083-xxx-2878,False,False,,0,0
C02700,พิม,หญิง,18-24,False,B04,บางนา,2026-08-25,2026-08,081-xxx-6010,False,False,,0,0
C02701,พิม,ไม่ระบุ,18-24,False,B04,บางนา,2025-10-05,2025-10,082-xxx-3166,False,True,2025-11-23,16,1849
C02702,ภูมิ,หญิง,25-34,False,B02,สีลม,2026-05-15,2026-05,084-xxx-8566,False,True,2026-06-30,6,959
C02703,สุดา,หญิง,18-24,False,B04,บางนา,2026-06-30,2026-06,085-xxx-5513,False,True,2026-07-25,1,145
C02704,ภัทร,หญิง,45-54,False,B02,สีลม,2025-05-11,2025-05,085-xxx-5792,False,True,2025-05-27,12,1244
C02705,ภูมิ,หญิง,25-34,False,B04,บางนา,2026-02-04,2026-02,087-xxx-5178,False,True,2026-03-01,1,85
C02706,ธีร,หญิง,25-34,False,B03,อารีย์,2026-02-12,2026-02,081-xxx-3055,False,True,2026-02-12,9,1184
C02707,ณัฐ,ชาย,18-24,False,B02,สีลม,2025-10-02,2025-10,082-xxx-1756,False,True,2025-11-05,4,493
C02708,วีระ,หญิง,45-54,False,B03,อารีย์,2026-02-21,2026-02,085-xxx-2300,False,True,2026-03-03,10,1523
C02709,ธีร,หญิง,35-44,False,B05,มหาวิทยาลัย,2025-06-22,2025-06,084-xxx-9351,False,True,2025-06-25,12,1473
C02710,สุดา,หญิง,18-24,False,B02,สีลม,2026-04-04,2026-04,081-xxx-2022,False,False,,0,0
C02711,รัตนา,หญิง,45-54,False,B02,สีลม,2025-10-18,2025-10,081-xxx-4367,False,True,2025-11-25,2,160
C02712,อัญชลี,หญิง,25-34,False,B02,สีลม,2026-01-11,2026-01,089-xxx-3457,False,True,2026-01-15,2,380
C02713,ภูมิ,ชาย,18-24,False,B01,สยาม,2026-04-29,2026-04,085-xxx-4192,False,True,2026-07-24,1,85
C02714,กิตติ,หญิง,18-24,False,B01,สยาม,2026-05-29,2026-05,086-xxx-1050,False,True,2026-06-07,4,303
C02715,เกศ,ชาย,35-44,False,B01,สยาม,2025-10-09,2025-10,083-xxx-1393,False,True,2025-11-16,1,120
C02716,ณัฐ,ชาย,18-24,False,B04,บางนา,2026-06-19,2026-06,082-xxx-8342,False,True,2026-06-19,2,225
C02717,ธนา,ไม่ระบุ,35-44,False,B02,สีลม,2025-05-13,2025-05,088-xxx-8911,False,True,2025-05-25,11,969
C02718,จิรา,หญิง,35-44,False,B02,สีลม,2026-07-24,2026-07,086-xxx-1216,False,True,2026-08-25,1,215
C02719,รัตนา,หญิง,ต่ำกว่า 18,True,B05,มหาวิทยาลัย,2026-07-06,2026-07,089-xxx-4381,False,True,2026-07-22,5,674
C02720,ชนา,หญิง,45-54,False,B02,สีลม,2025-06-24,2025-06,083-xxx-1649,False,True,2025-06-26,20,2358
C02721,ทิพย์,ชาย,35-44,False,B05,มหาวิทยาลัย,2025-06-20,2025-06,089-xxx-1798,False,True,2025-06-26,14,1859
C02722,ปิยะ,หญิง,25-34,False,B02,สีลม,2026-09-14,2026-09,081-xxx-5355,False,False,,0,0
C02723,กิตติ,ชาย,35-44,False,B02,สีลม,2025-04-03,2025-04,086-xxx-7952,False,True,2025-04-23,11,1686
C02724,กมล,หญิง,25-34,False,B02,สีลม,2026-08-29,2026-08,083-xxx-9174,False,True,2026-09-10,1,110
C02725,ภูมิ,หญิง,25-34,False,B05,มหาวิทยาลัย,2025-10-13,2025-10,088-xxx-4799,False,True,2025-10-21,6,699
C02726,อัญชลี,ชาย,18-24,False,B02,สีลม,2025-09-04,2025-09,089-xxx-1825,False,True,2025-10-01,1,135
C02727,กมล,ชาย,25-34,False,B04,บางนา,2026-03-27,2026-03,081-xxx-3739,False,True,2026-04-14,3,250
C02728,ธนา,หญิง,18-24,False,B01,สยาม,2025-12-11,2025-12,085-xxx-9315,False,True,2025-12-20,5,375
C02729,กมล,หญิง,35-44,False,B01,สยาม,2025-11-12,2025-11,088-xxx-1191,False,True,2025-12-05,11,1393
C02730,อรุณ,หญิง,18-24,False,B05,มหาวิทยาลัย,2025-09-16,2025-09,087-xxx-5752,False,False,,0,0
C02731,วรรณ,หญิง,25-34,False,B05,มหาวิทยาลัย,2025-04-13,2025-04,081-xxx-7688,False,True,2025-05-16,16,1751
C02732,พิม,หญิง,35-44,False,B02,สีลม,2025-12-16,2025-12,088-xxx-9160,False,True,2026-01-04,5,529
C02733,สุดา,ชาย,45-54,False,B05,มหาวิทยาลัย,2026-05-20,2026-05,081-xxx-8294,False,True,2026-06-07,1,76
C02734,ธีร,หญิง,25-34,False,B03,อารีย์,2026-02-20,2026-02,083-xxx-6030,False,True,2026-03-12,8,750
C02735,ณัฐ,ชาย,25-34,False,B05,มหาวิทยาลัย,2025-04-21,2025-04,081-xxx-4164,False,True,2025-05-05,18,2158
C02736,ชนา,หญิง,25-34,False,B05,มหาวิทยาลัย,2026-03-21,2026-03,085-xxx-7018,False,True,2026-04-04,10,1405
C02737,สมชาย,หญิง,45-54,False,B05,มหาวิทยาลัย,2026-04-30,2026-04,085-xxx-5112,False,False,,0,0
C02738,ธนา,หญิง,45-54,False,B03,อารีย์,2025-11-13,2025-11,087-xxx-4374,False,True,2025-11-14,16,2289
C02739,อัญชลี,หญิง,25-34,False,B05,มหาวิทยาลัย,2026-03-19,2026-03,086-xxx-6946,False,True,2026-03-29,1,60
C02740,ทิพย์,หญิง,45-54,False,B02,สีลม,2025-11-16,2025-11,084-xxx-1725,False,False,,0,0
C02741,อรุณ,หญิง,18-24,False,B05,มหาวิทยาลัย,2025-09-05,2025-09,084-xxx-7156,False,True,2025-11-04,7,1454
C02742,จิรา,ชาย,18-24,False,B03,อารีย์,2026-04-17,2026-04,084-xxx-4577,False,True,2026-06-01,4,520
C02743,ปิยะ,ชาย,55+,False,B05,มหาวิทยาลัย,2025-04-02,2025-04,087-xxx-2795,False,True,2025-04-18,19,2387
C02744,เกศ,หญิง,45-54,False,B04,บางนา,2026-01-22,2026-01,087-xxx-5907,False,True,2026-02-27,5,902
C02745,พิม,หญิง,25-34,False,B02,สีลม,2025-11-08,2025-11,082-xxx-9142,False,True,2025-11-09,8,871
C02746,ภัทร,หญิง,ต่ำกว่า 18,True,B04,บางนา,2025-07-21,2025-07,087-xxx-2441,False,True,2025-08-06,15,2079
C02747,กิตติ,ชาย,35-44,False,B02,สีลม,2026-04-21,2026-04,088-xxx-8388,False,True,2026-04-23,3,270
C02748,รัตนา,หญิง,35-44,False,B01,สยาม,2026-07-11,2026-07,082-xxx-4891,False,False,,0,0
C02749,ทิพย์,ชาย,18-24,False,B05,มหาวิทยาลัย,2026-02-06,2026-02,083-xxx-7100,False,True,2026-03-30,6,1138
C02750,ภัทร,หญิง,18-24,False,B05,มหาวิทยาลัย,2025-04-06,2025-04,084-xxx-1761,False,True,2025-04-26,9,1317
C02751,ธีร,ชาย,18-24,False,B01,สยาม,2025-10-28,2025-10,086-xxx-8805,False,True,2025-11-06,19,2734
C02752,พิม,ชาย,45-54,False,B01,สยาม,2026-06-28,2026-06,081-xxx-2444,False,True,2026-07-21,3,659
C02753,ธนา,ชาย,18-24,False,B01,สยาม,2026-01-07,2026-01,089-xxx-5255,False,True,2026-01-12,8,1444
C02754,พิม,หญิง,18-24,False,B04,บางนา,2025-04-06,2025-04,089-xxx-5725,False,True,2025-04-08,21,2343
C02755,ณัฐ,หญิง,18-24,False,B02,สีลม,2026-01-24,2026-01,083-xxx-3592,False,True,2026-02-09,12,1611
C02756,กมล,หญิง,25-34,False,B02,สีลม,2026-08-18,2026-08,084-xxx-3551,False,False,,0,0
C02757,วีระ,หญิง,25-34,False,B01,สยาม,2025-08-30,2025-08,083-xxx-4251,False,True,2025-09-12,27,3072
C02758,ทิพย์,หญิง,25-34,False,B02,สีลม,2026-08-24,2026-08,089-xxx-7069,False,False,,0,0
C02759,กิตติ,หญิง,25-34,False,B05,มหาวิทยาลัย,2025-09-30,2025-09,089-xxx-2395,False,True,2025-10-27,4,440
C02760,ทิพย์,หญิง,25-34,False,B02,สีลม,2026-02-11,2026-02,089-xxx-7119,False,True,2026-07-16,1,65
C02761,ภูมิ,ชาย,25-34,False,B04,บางนา,2025-09-04,2025-09,084-xxx-3779,False,True,2025-09-14,21,2667
C02762,ชนา,ชาย,25-34,False,B04,บางนา,2026-08-07,2026-08,084-xxx-8224,False,True,2026-08-10,1,120
C02763,ภูมิ,ชาย,25-34,False,B05,มหาวิทยาลัย,2025-09-18,2025-09,081-xxx-1330,False,True,2025-10-07,2,555
C02764,นภัส,หญิง,18-24,False,B01,สยาม,2025-05-17,2025-05,082-xxx-4606,False,True,2025-06-04,10,1029
C02765,พิม,หญิง,18-24,False,B01,สยาม,2026-05-17,2026-05,089-xxx-6192,True,True,2026-05-27,1,95
C02766,สุดา,ชาย,18-24,False,B05,มหาวิทยาลัย,2026-05-19,2026-05,085-xxx-1626,False,True,2026-05-28,1,305
C02767,กมล,หญิง,45-54,False,B01,สยาม,2026-04-05,2026-04,087-xxx-3739,False,True,2026-04-27,4,435
C02768,สุดา,หญิง,55+,False,B01,สยาม,2025-12-20,2025-12,085-xxx-2946,False,True,2026-03-01,2,154
C02769,มานพ,หญิง,18-24,False,B03,อารีย์,2026-04-26,2026-04,084-xxx-9767,False,False,,0,0
C02770,สุดา,หญิง,45-54,False,B03,อารีย์,2026-02-21,2026-02,085-xxx-8298,False,True,2026-02-28,4,240
C02771,เกศ,ชาย,18-24,False,B02,สีลม,2026-09-08,2026-09,085-xxx-1900,False,False,,0,0
C02772,สมชาย,ไม่ระบุ,18-24,False,B04,บางนา,2025-12-05,2025-12,085-xxx-7975,False,True,2025-12-23,7,555
C02773,วรรณ,หญิง,18-24,False,B05,มหาวิทยาลัย,2025-12-29,2025-12,083-xxx-4644,False,True,2026-09-09,1,75
C02774,ภัทร,ชาย,18-24,False,B01,สยาม,2025-08-15,2025-08,082-xxx-8210,False,True,2025-08-22,10,970
C02775,รัตนา,หญิง,18-24,False,B05,มหาวิทยาลัย,2025-08-05,2025-08,086-xxx-3257,False,True,2025-08-15,7,620
C02776,รัตนา,ชาย,18-24,False,B05,มหาวิทยาลัย,2026-03-14,2026-03,087-xxx-4647,False,True,2026-06-14,3,260
C02777,ศิริ,ชาย,55+,False,B04,บางนา,2025-04-07,2025-04,084-xxx-7882,False,True,2025-04-12,11,1453
C02778,พิม,ชาย,45-54,False,B04,บางนา,2026-03-23,2026-03,087-xxx-2634,False,True,2026-03-24,11,1050
C02779,ณัฐ,หญิง,35-44,False,B01,สยาม,2025-06-28,2025-06,081-xxx-4980,False,True,2025-07-24,2,95
C02780,สมชาย,หญิง,35-44,False,B05,มหาวิทยาลัย,2025-06-17,2025-06,087-xxx-4120,False,True,2025-07-11,10,879
C02781,ปวีณ,ชาย,25-34,False,B05,มหาวิทยาลัย,2026-07-23,2026-07,088-xxx-1293,False,False,,0,0
C02782,สุดา,ชาย,18-24,False,B02,สีลม,2026-02-19,2026-02,084-xxx-1214,False,True,2026-02-24,3,557
C02783,ภูมิ,ชาย,25-34,False,B03,อารีย์,2025-11-26,2025-11,087-xxx-8614,False,True,2025-11-30,11,1184
C02784,วีระ,ชาย,25-34,False,B05,มหาวิทยาลัย,2026-06-07,2026-06,085-xxx-6929,False,True,2026-07-15,3,490
C02785,เกศ,หญิง,25-34,False,B05,มหาวิทยาลัย,2026-03-31,2026-03,087-xxx-6780,False,True,2026-04-08,7,919
C02786,ณัฐ,หญิง,25-34,False,B04,บางนา,2026-02-17,2026-02,086-xxx-8637,False,False,,0,0
C02787,รัตนา,ไม่ระบุ,25-34,False,B02,สีลม,2026-02-21,2026-02,083-xxx-7899,False,True,2026-03-18,6,810
C02788,ภัทร,หญิง,18-24,False,B01,สยาม,2025-04-21,2025-04,086-xxx-4409,False,True,2025-06-03,9,1595
C02789,ปวีณ,หญิง,25-34,False,B05,มหาวิทยาลัย,2026-07-09,2026-07,083-xxx-1589,False,True,2026-07-21,5,1039
C02790,รัตนา,หญิง,35-44,False,B02,สีลม,2025-12-04,2025-12,082-xxx-7664,False,True,2025-12-09,5,550
C02791,พิม,หญิง,55+,False,B01,สยาม,2026-06-28,2026-06,081-xxx-8137,False,True,2026-07-06,5,589
C02792,อัญชลี,หญิง,45-54,False,B03,อารีย์,2026-06-15,2026-06,082-xxx-1601,False,True,2026-06-24,4,575
C02793,รัตนา,ชาย,25-34,False,B02,สีลม,2025-05-27,2025-05,086-xxx-2802,False,True,2025-05-30,11,1271
C02794,ปิยะ,ชาย,25-34,False,B05,มหาวิทยาลัย,2025-06-25,2025-06,083-xxx-6992,False,True,2025-07-16,13,1966
C02795,ภัทร,หญิง,18-24,False,B01,สยาม,2026-03-22,2026-03,083-xxx-4203,False,True,2026-03-25,5,645
C02796,เกศ,หญิง,25-34,False,B05,มหาวิทยาลัย,2025-11-28,2025-11,083-xxx-9129,False,True,2025-12-25,14,1263
C02797,ณัฐ,ชาย,ต่ำกว่า 18,True,B05,มหาวิทยาลัย,2025-12-29,2025-12,086-xxx-1088,False,False,,0,0
C02798,ภูมิ,ชาย,25-34,False,B02,สีลม,2026-08-21,2026-08,085-xxx-3912,False,False,,0,0
C02799,วีระ,หญิง,18-24,False,B03,อารีย์,2026-01-05,2026-01,087-xxx-2425,False,True,2026-01-14,10,1203
C02800,ภัทร,ชาย,55+,False,B05,มหาวิทยาลัย,2025-11-21,2025-11,082-xxx-4582,False,True,2025-11-27,6,915
C02801,กิตติ,ชาย,35-44,False,B03,อารีย์,2026-08-02,2026-08,089-xxx-2716,False,True,2026-08-09,1,275
C02802,วรรณ,หญิง,18-24,False,B02,สีลม,2026-05-29,2026-05,082-xxx-1488,False,True,2026-08-19,1,120
C02803,พิม,หญิง,35-44,False,B03,อารีย์,2026-05-09,2026-05,085-xxx-2542,False,True,2026-07-02,1,95
C02804,ภูมิ,หญิง,25-34,False,B05,มหาวิทยาลัย,2026-06-10,2026-06,082-xxx-1979,False,True,2026-07-03,1,95
C02805,ปวีณ,หญิง,25-34,False,B01,สยาม,2025-12-11,2025-12,084-xxx-7139,False,True,2026-03-13,3,340
C02806,วรรณ,หญิง,35-44,False,B03,อารีย์,2026-02-16,2026-02,082-xxx-5240,False,True,2026-02-28,6,688
C02807,มานพ,ชาย,18-24,False,B05,มหาวิทยาลัย,2026-01-26,2026-01,084-xxx-3267,True,True,2026-01-26,4,780
C02808,รัตนา,ชาย,18-24,False,B04,บางนา,2026-04-28,2026-04,087-xxx-6674,False,True,2026-05-17,2,280
C02809,วรรณ,ชาย,25-34,False,B01,สยาม,2025-08-10,2025-08,087-xxx-8469,False,True,2025-08-12,18,2142
C02810,อรุณ,ชาย,45-54,False,B01,สยาม,2025-06-13,2025-06,087-xxx-1442,False,False,,0,0
C02811,รัตนา,หญิง,18-24,False,B03,อารีย์,2026-02-27,2026-02,083-xxx-9413,False,True,2026-03-01,9,1083
C02812,นภัส,ชาย,25-34,False,B03,อารีย์,2026-01-26,2026-01,087-xxx-1324,False,True,2026-02-09,5,580
C02813,รัตนา,หญิง,18-24,False,B01,สยาม,2025-07-24,2025-07,081-xxx-1110,False,True,2025-08-02,1,60
C02814,วีระ,หญิง,55+,False,B03,อารีย์,2026-05-24,2026-05,082-xxx-3534,False,True,2026-06-04,5,989
C02815,จิรา,หญิง,18-24,False,B02,สีลม,2026-03-27,2026-03,083-xxx-1568,False,True,2026-05-28,5,480
C02816,วีระ,หญิง,35-44,False,B02,สีลม,2025-06-23,2025-06,089-xxx-1257,False,True,2025-06-25,6,830
C02817,กิตติ,ชาย,25-34,False,B01,สยาม,2025-10-13,2025-10,084-xxx-1177,False,True,2025-10-14,9,1029
C02818,กมล,หญิง,18-24,False,B04,บางนา,2026-08-29,2026-08,084-xxx-8616,False,False,,0,0
C02819,ธีร,หญิง,45-54,False,B01,สยาม,2026-02-19,2026-02,085-xxx-4115,False,True,2026-06-18,1,55
C02820,ปิยะ,หญิง,18-24,False,B04,บางนา,2026-08-16,2026-08,089-xxx-7123,True,True,2026-08-20,2,260
C02821,กิตติ,ชาย,18-24,False,B01,สยาม,2026-07-21,2026-07,083-xxx-4820,False,False,,0,0
C02822,ภูมิ,หญิง,25-34,False,B01,สยาม,2025-07-25,2025-07,086-xxx-3484,False,True,2025-07-25,1,130
C02823,ศิริ,ชาย,18-24,False,B05,มหาวิทยาลัย,2025-10-14,2025-10,086-xxx-5278,False,True,2025-11-27,8,1085
C02824,ชนา,ชาย,35-44,False,B04,บางนา,2026-01-03,2026-01,083-xxx-9541,False,True,2026-01-09,4,738
C02825,จิรา,หญิง,45-54,False,B03,อารีย์,2026-03-10,2026-03,089-xxx-3337,False,True,2026-06-03,3,330
C02826,ภูมิ,ชาย,18-24,False,B03,อารีย์,2026-05-01,2026-05,088-xxx-3301,False,True,2026-05-03,1,135
C02827,ชนา,หญิง,35-44,False,B02,สีลม,2025-10-03,2025-10,081-xxx-4146,False,True,2026-03-21,3,459
C02828,เกศ,ชาย,25-34,False,B02,สีลม,2026-05-29,2026-05,088-xxx-6153,False,True,2026-06-01,3,580
C02829,ปิยะ,หญิง,18-24,False,B04,บางนา,2025-09-22,2025-09,087-xxx-7067,False,True,2025-09-27,3,424
C02830,ธนา,หญิง,25-34,False,B02,สีลม,2025-08-14,2025-08,081-xxx-8253,False,True,2025-10-31,4,808
C02831,กิตติ,หญิง,25-34,False,B03,อารีย์,2025-12-16,2025-12,086-xxx-6145,False,False,,0,0
C02832,วีระ,หญิง,18-24,False,B04,บางนา,2026-08-19,2026-08,084-xxx-7961,False,False,,0,0
C02833,ชนา,ไม่ระบุ,18-24,False,B02,สีลม,2026-03-26,2026-03,086-xxx-7143,False,True,2026-04-27,4,580
C02834,ภัทร,ชาย,25-34,False,B04,บางนา,2025-06-05,2025-06,086-xxx-9435,False,True,2025-08-03,8,633
C02835,ปิยะ,ชาย,45-54,False,B02,สีลม,2026-06-03,2026-06,083-xxx-6615,False,True,2026-06-03,2,200
C02836,ณัฐ,หญิง,25-34,False,B01,สยาม,2026-05-27,2026-05,083-xxx-6073,False,True,2026-06-17,9,1149
C02837,เกศ,ชาย,18-24,False,B01,สยาม,2025-10-01,2025-10,088-xxx-4914,False,True,2025-10-01,8,948
C02838,นภัส,หญิง,25-34,False,B05,มหาวิทยาลัย,2025-08-20,2025-08,088-xxx-2026,False,True,2025-11-08,1,85
C02839,สุดา,หญิง,55+,False,B02,สีลม,2026-06-05,2026-06,086-xxx-1790,False,False,,0,0
C02840,สุดา,ไม่ระบุ,55+,False,B03,อารีย์,2026-08-10,2026-08,084-xxx-1253,False,False,,0,0
C02841,ปิยะ,ชาย,45-54,False,B05,มหาวิทยาลัย,2026-02-25,2026-02,087-xxx-5999,False,True,2026-03-24,7,946
C02842,สุดา,หญิง,18-24,False,B05,มหาวิทยาลัย,2025-07-01,2025-07,085-xxx-1908,False,True,2025-07-02,3,628
C02843,ธีร,หญิง,25-34,False,B05,มหาวิทยาลัย,2026-05-20,2026-05,081-xxx-5843,True,False,,0,0
C02844,เกศ,หญิง,25-34,False,B02,สีลม,2025-12-06,2025-12,082-xxx-6358,True,True,2025-12-07,4,615
C02845,ศิริ,ชาย,18-24,False,B04,บางนา,2026-06-29,2026-06,082-xxx-9442,False,True,2026-07-08,2,300
C02846,กิตติ,หญิง,18-24,False,B04,บางนา,2025-06-12,2025-06,081-xxx-1373,False,True,2025-06-12,12,2102
C02847,ปวีณ,ชาย,25-34,False,B04,บางนา,2026-04-06,2026-04,081-xxx-3788,False,True,2026-05-21,1,95
C02848,อัญชลี,ชาย,18-24,False,B02,สีลม,2026-04-01,2026-04,081-xxx-1155,False,True,2026-07-02,1,75
C02849,ชนา,ชาย,45-54,False,B04,บางนา,2026-08-24,2026-08,085-xxx-5194,False,True,2026-09-03,1,65
C02850,กิตติ,หญิง,25-34,False,B02,สีลม,2025-11-01,2025-11,084-xxx-7453,False,True,2025-11-29,13,1644
C02851,ธีร,หญิง,18-24,False,B03,อารีย์,2026-09-13,2026-09,082-xxx-9519,False,True,2026-09-13,1,230
C02852,พิม,หญิง,25-34,False,B04,บางนา,2026-07-08,2026-07,081-xxx-4317,False,True,2026-09-10,2,265
C02853,ปิยะ,หญิง,35-44,False,B03,อารีย์,2026-01-11,2026-01,082-xxx-3762,False,True,2026-02-03,8,1223
C02854,ธีร,หญิง,18-24,False,B05,มหาวิทยาลัย,2026-08-26,2026-08,084-xxx-4182,False,True,2026-09-09,1,65
C02855,ทิพย์,ชาย,18-24,False,B02,สีลม,2026-01-29,2026-01,081-xxx-2526,False,False,,0,0
C02856,อรุณ,หญิง,25-34,False,B03,อารีย์,2026-07-30,2026-07,087-xxx-2200,False,True,2026-08-16,1,55
C02857,ชนา,หญิง,18-24,False,B02,สีลม,2025-09-03,2025-09,082-xxx-2647,False,True,2025-10-21,6,715
C02858,ธนา,ชาย,ต่ำกว่า 18,True,B05,มหาวิทยาลัย,2025-08-30,2025-08,083-xxx-1909,False,True,2025-09-18,3,314
C02859,รัตนา,หญิง,55+,False,B01,สยาม,2026-03-23,2026-03,083-xxx-1203,False,True,2026-04-19,4,950
C02860,สุดา,ไม่ระบุ,35-44,False,B02,สีลม,2026-05-21,2026-05,087-xxx-7116,False,True,2026-08-04,4,465
C02861,นภัส,หญิง,45-54,False,B04,บางนา,2026-07-19,2026-07,086-xxx-2662,False,False,,0,0
C02862,พิม,หญิง,35-44,False,B05,มหาวิทยาลัย,2025-12-24,2025-12,089-xxx-2726,False,False,,0,0
C02863,อรุณ,หญิง,18-24,False,B05,มหาวิทยาลัย,2025-12-22,2025-12,085-xxx-7361,False,True,2025-12-26,5,494
C02864,สุดา,ชาย,35-44,False,B01,สยาม,2025-10-26,2025-10,088-xxx-9206,False,True,2025-11-04,1,90
C02865,มานพ,ชาย,25-34,False,B04,บางนา,2025-09-10,2025-09,084-xxx-1772,False,True,2025-10-04,1,75
C02866,สุดา,หญิง,18-24,False,B01,สยาม,2025-10-20,2025-10,082-xxx-9902,False,True,2025-11-14,7,924
C02867,ธนา,ชาย,25-34,False,B04,บางนา,2025-04-04,2025-04,083-xxx-7213,False,True,2025-04-20,10,1592
C02868,ธีร,หญิง,25-34,False,B03,อารีย์,2026-02-19,2026-02,088-xxx-5772,False,True,2026-04-11,3,355
C02869,วีระ,หญิง,55+,False,B04,บางนา,2026-06-01,2026-06,084-xxx-6498,False,True,2026-07-15,6,830
C02870,ทิพย์,หญิง,45-54,False,B01,สยาม,2025-07-17,2025-07,083-xxx-8219,False,True,2025-09-27,10,1460
C02871,ภูมิ,หญิง,18-24,False,B02,สีลม,2026-05-08,2026-05,082-xxx-8112,False,True,2026-05-26,3,210
C02872,ปวีณ,หญิง,ต่ำกว่า 18,True,B04,บางนา,2025-09-12,2025-09,084-xxx-3940,False,False,,0,0
C02873,ธีร,หญิง,25-34,False,B01,สยาม,2026-02-02,2026-02,081-xxx-2731,False,True,2026-02-18,10,1120
C02874,รัตนา,ชาย,ต่ำกว่า 18,True,B05,มหาวิทยาลัย,2026-05-29,2026-05,087-xxx-1356,False,False,,0,0
C02875,นภัส,หญิง,45-54,False,B02,สีลม,2026-01-14,2026-01,089-xxx-8904,False,True,2026-02-15,8,1382
C02876,รัตนา,หญิง,55+,False,B05,มหาวิทยาลัย,2025-04-07,2025-04,085-xxx-9986,False,True,2025-06-05,11,1528
C02877,ภัทร,หญิง,25-34,False,B05,มหาวิทยาลัย,2025-05-22,2025-05,081-xxx-9540,False,True,2025-07-01,17,2520
C02878,อัญชลี,ไม่ระบุ,18-24,False,B04,บางนา,2026-06-27,2026-06,088-xxx-6423,False,True,2026-09-01,1,150
C02879,สมชาย,หญิง,35-44,False,B01,สยาม,2025-07-18,2025-07,087-xxx-6108,False,True,2025-07-18,9,1253
C02880,กมล,หญิง,45-54,False,B02,สีลม,2026-07-04,2026-07,081-xxx-6268,False,True,2026-07-26,3,210
C02881,รัตนา,หญิง,25-34,False,B04,บางนา,2026-04-13,2026-04,086-xxx-5110,False,False,,0,0
C02882,ภูมิ,ชาย,35-44,False,B01,สยาม,2026-07-30,2026-07,088-xxx-6415,False,True,2026-08-01,1,170
C02883,สมชาย,หญิง,35-44,False,B05,มหาวิทยาลัย,2026-02-12,2026-02,083-xxx-5541,False,True,2026-02-26,3,345
C02884,อรุณ,ชาย,18-24,False,B05,มหาวิทยาลัย,2025-04-02,2025-04,081-xxx-1665,False,True,2025-06-13,5,495
C02885,วรรณ,ชาย,25-34,False,B01,สยาม,2026-07-30,2026-07,086-xxx-4289,False,True,2026-08-03,3,300
C02886,พิม,หญิง,25-34,False,B04,บางนา,2026-09-09,2026-09,086-xxx-1553,False,True,2026-09-15,2,270
C02887,จิรา,ชาย,55+,False,B05,มหาวิทยาลัย,2026-09-12,2026-09,085-xxx-8887,False,False,,0,0
C02888,ภัทร,ชาย,35-44,False,B01,สยาม,2025-12-10,2025-12,087-xxx-1944,False,True,2025-12-19,12,1892
C02889,พิม,หญิง,18-24,False,B02,สีลม,2025-10-03,2025-10,082-xxx-6932,False,True,2025-12-15,2,275
C02890,ชนา,หญิง,25-34,False,B04,บางนา,2026-07-01,2026-07,086-xxx-7249,False,True,2026-07-29,3,295
C02891,วรรณ,หญิง,25-34,False,B04,บางนา,2025-05-27,2025-05,083-xxx-1715,False,True,2025-05-30,14,1864
C02892,ทิพย์,หญิง,55+,False,B04,บางนา,2026-03-12,2026-03,089-xxx-7647,False,True,2026-03-21,7,695
C02893,ธนา,ชาย,35-44,False,B02,สีลม,2026-03-29,2026-03,086-xxx-2677,False,True,2026-04-01,13,1969
C02894,มานพ,ไม่ระบุ,45-54,False,B02,สีลม,2025-07-13,2025-07,081-xxx-5662,False,True,2025-07-21,3,684
C02895,ชนา,หญิง,18-24,False,B05,มหาวิทยาลัย,2026-08-24,2026-08,085-xxx-8531,True,False,,0,0
C02896,จิรา,ชาย,25-34,False,B01,สยาม,2025-05-06,2025-05,081-xxx-8619,True,True,2025-05-15,20,3029
C02897,จิรา,หญิง,35-44,False,B03,อารีย์,2026-03-25,2026-03,082-xxx-8678,False,False,,0,0
C02898,จิรา,ชาย,18-24,False,B03,อารีย์,2026-05-01,2026-05,083-xxx-1114,False,True,2026-08-12,1,85
C02899,นภัส,หญิง,55+,False,B04,บางนา,2026-05-12,2026-05,085-xxx-3172,False,True,2026-06-07,2,235
C02900,อรุณ,หญิง,18-24,False,B05,มหาวิทยาลัย,2025-04-11,2025-04,084-xxx-6220,False,True,2025-04-23,9,969
C02901,สมชาย,ไม่ระบุ,45-54,False,B04,บางนา,2026-03-29,2026-03,082-xxx-5031,False,True,2026-04-04,9,1060
C02902,อัญชลี,หญิง,35-44,False,B05,มหาวิทยาลัย,2026-07-15,2026-07,087-xxx-9592,False,False,,0,0
C02903,ปิยะ,ชาย,55+,False,B04,บางนา,2026-03-02,2026-03,083-xxx-8210,False,True,2026-04-19,4,948
C02904,รัตนา,หญิง,35-44,False,B02,สีลม,2026-01-27,2026-01,084-xxx-6971,False,True,2026-03-24,2,180
C02905,นภัส,ชาย,35-44,False,B01,สยาม,2025-10-21,2025-10,088-xxx-5469,False,True,2025-10-23,5,800
C02906,รัตนา,หญิง,25-34,False,B05,มหาวิทยาลัย,2026-07-18,2026-07,089-xxx-4645,False,True,2026-09-08,1,75
C02907,วีระ,หญิง,18-24,False,B04,บางนา,2025-06-05,2025-06,085-xxx-4273,False,True,2025-08-07,9,1314
C02908,พิม,หญิง,18-24,False,B01,สยาม,2026-05-12,2026-05,087-xxx-6052,False,True,2026-05-12,5,545
C02909,อัญชลี,ชาย,25-34,False,B02,สีลม,2026-08-21,2026-08,081-xxx-4107,False,False,,0,0
C02910,ธนา,หญิง,25-34,False,B05,มหาวิทยาลัย,2026-07-14,2026-07,081-xxx-9893,False,False,,0,0
C02911,ภูมิ,หญิง,25-34,False,B03,อารีย์,2026-01-26,2026-01,089-xxx-9667,False,False,,0,0
C02912,เกศ,ชาย,25-34,False,B02,สีลม,2026-03-25,2026-03,087-xxx-5526,False,False,,0,0
C02913,ทิพย์,ชาย,25-34,False,B05,มหาวิทยาลัย,2025-07-08,2025-07,082-xxx-1307,False,True,2025-10-10,6,1166
C02914,ชนา,หญิง,18-24,False,B01,สยาม,2026-07-01,2026-07,083-xxx-5214,False,True,2026-07-08,1,145
C02915,พิม,ชาย,35-44,False,B02,สีลม,2026-03-05,2026-03,082-xxx-4896,False,True,2026-08-25,3,335
C02916,ปิยะ,หญิง,18-24,False,B01,สยาม,2025-07-01,2025-07,083-xxx-2823,False,True,2025-08-30,1,170
C02917,ธีร,ชาย,25-34,False,B02,สีลม,2025-06-04,2025-06,088-xxx-9453,False,True,2025-06-08,1,150
C02918,พิม,ชาย,35-44,False,B05,มหาวิทยาลัย,2026-01-07,2026-01,089-xxx-3438,False,True,2026-02-12,9,1464
C02919,วรรณ,หญิง,18-24,False,B04,บางนา,2026-01-29,2026-01,086-xxx-9485,False,True,2026-02-12,12,2006
C02920,รัตนา,หญิง,45-54,False,B05,มหาวิทยาลัย,2025-06-26,2025-06,084-xxx-7612,False,True,2025-10-02,7,990
C02921,รัตนา,หญิง,55+,False,B01,สยาม,2026-06-16,2026-06,081-xxx-2187,False,True,2026-06-24,2,125
C02922,ชนา,หญิง,25-34,False,B02,สีลม,2025-04-30,2025-04,085-xxx-4782,False,True,2025-05-11,12,1328
C02923,ณัฐ,ชาย,25-34,False,B01,สยาม,2025-05-08,2025-05,089-xxx-4583,False,True,2025-05-11,1,110
C02924,ธีร,ชาย,25-34,False,B01,สยาม,2025-05-07,2025-05,084-xxx-4916,False,True,2025-06-27,19,2338
C02925,ภัทร,หญิง,ต่ำกว่า 18,True,B02,สีลม,2025-12-31,2025-12,088-xxx-9575,False,True,2026-01-23,3,300
C02926,รัตนา,ชาย,25-34,False,B01,สยาม,2025-10-16,2025-10,088-xxx-5089,False,True,2025-10-18,2,350
C02927,กิตติ,ชาย,ต่ำกว่า 18,True,B01,สยาม,2025-08-25,2025-08,084-xxx-9270,False,True,2025-08-29,9,899
C02928,ธีร,หญิง,55+,False,B03,อารีย์,2026-06-06,2026-06,088-xxx-1649,True,False,,0,0
C02929,วรรณ,หญิง,18-24,False,B02,สีลม,2026-05-07,2026-05,081-xxx-7545,False,True,2026-05-29,2,135
C02930,กมล,หญิง,35-44,False,B04,บางนา,2025-11-01,2025-11,088-xxx-3408,False,True,2025-11-30,8,1210
C02931,ชนา,ชาย,ต่ำกว่า 18,True,B02,สีลม,2025-10-08,2025-10,083-xxx-8706,False,True,2025-11-10,9,1312
C02932,อรุณ,หญิง,45-54,False,B02,สีลม,2025-09-25,2025-09,081-xxx-2002,False,True,2025-10-22,4,475
C02933,วีระ,ชาย,ต่ำกว่า 18,True,B04,บางนา,2026-03-05,2026-03,086-xxx-6611,False,True,2026-03-05,4,420
C02934,สมชาย,หญิง,25-34,False,B05,มหาวิทยาลัย,2026-07-25,2026-07,085-xxx-8684,False,True,2026-07-26,2,310
C02935,สุดา,หญิง,18-24,False,B04,บางนา,2025-12-31,2025-12,081-xxx-1670,False,True,2026-01-26,8,1264
C02936,ชนา,ไม่ระบุ,25-34,False,B05,มหาวิทยาลัย,2026-04-04,2026-04,081-xxx-4415,False,True,2026-06-11,5,629
C02937,เกศ,ชาย,35-44,False,B04,บางนา,2026-02-23,2026-02,085-xxx-8246,False,True,2026-09-08,1,20
C02938,นภัส,หญิง,18-24,False,B03,อารีย์,2025-12-05,2025-12,086-xxx-8017,False,True,2025-12-05,14,1558
C02939,กมล,หญิง,18-24,False,B02,สีลม,2025-09-10,2025-09,087-xxx-5766,False,True,2025-09-14,28,4055
C02940,ปิยะ,ชาย,25-34,False,B02,สีลม,2025-11-12,2025-11,086-xxx-2850,False,True,2025-12-04,2,165
C02941,ณัฐ,ชาย,35-44,False,B02,สีลม,2026-08-28,2026-08,083-xxx-8225,False,False,,0,0
C02942,เกศ,ชาย,35-44,False,B01,สยาม,2026-02-19,2026-02,085-xxx-5599,False,True,2026-04-08,3,345
C02943,จิรา,ชาย,35-44,False,B03,อารีย์,2026-05-18,2026-05,084-xxx-4839,False,False,,0,0
C02944,สุดา,หญิง,35-44,False,B01,สยาม,2026-05-14,2026-05,089-xxx-6741,False,True,2026-05-25,6,608
C02945,นภัส,หญิง,45-54,False,B02,สีลม,2025-09-30,2025-09,083-xxx-7200,False,True,2025-12-12,4,393
C02946,จิรา,หญิง,25-34,False,B01,สยาม,2025-10-17,2025-10,085-xxx-6923,False,True,2025-11-08,1,160
C02947,อัญชลี,หญิง,25-34,False,B01,สยาม,2025-12-13,2025-12,085-xxx-3074,False,False,,0,0
C02948,กมล,หญิง,35-44,False,B01,สยาม,2026-02-07,2026-02,085-xxx-9615,False,True,2026-02-14,11,1380
C02949,มานพ,ชาย,25-34,False,B05,มหาวิทยาลัย,2026-01-29,2026-01,088-xxx-5743,False,True,2026-02-03,9,1064
C02950,ศิริ,ไม่ระบุ,25-34,False,B01,สยาม,2026-02-12,2026-02,087-xxx-3019,False,True,2026-03-17,4,851
C02951,ทิพย์,ชาย,25-34,False,B05,มหาวิทยาลัย,2025-06-30,2025-06,082-xxx-7534,False,True,2025-07-18,4,584
C02952,ชนา,หญิง,ต่ำกว่า 18,True,B05,มหาวิทยาลัย,2026-06-09,2026-06,086-xxx-3211,False,True,2026-07-16,3,245
C02953,ทิพย์,ชาย,45-54,False,B02,สีลม,2026-02-08,2026-02,085-xxx-8531,True,True,2026-03-23,5,809
C02954,นภัส,หญิง,25-34,False,B02,สีลม,2025-06-22,2025-06,086-xxx-1535,False,True,2025-07-03,13,1433
C02955,นภัส,ชาย,18-24,False,B03,อารีย์,2026-05-04,2026-05,089-xxx-7335,False,True,2026-06-03,4,465
C02956,ภูมิ,หญิง,45-54,False,B01,สยาม,2025-07-19,2025-07,089-xxx-2506,False,True,2025-08-30,11,1678
C02957,พิม,หญิง,35-44,False,B03,อารีย์,2026-01-03,2026-01,083-xxx-4143,False,True,2026-01-09,3,410
C02958,ปวีณ,หญิง,55+,False,B05,มหาวิทยาลัย,2025-04-18,2025-04,082-xxx-5185,False,True,2025-05-04,8,860
C02959,ศิริ,หญิง,18-24,False,B02,สีลม,2025-11-25,2025-11,084-xxx-1130,False,True,2025-11-28,8,1250
C02960,ธนา,ชาย,25-34,False,B05,มหาวิทยาลัย,2026-01-19,2026-01,088-xxx-7854,False,True,2026-01-31,3,310
C02961,ปวีณ,ชาย,18-24,False,B02,สีลม,2026-01-22,2026-01,083-xxx-9441,False,True,2026-02-26,5,690
C02962,ปิยะ,หญิง,25-34,False,B05,มหาวิทยาลัย,2025-08-13,2025-08,084-xxx-4895,False,True,2025-09-29,3,479
C02963,ชนา,หญิง,18-24,False,B04,บางนา,2026-04-25,2026-04,088-xxx-7141,False,True,2026-04-27,11,1765
C02964,อัญชลี,ชาย,18-24,False,B05,มหาวิทยาลัย,2026-02-25,2026-02,088-xxx-6591,False,True,2026-03-24,3,360
C02965,กิตติ,ชาย,25-34,False,B01,สยาม,2026-06-25,2026-06,086-xxx-9815,False,False,,0,0
C02966,ศิริ,ชาย,18-24,False,B03,อารีย์,2026-08-15,2026-08,088-xxx-4808,False,False,,0,0
C02967,สมชาย,ชาย,25-34,False,B03,อารีย์,2026-06-18,2026-06,086-xxx-6398,False,True,2026-07-18,1,85
C02968,กิตติ,ชาย,25-34,False,B05,มหาวิทยาลัย,2025-08-09,2025-08,087-xxx-7059,False,True,2025-09-25,13,1638
C02969,อัญชลี,ชาย,55+,False,B05,มหาวิทยาลัย,2025-12-07,2025-12,087-xxx-3879,False,True,2025-12-25,1,310
C02970,ธนา,หญิง,25-34,False,B04,บางนา,2026-08-23,2026-08,088-xxx-6285,False,False,,0,0
C02971,ปวีณ,ไม่ระบุ,18-24,False,B05,มหาวิทยาลัย,2025-05-22,2025-05,086-xxx-3546,False,False,,0,0
C02972,สมชาย,หญิง,18-24,False,B05,มหาวิทยาลัย,2026-02-23,2026-02,085-xxx-8364,False,True,2026-03-18,5,793
C02973,สุดา,หญิง,35-44,False,B01,สยาม,2025-09-15,2025-09,082-xxx-4444,False,True,2025-10-14,1,75
C02974,รัตนา,ชาย,35-44,False,B05,มหาวิทยาลัย,2026-04-30,2026-04,081-xxx-9545,False,False,,0,0
C02975,จิรา,ชาย,25-34,False,B01,สยาม,2026-03-09,2026-03,085-xxx-1088,True,True,2026-03-10,8,849
C02976,ภัทร,ชาย,35-44,False,B02,สีลม,2025-08-20,2025-08,084-xxx-6408,False,True,2025-09-01,3,480
C02977,สมชาย,ชาย,25-34,False,B04,บางนา,2026-08-19,2026-08,087-xxx-6186,False,False,,0,0
C02978,จิรา,หญิง,55+,False,B04,บางนา,2026-05-22,2026-05,086-xxx-8060,False,True,2026-06-06,1,115
C02979,อัญชลี,ชาย,55+,False,B05,มหาวิทยาลัย,2025-08-25,2025-08,081-xxx-2533,False,True,2025-09-03,4,530
C02980,พิม,ชาย,45-54,False,B05,มหาวิทยาลัย,2025-04-04,2025-04,086-xxx-7735,False,True,2025-06-03,10,1372
C02981,มานพ,หญิง,25-34,False,B05,มหาวิทยาลัย,2025-07-31,2025-07,083-xxx-1137,False,True,2025-08-29,9,900
C02982,นภัส,ชาย,18-24,False,B03,อารีย์,2026-08-12,2026-08,088-xxx-6520,False,False,,0,0
C02983,ปิยะ,หญิง,25-34,False,B04,บางนา,2025-11-16,2025-11,083-xxx-7897,False,True,2025-11-24,7,995
C02984,ปิยะ,หญิง,35-44,False,B05,มหาวิทยาลัย,2026-05-17,2026-05,085-xxx-1763,False,False,,0,0
C02985,มานพ,หญิง,25-34,False,B02,สีลม,2026-05-06,2026-05,088-xxx-3731,False,True,2026-09-12,1,60
C02986,ปิยะ,หญิง,35-44,False,B01,สยาม,2025-08-14,2025-08,083-xxx-9417,False,True,2025-10-21,2,359
C02987,ชนา,หญิง,18-24,False,B02,สีลม,2025-08-20,2025-08,088-xxx-8346,False,True,2025-08-25,12,1515
C02988,วีระ,หญิง,25-34,False,B04,บางนา,2026-05-13,2026-05,084-xxx-7721,False,True,2026-08-28,1,665
C02989,วีระ,ชาย,ต่ำกว่า 18,True,B01,สยาม,2026-05-03,2026-05,085-xxx-9841,False,True,2026-05-25,2,175
C02990,วีระ,หญิง,25-34,False,B04,บางนา,2026-09-14,2026-09,088-xxx-3366,False,True,2026-09-15,1,140
C02991,นภัส,หญิง,18-24,False,B02,สีลม,2026-07-27,2026-07,089-xxx-4510,False,False,,0,0
C02992,สมชาย,หญิง,18-24,False,B05,มหาวิทยาลัย,2026-04-30,2026-04,084-xxx-1665,False,True,2026-08-18,2,160
C02993,กมล,ชาย,35-44,False,B02,สีลม,2025-11-09,2025-11,088-xxx-1093,False,True,2025-11-30,9,1400
C02994,มานพ,ชาย,35-44,False,B01,สยาม,2025-04-25,2025-04,084-xxx-7939,False,True,2025-04-29,25,3171
C02995,ภัทร,หญิง,35-44,False,B01,สยาม,2025-04-06,2025-04,087-xxx-4141,False,False,,0,0
C02996,จิรา,ชาย,25-34,False,B04,บางนา,2025-12-09,2025-12,087-xxx-8495,False,True,2025-12-09,5,655
C02997,อัญชลี,ชาย,25-34,False,B01,สยาม,2026-05-12,2026-05,087-xxx-5634,False,True,2026-06-03,2,305
C02998,รัตนา,ชาย,ต่ำกว่า 18,True,B02,สีลม,2026-09-11,2026-09,086-xxx-6196,False,True,2026-09-17,1,110
C02999,สุดา,หญิง,18-24,False,B01,สยาม,2025-09-16,2025-09,083-xxx-9584,False,True,2025-09-21,14,2202
C03000,กิตติ,ชาย,55+,False,B05,มหาวิทยาลัย,2026-06-07,2026-06,088-xxx-8983,False,True,2026-07-03,5,550
